id_post,id_user,user,time,comment,url,reactions
1185014,2159356,vin-phan,"Dec 17, 2025 at 5:32 PM","Sau không biết bao nhiêu cái mail đến Sộp pe hỗ trợ hỏi về đơn thì cuối cùng em nó cũng về tới. Tận 7 ngày để trên tay. Đỉnh cao Sộp pe Ịt Rét




Phải nói trải nghiệm mở hộp mấy flagship Trung Quốc không làm thất vọng, hơn hẳn nhà Sam cái hộp bé tí, hộp to dày, nhìn sang. Bên trong đủ phụ kiện nữa




Duy nhất ảnh hộp chụp bằng X300, mấy ảnh còn lại chụp bằng Tecno Spark 40 Pro nên hơi lỏ. Thông cảm, mới bán cái S25 nên hình ảnh tệ chứ ngoài đẹp




Bản mình mua là màu hồng, đẹp hơn mong đợi. Nhìn nhiều video review thì chính hãng về 2 màu xám và hồng. Màu hồng này thiên hướng trắng hồng ngọc trai, Unisex, có thêm viền camera 7 sắc cầu vồng nữa. Chụp với điều kiện ánh sáng trong nhà đã vậy, đem ra tí nắng là đẹp phết luôn á. Lấp lánh lấp lánh




Màu này mua cho mẹ, bạn gái, hay lâu lâu đổi gió thay vì xám, đen cũng hợp. Chắc kèo là không nữ tính đâu  




Giao diện cũng cơ bản, app cài thêm vào hơi nhiều, 1 đống app Google, Netflix, Capcut, Agoda, Facebook, Insta, LikedIn, etc. Không có app Trung Quốc nào nhé, do máy chính hãng, nhưng số lượng app trên thì cũng bán bia kèm lạc kha khá đấy




Màn hình có độ tương phản cao (do camera chụp lỏ thôi), chứ màu ngoài sáng, nét nhé. Đánh giá cái màn này 8/10 về độ tương phản và màu




So với S25 mình từng xài thì cá nhân mình vẫn thích độ rực màu của S25 hơn. S25 các màu xanh đỏ nó tươi lắm, nhìn nịn mắt mặc dù không biết có phải chính xác màu không nữa.




Bài này mình chủ yếu show ngoại quan, phụ kiện đi kèm, đánh giá sơ bộ thôi. Test thực tế thì cần phải có thời gian mới đánh giá chính xác được phần mềm




Cục sạc kèm theo to, nặng, củ và dây màu trắng cho sạc nhanh. Tuy nhiên mình chê cái thiết kế USB và Type C như cái dây và củ này, đổi sang 2 đầu type C như bên Sam mình thấy tiện hơn nhiều
Mình dùng Cuktech Ultra 30 trạm sạc thì cắm các cổng Type C hay USB đều không nhận sạc nhanh. Tìm hiểu mới biết Vivo nó chuẩn sạc FlashCharge, Cuktech hay Sam là PD. Nên Vivo nó cho max 10W. Cắm cổng 3 trên trạm sạc chuẩn UFCS thì nó lên được tầm 2xW như hình. Này yên tâm nếu bạn dùng củ sạc đi kèm thì chắc chắn sẽ nhận sạc tốc độ tối đa thôi. Tại thích dồn vào một trạm sạc, đỡ cắm cả đống củ sạc nên mình tận dụng luôn. Nhưng chắc phải mua thêm cái dây type c to type c mới chứ dây sạc sẵn kèm hộp như mình nói, đầu USB-TypeC, chán!",https://voz.vn/t/review-nhanh-tren-tay-vivo-x300-chinh-hang.1185014/,
1185014,2159356,vin-phan,"Dec 17, 2025 at 5:54 PM","Đặt trên bàn bị nhô lên 1 khúc mất cân xứng giữa đầu và phần dưới do cam lồi. Tuy nhiên nó không bập bênh như S25
Máy khá nặng, như 1 con S25+ thu nhỏ. Cảm giác cầm nắm không nhẹ và thoải mái như S25",https://voz.vn/t/review-nhanh-tren-tay-vivo-x300-chinh-hang.1185014/,
1185014,1768589,konstantinos,"Dec 17, 2025 at 7:23 PM",Em này bác mua nhiu ?,https://voz.vn/t/review-nhanh-tren-tay-vivo-x300-chinh-hang.1185014/,
1185014,1715883,yeeyeeasss,"Dec 17, 2025 at 9:43 PM","Mới đổi từ S25 sang con này y chang thớt. 20.5 ở tgdd. Đêm đầu có miss thông báo zalo nhưng mà h hết rồi 

Tùy biến ko bằng one ui. Origin os tụi nó cố copy giống ios quá, cảm giác như đang cầm 16 pro phiên bản china. Cái đảo origin nó còn bị lẹm vô app nhìn quá ngu. 

Còn lại thì thôi, cấu hình ngon, chạy mượt, mát, sạc nhanh, pin trâu do m ko game. Nhiu đó đủ ăn S25. Con S25 đc cái cầm nắm sướng hơn con này + one ui bớt lỏ hơn.

 


Attachments








Screenshot_2025_1217_210556.webp

					10.2 KB
					
					· Views: 26",https://voz.vn/t/review-nhanh-tren-tay-vivo-x300-chinh-hang.1185014/,
1185014,2158295,trungbinh_nguoidung,"Dec 17, 2025 at 10:47 PM","yeeyeeasss said:



			Mới đổi từ S25 sang con này y chang thớt. 20.5 ở tgdd. Đêm đầu có miss thông báo zalo nhưng mà h hết rồi 

Tùy biến ko bằng one ui. Origin os tụi nó cố copy giống ios quá, cảm giác như đang cầm 16 pro phiên bản china. Cái đảo origin nó còn bị lẹm vô app nhìn quá ngu.

Còn lại thì thôi, cấu hình ngon, chạy mượt, mát, sạc nhanh, pin trâu do m ko game. Nhiu đó đủ ăn S25. Con S25 đc cái cầm nắm sướng hơn con này + one ui bớt lỏ hơn.
		
Click to expand...

màn con này với s25 thì mấy điểm hả fen? xét về độ trong và tương phản nổi khối thôi chứ màu thì bọn sam auto rực hơn rồi.",https://voz.vn/t/review-nhanh-tren-tay-vivo-x300-chinh-hang.1185014/,
1185014,1715883,yeeyeeasss,"Dec 18, 2025 at 12:34 AM","trungbinh_nguoidung said:



			màn con này với s25 thì mấy điểm hả fen? xét về độ trong và tương phản nổi khối thôi chứ màu thì bọn sam auto rực hơn rồi.
		
Click to expand...

Tầm 8.5-9/10 so vs S25  Đặt cạnh nhau thì S25 tương phản rõ hơn, vs lại X300 hơi đục.",https://voz.vn/t/review-nhanh-tren-tay-vivo-x300-chinh-hang.1185014/,
1185014,1077287,buctrongnguoi,"Dec 18, 2025 at 7:17 AM",Review mà cái giá không thèm nói đến. Mất công đọc,https://voz.vn/t/review-nhanh-tren-tay-vivo-x300-chinh-hang.1185014/,
1185014,652249,anhbx1992,"Dec 18, 2025 at 2:13 PM","Cái sạc Anker 45W mua ở thế giới đùi đẹp cũng lên được FastCharge nha thím, nhưng mà củ 45W nên không nhanh bằng củ zin của nó được.

Một cái mình không thích ở cái máy này là cái dot notification của nó không bỏ qua được ngay từ thanh notification. Còn lại chưa thấy vấn đề gì.",https://voz.vn/t/review-nhanh-tren-tay-vivo-x300-chinh-hang.1185014/,
1185014,2159356,vin-phan,"Dec 19, 2025 at 3:13 PM",Qua vài ngày sử dụng thì X300 nó trâu vãi. Pin nó hơn con S25 cũ xài nhiều. Giờ ngày nào không livestream thì xác định xài từ sáng đến tối trước khi đi ngủ mới phải cắm sạc,https://voz.vn/t/review-nhanh-tren-tay-vivo-x300-chinh-hang.1185014/,
1185014,1778639,Joker NA,"Dec 19, 2025 at 4:59 PM","Vivo làm quả hộp lực thật sự, dày cộp, đầm. Ko bù cho Oppo hộp mỏng te như dòng lùi xùi.
Bác chủ thấy Origins quốc tế này khác nhiều với nội địa không?",https://voz.vn/t/review-nhanh-tren-tay-vivo-x300-chinh-hang.1185014/,
1185014,2159356,vin-phan,"Dec 19, 2025 at 6:54 PM","Joker NA said:



			Vivo làm quả hộp lực thật sự, dày cộp, đầm. Ko bù cho Oppo hộp mỏng te như dòng lùi xùi.
Bác chủ thấy Origins quốc tế này khác nhiều với nội địa không?
		
Click to expand...

Bằng hộp Samsung không bác, cầm cái hộp dòng flagship Samsung chán, nó đúng chỉ là 1 cái hộp chứa 1 cái điện thoại và 1 cọng cáp",https://voz.vn/t/review-nhanh-tren-tay-vivo-x300-chinh-hang.1185014/,
1185014,1680544,Hai Mùa Mưa,"Dec 23, 2025 at 11:44 AM","loa con này có cải thiện so với x200pro mini đúng ko nhỉ, loa con mini nghe như đấm vào tai",https://voz.vn/t/review-nhanh-tren-tay-vivo-x300-chinh-hang.1185014/,
1185014,652249,anhbx1992,"Dec 23, 2025 at 2:08 PM","Chưa dùng vivo bao giờ nhưng loa con này như đấm vào tai nhé. 


Hai Mùa Mưa said:



			loa con này có cải thiện so với x200pro mini đúng ko nhỉ, loa con mini nghe như đấm vào tai
		
Click to expand...",https://voz.vn/t/review-nhanh-tren-tay-vivo-x300-chinh-hang.1185014/,
1185014,672967,bonmatpro,"Dec 23, 2025 at 4:58 PM","vin-phan said:



			Bằng hộp Samsung không bác, cầm cái hộp dòng flagship Samsung chán, nó đúng chỉ là 1 cái hộp chứa 1 cái điện thoại và 1 cọng cáp 

Click to expand...

Vậy bác chưa thấy cái hộp Sony Đại Đế rồi, nó còn làm bằng giấy tái chế cơ. 

 


Attachments








FB_IMG_1766483976815.webp

					122.6 KB
					
					· Views: 26
					
				










FB_IMG_1766483968655.webp

					76.2 KB
					
					· Views: 30",https://voz.vn/t/review-nhanh-tren-tay-vivo-x300-chinh-hang.1185014/,
1185014,1970912,Cà Là Tê,"Dec 23, 2025 at 7:08 PM","bonmatpro said:



			Vậy bác chưa thấy cái hộp Sony Đại Đế rồi, nó còn làm bằng giấy tái chế cơ. 

Click to expand...

tím mắm tôm đẹp",https://voz.vn/t/review-nhanh-tren-tay-vivo-x300-chinh-hang.1185014/,
1185014,1653445,lmcuong4u,"Dec 24, 2025 at 3:49 PM","vin-phan said:



			Bằng hộp Samsung không bác, cầm cái hộp dòng flagship Samsung chán, nó đúng chỉ là 1 cái hộp chứa 1 cái điện thoại và 1 cọng cáp 

Click to expand...

Phiền bác chủ cho hỏi cuộc gọi Zalo đến có thông báo và rung bình thường không?",https://voz.vn/t/review-nhanh-tren-tay-vivo-x300-chinh-hang.1185014/,
1185014,2159356,vin-phan,"Dec 24, 2025 at 4:50 PM","lmcuong4u said:



			Phiền bác chủ cho hỏi cuộc gọi Zalo đến có thông báo và rung bình thường không?
		
Click to expand...

ok",https://voz.vn/t/review-nhanh-tren-tay-vivo-x300-chinh-hang.1185014/,
1185014,2167939,9K720 Iskander,"Dec 24, 2025 at 5:22 PM",thằng vivo này muốn ra ngoài có sạc nhanh thì sắm con lenovo cc140 ấy,https://voz.vn/t/review-nhanh-tren-tay-vivo-x300-chinh-hang.1185014/,
1185014,212652,ryu,"Jan 8, 2026 at 9:21 AM","Có sẵn Vivo X300 Pro Chính Hãng rẻ nhất Hà Nội, mới nguyên Seal
					

HungMobile - Địa chỉ bán Vivo X300 Pro Chính Hãng mới nhất 2025, giá rẻ nhất Hà Nội. Máy mới nguyên Seal xịn, Bh 24 tháng. Mua Vivo X300 Pro Chính Hãng trả góp LS 0%. Giá Vivo X300 Pro Chính Hãng 256GB.




					hungmobile.vn
				



Ai biết về bên này cho hỏi sao bên này bán máy chính hãng rẻ hơn TGDD nhiều thế nhỉ (29tr vs 33tr)
Tưởng Vivo X300 series chỉ bán độc quyền ở TGDĐ mà nhỉ ?",https://voz.vn/t/review-nhanh-tren-tay-vivo-x300-chinh-hang.1185014/,
1185014,1257993,Gaoranger.YOLO,"Jan 8, 2026 at 10:55 AM","ryu said:











						Có sẵn Vivo X300 Pro Chính Hãng rẻ nhất Hà Nội, mới nguyên Seal
					

HungMobile - Địa chỉ bán Vivo X300 Pro Chính Hãng mới nhất 2025, giá rẻ nhất Hà Nội. Máy mới nguyên Seal xịn, Bh 24 tháng. Mua Vivo X300 Pro Chính Hãng trả góp LS 0%. Giá Vivo X300 Pro Chính Hãng 256GB.




					hungmobile.vn
				



Ai biết về bên này cho hỏi sao bên này bán máy chính hãng rẻ hơn TGDD nhiều thế nhỉ (29tr vs 33tr)
Tưởng Vivo X300 series chỉ bán độc quyền ở TGDĐ mà nhỉ ?
		
Click to expand...

Để giá chưa chắc có hàng đâu bác, thương lái kiểu gì cũng có nguồn thôi",https://voz.vn/t/review-nhanh-tren-tay-vivo-x300-chinh-hang.1185014/,
1185014,1382959,hunghxist,"Jan 25, 2026 at 11:51 PM",Sau khi coi bài này thì chắc là vẫn dùng s23 thôi,https://voz.vn/t/review-nhanh-tren-tay-vivo-x300-chinh-hang.1185014/page-2,Ưng (1)
1185014,1689579,vietcong8,"Apr 29, 2026 at 10:17 AM","ryu said:











						Có sẵn Vivo X300 Pro Chính Hãng rẻ nhất Hà Nội, mới nguyên Seal
					

HungMobile - Địa chỉ bán Vivo X300 Pro Chính Hãng mới nhất 2025, giá rẻ nhất Hà Nội. Máy mới nguyên Seal xịn, Bh 24 tháng. Mua Vivo X300 Pro Chính Hãng trả góp LS 0%. Giá Vivo X300 Pro Chính Hãng 256GB.




					hungmobile.vn
				



Ai biết về bên này cho hỏi sao bên này bán máy chính hãng rẻ hơn TGDD nhiều thế nhỉ (29tr vs 33tr)
Tưởng Vivo X300 series chỉ bán độc quyền ở TGDĐ mà nhỉ ?
		
Click to expand...

Bọn này bác tin làm gì bác",https://voz.vn/t/review-nhanh-tren-tay-vivo-x300-chinh-hang.1185014/page-2,
1191648,1241852,INTEL_NO1,"Jan 3, 2026 at 2:27 PM","Mới đổi em  máy rửa bát LG Quadwash TrueSteam màu đen LDT14BLA4 mua trên shopee, bản có TrueSteam là có 4 vòi hơi nước màu vàng ở cánh cửa giá khoảng hơn 13 triệu thôi, bản ko có TrueSteam thì giá chỉ tầm khoảng 11.2 mình mua trên shopee hôm 1-1-2026
Máy rửa bát LG Quadwash TrueSteam LDT14BLA4 là mẫu máy rửa bát độc lập cao cấp nhất của LG tính đến năm 2024-2025 tại thị trường Việt Nam. Với tông màu đen nhám (Matte Black) sang trọng, đây không chỉ là thiết bị gia dụng mà còn là điểm nhấn thẩm mỹ cho căn bếp hiện đại.

Dưới đây là review chi tiết để bạn có cái nhìn khách quan trước khi xuống tiền:

1. Thông số kỹ thuật ấn tượng​
Dung tích: 14 bộ đồ ăn châu Âu (tương đương 3 - 4 bữa ăn của gia đình Việt 4-6 người).
Lượng nước tiêu thụ: Khoảng 9.6 lít/lần rửa (rất tiết kiệm so với rửa tay).
Độ ồn: 41 dB (cực kỳ yên tĩnh, chỉ như tiếng thì thầm).
Động cơ: Inverter Direct Drive (truyền động trực tiếp) giúp máy bền và êm hơn các dòng dùng dây curoa.
2. Những ""vũ khí"" công nghệ đáng tiền​
TrueSteam (Hơi nước nóng): Đây là điểm cộng lớn nhất. Máy sử dụng hơi nước ở nhiệt độ cao để làm mềm các vết bẩn khô cứng (như cơm cháy, sốt đặc) và diệt khuẩn đến 99.9%. Đặc biệt, hơi nước giúp bát đĩa thủy tinh sạch bong, không bị vệt nước sau khi khô.
QuadWash (4 tay phun): Khác với các máy truyền động 2 tay phun thông thường, LG có 4 tay phun đa hướng, trong đó có 2 tay có thể xoay ngược chiều để đưa tia nước vào mọi ngóc ngách của nồi chảo.
Hệ thống khay SmartRack™ Plus: Các ngăn có thể gập linh hoạt, khay trên điều chỉnh được 3 mức độ cao để bạn dễ dàng xếp nồi to hoặc ly rượu vang cao.
Sấy hé cửa tự động: Sau khi kết thúc chu trình, cửa sẽ tự bật ra một khoảng nhỏ để hơi ẩm thoát ra ngoài, giúp bát đĩa khô tự nhiên và không bị ám mùi.
Mình thích máy này ở điểm.



Khi tráng ở bước cuối nó có thể tráng nhiều nước để sạch hơn. máy có lúc rửa tuỳ chọn sẽ rửa khá nhiều nước khoảng 20 lít. rửa nhiều nước hơn mình thấy yên tâm hơn so với rửa ít nước.
Tay quay nhiều và lỗ dày đặc giảm thiểu điểm chết các tia nước bắn tới bát đũa.
TrueSteam (Hơi nước nóng) mình thấy chức năng này rất hữu ích, mình đã dùng chức năng này nhiều khi dùng máy giặt cũng của Lg.
Giá nâng hạ độ cao với nút bấm rất đơn giản.
Bảng điều khiển tiếng việt hoàn toàn, có App Lg Thinkq kết nối, sẽ biết khi nào cần vệ sinh máy.
Lực nước xịt mạnh, mình có để ý mấy hôm nay bát mà để ko đè lên nhau nó bị bật lại.

Chê máy.


2 hông bên sườn các tấm ốp kim loại không chắc chắn lắm, hơi bùng nhùng. nhưng nếu để hộc âm tủ thì điều này ko có vấn đề gì quan trọng.
Chế độ hoạt đông có bật truesteam hơi ồn, chắc do nó thổi hơi nước qua 4 cái lỗ nên nghe thấy tiếng xì xì.
Chê khay xếp đũa trên cùng ức chế vì khó xếp đũa do mình dùng đũa sứ, và đũa tre dài hơn 24 cm nên bị dài so với khay nó chia hơi ngu, chỉ phù hợp dùng với đũa inox, vài dao dĩa.
Ngàm cửa của máy giống kiểu ngàm của máy giặt thấy đóng mở ra rất nhẹ nhàng dùng 1 ngón tay út mở nhẹ hay đóng vào cũng rất đơn giản. Nhưng mình chỉ sợ nó bị hỏng nhìn hơi yếu cái ngàm cửa này.
Tay quay hơi phức tạp sợ khó vệ sinh. khó tháo ra do mình chưa nghiên cứu.
Khó xếp bát đũa hơn máy 15 bộ mình đang dùng. cảm thấy chật hơn vì nó là 14 bộ.



























 



			
				Last edited: Jan 6, 2026",https://voz.vn/t/review-may-rua-bat-lg-quadwash-truesteam-mau-den-ldt14bla4-mua-tren-shopee-gia-hon-13-trieu.1191648/,
1191648,1241852,INTEL_NO1,"Jan 3, 2026 at 2:27 PM","Máy đi kèm 5 roăng phụ, và 1 gói giấy quấn chống ồn.

 


Attachments








1 (1).webp

					184.2 KB
					
					· Views: 28
					
				










1 (2).webp

					197.9 KB
					
					· Views: 26
					
				










1 (3).webp

					359.5 KB
					
					· Views: 39
					
				










1 (4).webp

					242.8 KB
					
					· Views: 29
					
				










1 (5).webp

					245.7 KB
					
					· Views: 30
					
				










1 (6).webp

					277.4 KB
					
					· Views: 28
					
				










1 (7).webp

					126.7 KB
					
					· Views: 55
					
				










1 (8).webp

					212.1 KB
					
					· Views: 32
					
				










1 (9).webp

					138.1 KB
					
					· Views: 30
					
				










1 (10).webp

					317.5 KB
					
					· Views: 31
					
				







			
				Last edited: Jan 3, 2026",https://voz.vn/t/review-may-rua-bat-lg-quadwash-truesteam-mau-den-ldt14bla4-mua-tren-shopee-gia-hon-13-trieu.1191648/,
1191648,1241852,INTEL_NO1,"Jan 3, 2026 at 2:27 PM","giữ chỗ.

 


Attachments








1 (11).webp

					360 KB
					
					· Views: 31
					
				










1 (13).webp

					131.9 KB
					
					· Views: 26
					
				










1 (14).webp

					288 KB
					
					· Views: 27
					
				










1 (15).webp

					260.6 KB
					
					· Views: 29
					
				










1 (17).webp

					236.8 KB
					
					· Views: 25
					
				










1 (18).webp

					621.3 KB
					
					· Views: 30
					
				










1 (19).webp

					383.1 KB
					
					· Views: 23
					
				










1 (20).webp

					369.3 KB
					
					· Views: 29
					
				










1 (21).webp

					362.4 KB
					
					· Views: 27
					
				










1 (22).webp

					283.4 KB
					
					· Views: 27",https://voz.vn/t/review-may-rua-bat-lg-quadwash-truesteam-mau-den-ldt14bla4-mua-tren-shopee-gia-hon-13-trieu.1191648/,
1191648,1241852,INTEL_NO1,"Jan 3, 2026 at 2:28 PM","Các model LDT là có Truesteam, giá màu xám bạc < màu đen < màu be đắt nhất có bảng điều khiển âm trên mặt đứng của máy. Áp mã chỉ hơn 13 triệu. Model LDN không có Truesteam giá rẻ nhất, áp mã ngày có mã chỉ tầm hơn 11 triệu.







 


Attachments








1 (23).webp

					223.3 KB
					
					· Views: 26
					
				










1 (24).webp

					279.3 KB
					
					· Views: 20
					
				










1 (25).webp

					219 KB
					
					· Views: 25
					
				










1 (26).webp

					94.5 KB
					
					· Views: 27
					
				










1 (27).webp

					35.4 KB
					
					· Views: 26
					
				










1 (28).webp

					48.1 KB
					
					· Views: 26
					
				










1000003183.webp

					172.1 KB
					
					· Views: 25
					
				







			
				Last edited: Jan 4, 2026",https://voz.vn/t/review-may-rua-bat-lg-quadwash-truesteam-mau-den-ldt14bla4-mua-tren-shopee-gia-hon-13-trieu.1191648/,
1191648,297428,hoangelec,"Jan 3, 2026 at 10:19 PM","Hóng rờ-viu chính thức, iem cũng đang lăn tăn con này.",https://voz.vn/t/review-may-rua-bat-lg-quadwash-truesteam-mau-den-ldt14bla4-mua-tren-shopee-gia-hon-13-trieu.1191648/,
1191648,561637,hungnguyen87,"Jan 3, 2026 at 10:34 PM","ô đệch, năm ngoái mua 17 củ hơn",https://voz.vn/t/review-may-rua-bat-lg-quadwash-truesteam-mau-den-ldt14bla4-mua-tren-shopee-gia-hon-13-trieu.1191648/,
1191648,1943286,AHYEON,"Jan 3, 2026 at 11:28 PM",Seeder,https://voz.vn/t/review-may-rua-bat-lg-quadwash-truesteam-mau-den-ldt14bla4-mua-tren-shopee-gia-hon-13-trieu.1191648/,
1191648,2176854,mattmax,"Jan 3, 2026 at 11:47 PM",Đồ hàn rửa ngon k ae. Chứ k tin bọn lg ss lắm,https://voz.vn/t/review-may-rua-bat-lg-quadwash-truesteam-mau-den-ldt14bla4-mua-tren-shopee-gia-hon-13-trieu.1191648/,
1191648,1176559,tung302tmd,"Jan 3, 2026 at 11:47 PM","con này tầm 15tr, hơi khó khi gặp bosch series 4 model mới có hé cửa, giá 13tr phải ai cũng muađược mếuđâu, mà tụi shopee nó chỉ giao chứđâu có ráp",https://voz.vn/t/review-may-rua-bat-lg-quadwash-truesteam-mau-den-ldt14bla4-mua-tren-shopee-gia-hon-13-trieu.1191648/,
1191648,1627865,Han sara,"Jan 4, 2026 at 2:21 AM",Tháng 11 tôi mua sale shopee 14 củ. Giá giảm hơn tụt quần,https://voz.vn/t/review-may-rua-bat-lg-quadwash-truesteam-mau-den-ldt14bla4-mua-tren-shopee-gia-hon-13-trieu.1191648/,
1191648,1241852,INTEL_NO1,"Jan 4, 2026 at 10:13 AM","Han sara said:



			Tháng 11 tôi mua sale shopee 14 củ. Giá giảm hơn tụt quần
		
Click to expand...

bác mua bản có TrueSteam  chứ.",https://voz.vn/t/review-may-rua-bat-lg-quadwash-truesteam-mau-den-ldt14bla4-mua-tren-shopee-gia-hon-13-trieu.1191648/,
1191648,1241852,INTEL_NO1,"Jan 4, 2026 at 10:14 AM","Han sara said:



			Tháng 11 tôi mua sale shopee 14 củ. Giá giảm hơn tụt quần
		
Click to expand...

chẳng qua nó có mã thôi bác à. giá niêm yết vẫn hơn 17 nhưng có mã giảm 24 25% hôm 1-1 nên mình mới mua.",https://voz.vn/t/review-may-rua-bat-lg-quadwash-truesteam-mau-den-ldt14bla4-mua-tren-shopee-gia-hon-13-trieu.1191648/,
1191648,1241852,INTEL_NO1,"Jan 4, 2026 at 10:16 AM","tung302tmd said:



			con này tầm 15tr, hơi khó khi gặp bosch series 4 model mới có hé cửa, giá 13tr phải ai cũng muađược mếuđâu, mà tụi shopee nó chỉ giao chứđâu có ráp
		
Click to expand...

nó ráp đó bác e mua bên siêu thị điện máy có shop trên shopee, mình muốn lắm nó lắp cho ngay thôi. mình chẳng qua thay con máy cũ nên ko phải lắp.",https://voz.vn/t/review-may-rua-bat-lg-quadwash-truesteam-mau-den-ldt14bla4-mua-tren-shopee-gia-hon-13-trieu.1191648/,
1191648,1241852,INTEL_NO1,"Jan 4, 2026 at 11:52 AM","tung302tmd said:



			con này tầm 15tr, hơi khó khi gặp bosch series 4 model mới có hé cửa, giá 13tr phải ai cũng muađược mếuđâu, mà tụi shopee nó chỉ giao chứđâu có ráp
		
Click to expand...

Hôm nay mua mình vẫn thấy có giảm còn 13.2 mình dùng nick kim cương và có shopee Vip",https://voz.vn/t/review-may-rua-bat-lg-quadwash-truesteam-mau-den-ldt14bla4-mua-tren-shopee-gia-hon-13-trieu.1191648/,
1191648,1435175,canguvang1098,"Jan 4, 2026 at 2:21 PM","tung302tmd said:



			con này tầm 15tr, hơi khó khi gặp bosch series 4 model mới có hé cửa, giá 13tr phải ai cũng muađược mếuđâu, mà tụi shopee nó chỉ giao chứđâu có ráp
		
Click to expand...




INTEL_NO1 said:



			Hôm nay mua mình vẫn thấy có giảm còn 13.2 mình dùng nick kim cương và có shopee Vip
		
Click to expand...

con lg này có bán gói bảo hành mở rộng 5 năm ko các bác nhỉ,hic?",https://voz.vn/t/review-may-rua-bat-lg-quadwash-truesteam-mau-den-ldt14bla4-mua-tren-shopee-gia-hon-13-trieu.1191648/,
1191648,1241852,INTEL_NO1,"Jan 4, 2026 at 2:39 PM","canguvang1098 said:



			con lg này có bán gói bảo hành mở rộng 5 năm ko các bác nhỉ,hic?
		
Click to expand...

Ko bác à. Nó bảo hành 2 năm máy, và 10 năm động cơ",https://voz.vn/t/review-may-rua-bat-lg-quadwash-truesteam-mau-den-ldt14bla4-mua-tren-shopee-gia-hon-13-trieu.1191648/,
1191648,99919,hieuthao,"Jan 4, 2026 at 3:29 PM","hé cửa là không có sấy nhỉ? hay sấy sau đó hé cửa? hay vừa sấy vừa hé cửa?
máy của mình sấy khí nóng thấy ổn, chả biết hé cửa thì hơn gì",https://voz.vn/t/review-may-rua-bat-lg-quadwash-truesteam-mau-den-ldt14bla4-mua-tren-shopee-gia-hon-13-trieu.1191648/,
1191648,1825381,henjken2,"Jan 4, 2026 at 3:56 PM","Ko biết sao chứ nhìn bảng điều khiển con này nó rối rối nhỉ, hay do mình quen nhìn bảng  điều khiển của con bosch nên mới thấy vậy!",https://voz.vn/t/review-may-rua-bat-lg-quadwash-truesteam-mau-den-ldt14bla4-mua-tren-shopee-gia-hon-13-trieu.1191648/,
1191648,1241852,INTEL_NO1,"Jan 4, 2026 at 6:07 PM","hieuthao said:



			hé cửa là không có sấy nhỉ? hay sấy sau đó hé cửa? hay vừa sấy vừa hé cửa?
máy của mình sấy khí nóng thấy ổn, chả biết hé cửa thì hơn gì
		
Click to expand...

Bành điều khiển nó có ghi cả chữ tiếng việt nên nhìn vậy, chứ nếu để biểu tượng hay tiênga anh nhìn nó gọn hơn. Nó để chi tiết từng chức năng nên nhìn như vậy.",https://voz.vn/t/review-may-rua-bat-lg-quadwash-truesteam-mau-den-ldt14bla4-mua-tren-shopee-gia-hon-13-trieu.1191648/,
1191648,1241852,INTEL_NO1,"Jan 4, 2026 at 6:08 PM","hieuthao said:



			hé cửa là không có sấy nhỉ? hay sấy sau đó hé cửa? hay vừa sấy vừa hé cửa?
máy của mình sấy khí nóng thấy ổn, chả biết hé cửa thì hơn gì
		
Click to expand...

Con này hé cửa bay hơi bác nhé.  Chứ kô sấy như máy sấy tóc.",https://voz.vn/t/review-may-rua-bat-lg-quadwash-truesteam-mau-den-ldt14bla4-mua-tren-shopee-gia-hon-13-trieu.1191648/,
1191648,1029833,Giam_Doc_Lo_Gach,"Jan 4, 2026 at 10:35 PM","Mình mới lấy máy màu đen bóng, cũng có truesteam nhưng rẻ hơn các màu kia 1tr. Đang được tặng 1 LVS LG.
Ưu điểm như thớt nói, truesteam và sấy hé cửa mặc định tắt, phải bật. Mình chưa thử truesteam nữa.
Bổ sung nhược điểm là mặt A của máy flex rất nhiều, ấn nhẹ là lõm. Khung máy bị lắc ngang, chỉ phù hợp lắp âm tủ.
Còn lại mình thấy OK",https://voz.vn/t/review-may-rua-bat-lg-quadwash-truesteam-mau-den-ldt14bla4-mua-tren-shopee-gia-hon-13-trieu.1191648/page-2,
1191648,2176960,khaivp,"Jan 5, 2026 at 4:07 PM","hungnguyen87 said:



			ô đệch, năm ngoái mua 17 củ hơn     

Click to expand...

Tôi mới lấy con  LG  có TrueSteam, mã LDT14BLA4 như chủ thớt, săn sale ở shop này có 13tr2 thôi mà:
https://shopee.vn/Máy-rửa-bát-LG-Quadwash-TrueSteam™-màu-đen-LDT14BLA4-i.1340449161.44002567684?extraParams=%7B""display_model_id""%3A275211118167%2C""model_selection_logic""%3A3%7D&sp_atk=052012a5-e368-4dd7-a852-a777d9944eff&xptdk=052012a5-e368-4dd7-a852-a777d9944eff

 



			
				Last edited: Jan 10, 2026",https://voz.vn/t/review-may-rua-bat-lg-quadwash-truesteam-mau-den-ldt14bla4-mua-tren-shopee-gia-hon-13-trieu.1191648/page-2,
1191648,2177601,ducbui68,"Jan 5, 2026 at 4:09 PM","canguvang1098 said:



			con lg này có bán gói bảo hành mở rộng 5 năm ko các bác nhỉ,hic?
		
Click to expand...

Ko có đâu bác",https://voz.vn/t/review-may-rua-bat-lg-quadwash-truesteam-mau-den-ldt14bla4-mua-tren-shopee-gia-hon-13-trieu.1191648/page-2,
1191648,1001993,hyhuu98,"Jan 5, 2026 at 11:54 PM","thanh bác bài review kỹ, mình cũng lăn tăng đang tính mua em này với em texgio smart, tại em texgio thì tự mở cửa và tự đóng luôn. hóng bác review rửa có sạch ko ạ. Đồ LG trộm vía xưa giờ mình xài cũng ít hư vặt.",https://voz.vn/t/review-may-rua-bat-lg-quadwash-truesteam-mau-den-ldt14bla4-mua-tren-shopee-gia-hon-13-trieu.1191648/page-2,
1191648,1260484,nobitaNOBI,"Jan 6, 2026 at 8:25 AM","năm ngoái mua gần 15tr, t dùng đc hơn năm rồi, rửa sạch, sấy hé cửa qua đêm thì khô ráo, nhưng có vẻ khung ko đc chắc chắn lắm, dùng tay đẩy vẫn hơi lắc",https://voz.vn/t/review-may-rua-bat-lg-quadwash-truesteam-mau-den-ldt14bla4-mua-tren-shopee-gia-hon-13-trieu.1191648/page-2,
1191648,1241852,INTEL_NO1,"Jan 6, 2026 at 10:53 PM","hyhuu98 said:



			thanh bác bài review kỹ, mình cũng lăn tăng đang tính mua em này với em texgio smart, tại em texgio thì tự mở cửa và tự đóng luôn. hóng bác review rửa có sạch ko ạ. Đồ LG trộm vía xưa giờ mình xài cũng ít hư vặt.
		
Click to expand...

Máy này 14 bộ nên sắp xếp bât đũa ko dc thoải mãi như máy texigo cũ e dùng.",https://voz.vn/t/review-may-rua-bat-lg-quadwash-truesteam-mau-den-ldt14bla4-mua-tren-shopee-gia-hon-13-trieu.1191648/page-2,
1191648,1756619,hhatmt,"Jan 7, 2026 at 11:50 AM","INTEL_NO1 said:



			Máy này 14 bộ nên sắp xếp bât đũa ko dc thoải mãi như máy texigo cũ e dùng.
		
Click to expand...

lý do gì đổi texigo 15 bộ qua LG vậy bác ơi",https://voz.vn/t/review-may-rua-bat-lg-quadwash-truesteam-mau-den-ldt14bla4-mua-tren-shopee-gia-hon-13-trieu.1191648/page-2,
1191648,297428,hoangelec,"Jan 7, 2026 at 7:31 PM","Em xem review của bác xong cũng định tính hốt con này, cơ mà sau khi ngâm cứu thêm 1 tí trên youtube và reddit thì em quay xe. Dựa trên đánh giá chung là thời gian đầu máy xài ok, nhưng sau 1 thời gian sẽ lộ ra nhiều khuyết điểm như hỏng gãy rack, máy ồn, vỏ ọp ẹp. Có vẻ hàng LG vẫn chưa sánh bằng được với các thương hiệu lâu đời của châu Âu.
Ps: Trên youtube có ông này xài 1 năm xong review khá kỹ 



, có show cả ưu và nhược. Bác nào có quan tâm thì xem trước khi mua",https://voz.vn/t/review-may-rua-bat-lg-quadwash-truesteam-mau-den-ldt14bla4-mua-tren-shopee-gia-hon-13-trieu.1191648/page-2,
1191648,1756619,hhatmt,"Jan 8, 2026 at 8:08 AM","tung302tmd said:



			con này tầm 15tr, hơi khó khi gặp bosch series 4 model mới có hé cửa, giá 13tr phải ai cũng muađược mếuđâu, mà tụi shopee nó chỉ giao chứđâu có ráp
		
Click to expand...

cho e xin thông tin bosch series 4 mới là mã nào được k b ơi",https://voz.vn/t/review-may-rua-bat-lg-quadwash-truesteam-mau-den-ldt14bla4-mua-tren-shopee-gia-hon-13-trieu.1191648/page-2,
1191648,1176559,tung302tmd,"Jan 8, 2026 at 9:06 AM","hhatmt said:



			cho e xin thông tin bosch series 4 mới là mã nào được k b ơi
		
Click to expand...

SMS4ECI14E hoặc SMS4ECI26E",https://voz.vn/t/review-may-rua-bat-lg-quadwash-truesteam-mau-den-ldt14bla4-mua-tren-shopee-gia-hon-13-trieu.1191648/page-2,
1191648,2015919,hahuypham,"Jan 8, 2026 at 10:02 AM",Mính lấy bản màu đen bóng tháng 10 thì được tặng kèm lò vi sóng vs muối bóng giá 14tr7. Gian hàng chính hãng nên được LG đến lắp đặt hiện tại cũng ổn trong tầm giá,https://voz.vn/t/review-may-rua-bat-lg-quadwash-truesteam-mau-den-ldt14bla4-mua-tren-shopee-gia-hon-13-trieu.1191648/page-2,
1191648,1756619,hhatmt,"Jan 9, 2026 at 1:18 PM","tung302tmd said:



			SMS4ECI14E hoặc SMS4ECI26E
		
Click to expand...

gg toàn loanh quanh 20tr shop ơi kk",https://voz.vn/t/review-may-rua-bat-lg-quadwash-truesteam-mau-den-ldt14bla4-mua-tren-shopee-gia-hon-13-trieu.1191648/page-2,
1191648,1176559,tung302tmd,"Jan 9, 2026 at 1:24 PM","hhatmt said:



			gg toàn loanh quanh 20tr shop ơi kk
		
Click to expand...

ibox tui lụm cho con series 4 có hé cửa, cỡ 15 cụ",https://voz.vn/t/review-may-rua-bat-lg-quadwash-truesteam-mau-den-ldt14bla4-mua-tren-shopee-gia-hon-13-trieu.1191648/page-2,
1191648,1241852,INTEL_NO1,"Jan 9, 2026 at 10:25 PM","hhatmt said:



			lý do gì đổi texigo 15 bộ qua LG vậy bác ơi
		
Click to expand...

Lg nhìn xịn hơn, nhìn tay phun của nó thấy nhiều nên  nghĩ sẽ sạch. Hãng nó cũng tên tuổi. Texigo mình thấy chán rồi nên muốn đổi. Với dạo này nó rửa hay bị dính màu trắng. Thông số vẫn cài như cũ mà rửa cứ bị màu trắng chỉnh mãi trả dc. Như đọng muối hay đọng chất tẩy rửa ấy",https://voz.vn/t/review-may-rua-bat-lg-quadwash-truesteam-mau-den-ldt14bla4-mua-tren-shopee-gia-hon-13-trieu.1191648/page-2,
1191648,1241852,INTEL_NO1,"Jan 15, 2026 at 8:27 PM",Máy đã gãy 1 chân nhựa ngăn để đũa. Dởm quá. Chưa dc 1 tháng.,https://voz.vn/t/review-may-rua-bat-lg-quadwash-truesteam-mau-den-ldt14bla4-mua-tren-shopee-gia-hon-13-trieu.1191648/page-2,
1191648,2174514,TinkerBeo,"Jan 15, 2026 at 10:28 PM","INTEL_NO1 said:



			Máy đã gãy 1 chân nhựa ngăn để đũa. Dởm quá. Chưa dc 1 tháng.View attachment 3434161

Click to expand...

Tính ra con texgio e dùng từ năm 2022 đến giờ chỉ thấy ron cao su hơi dão với bộ lọc thì hơi tã (không Khớp với nhau nữa) chứ còn lại mọi thứ vẫn oke",https://voz.vn/t/review-may-rua-bat-lg-quadwash-truesteam-mau-den-ldt14bla4-mua-tren-shopee-gia-hon-13-trieu.1191648/page-2,
1191648,2015919,hahuypham,"Jan 16, 2026 at 8:37 AM","INTEL_NO1 said:



			Máy đã gãy 1 chân nhựa ngăn để đũa. Dởm quá. Chưa dc 1 tháng.View attachment 3434161

Click to expand...

Xếp đũa thím có hay ép mạnh xuống để cho đũa khít vào cái khe đấy không ?",https://voz.vn/t/review-may-rua-bat-lg-quadwash-truesteam-mau-den-ldt14bla4-mua-tren-shopee-gia-hon-13-trieu.1191648/page-2,
1191648,1756619,hhatmt,"Jan 16, 2026 at 8:38 AM","INTEL_NO1 said:



			Máy đã gãy 1 chân nhựa ngăn để đũa. Dởm quá. Chưa dc 1 tháng.
		
Click to expand...

k lẽ cua xe qua bosh seri 4  cơ mà nó k dc đẹp",https://voz.vn/t/review-may-rua-bat-lg-quadwash-truesteam-mau-den-ldt14bla4-mua-tren-shopee-gia-hon-13-trieu.1191648/page-2,
1191648,1165886,evilrain,"Jan 16, 2026 at 8:52 AM","hhatmt said:



			k lẽ cua xe qua bosh seri 4  cơ mà nó k dc đẹp
		
Click to expand...

ở vn cứ texgio mà mua. xài hoài hiếm khi trục trặc. bảo hành dài
nhà có 1 máy châu âu và texgio. con châu âu cứ bị chuột hay côn trùng chui vào miết. Trong khi texgio thì ko dù nhà khá nhiều gián, chuột",https://voz.vn/t/review-may-rua-bat-lg-quadwash-truesteam-mau-den-ldt14bla4-mua-tren-shopee-gia-hon-13-trieu.1191648/page-2,
1191648,1756619,hhatmt,"Jan 16, 2026 at 9:06 AM","evilrain said:



			ở vn cứ texgio mà mua. xài hoài hiếm khi trục trặc. bảo hành dài
nhà có 1 máy châu âu và texgio. con châu âu cứ bị chuột hay côn trùng chui vào miết. Trong khi texgio thì ko dù nhà khá nhiều gián, chuột
		
Click to expand...

texgio tín vậy à b, thế mà e chỉ săm se vào lg với anh châu âu thôi.
mua về k hợp ý người rửa chén lại ù ù khẹt khẹt nữa kk",https://voz.vn/t/review-may-rua-bat-lg-quadwash-truesteam-mau-den-ldt14bla4-mua-tren-shopee-gia-hon-13-trieu.1191648/page-2,
1191648,1165886,evilrain,"Jan 16, 2026 at 9:12 AM","hhatmt said:



			texgio tín vậy à b, thế mà e chỉ săm se vào lg với anh châu âu thôi.
mua về k hợp ý người rửa chén lại ù ù khẹt khẹt nữa kk
		
Click to expand...

m đã chuột bạch và thấy nó lành hơn hẳn đồ châu âu. nhưng chắc hên xui tuỳ đời
bosch thấy rất nhiều người nói hay trục trặc và các thợ hay chê đồ bosch nói chung ""nhiệt đới hoá"" kém
LG thì m đã tẩy chay lâu rồi. khâu quản lý chất lượng của họ rất chán. làm đồ hay có trò planned obsolescence
ko rõ texgio hiện có bị hắc hoá chưa. Như hãng casper làm máy lạnh hồi xưa rất ok nhưng sau cái đời mình mua thì ai cũng chê",https://voz.vn/t/review-may-rua-bat-lg-quadwash-truesteam-mau-den-ldt14bla4-mua-tren-shopee-gia-hon-13-trieu.1191648/page-3,
1191648,1241852,INTEL_NO1,"Jan 16, 2026 at 8:56 PM","evilrain said:



			ở vn cứ texgio mà mua. xài hoài hiếm khi trục trặc. bảo hành dài
nhà có 1 máy châu âu và texgio. con châu âu cứ bị chuột hay côn trùng chui vào miết. Trong khi texgio thì ko dù nhà khá nhiều gián, chuột
		
Click to expand...

Texigo mình dùng dc 3 năm sau rửa ko thấy sạch nữa. Chỉnh mãi muối mấy lần ko dc",https://voz.vn/t/review-may-rua-bat-lg-quadwash-truesteam-mau-den-ldt14bla4-mua-tren-shopee-gia-hon-13-trieu.1191648/page-3,
1191648,1241852,INTEL_NO1,"Jan 16, 2026 at 8:57 PM","evilrain said:



			ở vn cứ texgio mà mua. xài hoài hiếm khi trục trặc. bảo hành dài
nhà có 1 máy châu âu và texgio. con châu âu cứ bị chuột hay côn trùng chui vào miết. Trong khi texgio thì ko dù nhà khá nhiều gián, chuột
		
Click to expand...

Texigo hôm trước mình tháo đáy thấy bơm mà của midea. Dưới đây nhìn chắc chắn lắm. Các ống được cố định bằng vòng sắt như trên oto ý.",https://voz.vn/t/review-may-rua-bat-lg-quadwash-truesteam-mau-den-ldt14bla4-mua-tren-shopee-gia-hon-13-trieu.1191648/page-3,
1191648,1241852,INTEL_NO1,"Jan 16, 2026 at 9:00 PM",Máy LG này công nhận thấy rửa sạch. Bật sấy khô là nó gần như khô. Mà nó rửa công nhận sạch thấy rửa toàn gần 4 tiếng. Eco và bật sấy khô 3h 50p,https://voz.vn/t/review-may-rua-bat-lg-quadwash-truesteam-mau-den-ldt14bla4-mua-tren-shopee-gia-hon-13-trieu.1191648/page-3,
1191648,1145226,greenworm179,"Jan 16, 2026 at 10:52 PM","mình cũng lấy con màu be đc 1 tháng, tạm thời hài lòng, từ ngày có máy cái thấy người nhà nấu nướng bày biện nhiều hơn, lúc đầu tính dồn 2 ngày rửa 1 lần giờ tối nào cũng đầy 1 máy  

mình đang dùng viên rửa finish quantum ultimate plus, máy chế độ eco không sấy, tối rửa sáng thấy sạch với khô hết, lâu lâu có đồ gì dơ cứng quá thì bật tăng cường / tự động, ít đồ thì chỉnh nửa tải
à còn vụ đọng màu trắng thường là do dư muối, bác nào bị thì giảm muối lại thử",https://voz.vn/t/review-may-rua-bat-lg-quadwash-truesteam-mau-den-ldt14bla4-mua-tren-shopee-gia-hon-13-trieu.1191648/page-3,
1191648,1165886,evilrain,"Jan 17, 2026 at 7:43 AM","INTEL_NO1 said:



			Texigo mình dùng dc 3 năm sau rửa ko thấy sạch nữa. Chỉnh mãi muối mấy lần ko dc
		
Click to expand...

có thể bơm bị yếu hoặc có cái gì đó đang nghẹt nên phun yếu
con texgio của m để ý là thấy cái lỗ phun nước ở tay xoay hơi lớn nên có thể áp lực nước xịt ra không được mạnh. ko rõ mấy đời khác thế nào. Hiện con của m đã được 4 năm, 2 tháng nhưng vẫn xài ok. chán cái chỉ có 8 bộ do ko thể mua cái lớn hơn",https://voz.vn/t/review-may-rua-bat-lg-quadwash-truesteam-mau-den-ldt14bla4-mua-tren-shopee-gia-hon-13-trieu.1191648/page-3,
1191648,1241852,INTEL_NO1,"Jan 17, 2026 at 9:47 AM","evilrain said:



			có thể bơm bị yếu hoặc có cái gì đó đang nghẹt nên phun yếu
con texgio của m để ý là thấy cái lỗ phun nước ở tay xoay hơi lớn nên có thể áp lực nước xịt ra không được mạnh. ko rõ mấy đời khác thế nào. Hiện con của m đã được 4 năm, 2 tháng nhưng vẫn xài ok. chán cái chỉ có 8 bộ do ko thể mua cái lớn hơn
		
Click to expand...

Máy mình hay vệ sinh thường xuyên..có kiểm tra cũng ko thấy tắc. Với máy nó cứ bị E4 lỗi rò nc. Nó chỉ rò ít thôi 1 tuần mới bị 1 lần, ko biết bị rò chỗ nào. Nên mình thay bỏ.
 Đúng là 8 bộ thì quá nhỏ.
Mình thấy 1 ngày rửa 1 lần dồn lại thì 15 bộ trở lên là tốt nhất",https://voz.vn/t/review-may-rua-bat-lg-quadwash-truesteam-mau-den-ldt14bla4-mua-tren-shopee-gia-hon-13-trieu.1191648/page-3,
1191648,1241852,INTEL_NO1,"Jan 17, 2026 at 9:57 AM","greenworm179 said:



			mình cũng lấy con màu be đc 1 tháng, tạm thời hài lòng, từ ngày có máy cái thấy người nhà nấu nướng bày biện nhiều hơn, lúc đầu tính dồn 2 ngày rửa 1 lần giờ tối nào cũng đầy 1 máy  

mình đang dùng viên rửa finish quantum ultimate plus, máy chế độ eco không sấy, tối rửa sáng thấy sạch với khô hết, lâu lâu có đồ gì dơ cứng quá thì bật tăng cường / tự động, ít đồ thì chỉnh nửa tải
à còn vụ đọng màu trắng thường là do dư muối, bác nào bị thì giảm muối lại thử


View attachment 3436270

Click to expand...

Máy e chưa dc 2 tuần đã gãy 1 cái nhựa ngăn đũa rồi. Nhựa hơi kém.
Nhà mình có 4 ng nhưng do bày với ăn hơi nhiều, 1 ngày rửa 1 lần. Nhưng phải hạn chế bày ko có ko đủ rửa cụ à. Với cái giàn giữa để ý ko cẩn thận có khi nó ko ăn vào khớp nối khi đẩy vào.

 



			
				Last edited: Jan 17, 2026",https://voz.vn/t/review-may-rua-bat-lg-quadwash-truesteam-mau-den-ldt14bla4-mua-tren-shopee-gia-hon-13-trieu.1191648/page-3,
1191648,1756619,hhatmt,"Jan 19, 2026 at 9:54 AM","INTEL_NO1 said:



			Máy e chưa dc 2 tuần đã gãy 1 cái nhựa ngăn đũa rồi. Nhựa hơi kém.
Nhà mình có 4 ng nhưng do bày với ăn hơi nhiều, 1 ngày rửa 1 lần. Nhưng phải hạn chế bày ko có ko đủ rửa cụ à. Với cái giàn giữa để ý ko cẩn thận có khi nó ko ăn vào khớp nối khi đẩy vào.
		
Click to expand...

linh kiện LG dể mua k b, b liên hệ thay thế được chưa á?",https://voz.vn/t/review-may-rua-bat-lg-quadwash-truesteam-mau-den-ldt14bla4-mua-tren-shopee-gia-hon-13-trieu.1191648/page-3,
1191648,1241852,INTEL_NO1,"Jan 20, 2026 at 3:48 PM","hahuypham said:



			Xếp đũa thím có hay ép mạnh xuống để cho đũa khít vào cái khe đấy không ?
		
Click to expand...

Ko ấn tý nào cả. Mình cẩn thận lắm. Do nhựa nó kém giòn quá.",https://voz.vn/t/review-may-rua-bat-lg-quadwash-truesteam-mau-den-ldt14bla4-mua-tren-shopee-gia-hon-13-trieu.1191648/page-3,
1191648,1241852,INTEL_NO1,"Jan 20, 2026 at 3:49 PM","hhatmt said:



			linh kiện LG dể mua k b, b liên hệ thay thế được chưa á?
		
Click to expand...

Cái này mình ko thay. Nó ko ảnh hưởng gì cả. Nó có gãy thêm 50 cái nữa thì cũng ko sao cả.",https://voz.vn/t/review-may-rua-bat-lg-quadwash-truesteam-mau-den-ldt14bla4-mua-tren-shopee-gia-hon-13-trieu.1191648/page-3,
1191648,2015919,hahuypham,"Jan 21, 2026 at 10:26 AM","INTEL_NO1 said:



			Ko ấn tý nào cả. Mình cẩn thận lắm. Do nhựa nó kém giòn quá.
		
Click to expand...

thế thì nhựa lởm quá. nhà mình dùng 3 tháng rồi chưa thấy gì",https://voz.vn/t/review-may-rua-bat-lg-quadwash-truesteam-mau-den-ldt14bla4-mua-tren-shopee-gia-hon-13-trieu.1191648/page-3,
1191648,52,Compton,"Jan 21, 2026 at 10:31 AM",Máy rửa chén LG xài khá ngon chỉ ngại mỗi cái hàng nút cảm ứng (mặc dù đã dùng 2 năm vẫn tốt). Thích nhất là máy LG bên trong (ko nhất thiết là dòng cao) là inox chứ ko chơi trò cut cost như thằng Bosch - hình như series 6 trở lên mới là lồng inox.,https://voz.vn/t/review-may-rua-bat-lg-quadwash-truesteam-mau-den-ldt14bla4-mua-tren-shopee-gia-hon-13-trieu.1191648/page-3,
1191648,1241852,INTEL_NO1,"Jan 21, 2026 at 10:55 PM","Compton said:



			Máy rửa chén LG xài khá ngon chỉ ngại mỗi cái hàng nút cảm ứng (mặc dù đã dùng 2 năm vẫn tốt). Thích nhất là máy LG bên trong (ko nhất thiết là dòng cao) là inox chứ ko chơi trò cut cost như thằng Bosch - hình như series 6 trở lên mới là lồng inox.
		
Click to expand...

Bây giờ thiết bị nào chẳng có cảm ứng bác. Có khi nút cơ còn nhanh hỏng hơn ý",https://voz.vn/t/review-may-rua-bat-lg-quadwash-truesteam-mau-den-ldt14bla4-mua-tren-shopee-gia-hon-13-trieu.1191648/page-3,
1191648,977866,sonxoan90,"Jan 28, 2026 at 2:08 PM",Cập nhật các vấn đề gặp phải khi sử dụng đi các fen,https://voz.vn/t/review-may-rua-bat-lg-quadwash-truesteam-mau-den-ldt14bla4-mua-tren-shopee-gia-hon-13-trieu.1191648/page-3,
1191648,2167573,haku1ch1,"Jan 28, 2026 at 6:06 PM","Em ở khu vực HN, tính mua con này thì mua ở đâu thì hợp lí vậy các bác (sàn thương mại điện từ hay các hệ thống bán lẻ, cửa hàng điện lạnh nào,..), cả về giá cả lẫn chế độ bảo hành theo hãng ạ",https://voz.vn/t/review-may-rua-bat-lg-quadwash-truesteam-mau-den-ldt14bla4-mua-tren-shopee-gia-hon-13-trieu.1191648/page-3,
1191648,2137920,Chimsenho,"Jan 28, 2026 at 7:26 PM","INTEL_NO1 said:



			Máy đã gãy 1 chân nhựa ngăn để đũa. Dởm quá. Chưa dc 1 tháng.View attachment 3434161

Click to expand...

 đểu hơn con hafele 7tr của mình vậy, cũng 14 bộ ^^",https://voz.vn/t/review-may-rua-bat-lg-quadwash-truesteam-mau-den-ldt14bla4-mua-tren-shopee-gia-hon-13-trieu.1191648/page-3,
1191648,1241852,INTEL_NO1,"Jan 30, 2026 at 10:40 PM","sonxoan90 said:



			Cập nhật các vấn đề gặp phải khi sử dụng đi các fen
		
Click to expand...

Chưa có vấn đề gì cụ à. Chỉ bị gãy 1 chân nhựa ở giá ngăn để đũa thôi. Chính nó gãy đều lại dễ để đũa hơn. Ko mình dùng đũa nó ko lọt vào cái khe để đũa nó hơi nhỏ",https://voz.vn/t/review-may-rua-bat-lg-quadwash-truesteam-mau-den-ldt14bla4-mua-tren-shopee-gia-hon-13-trieu.1191648/page-3,
1191648,1241852,INTEL_NO1,"Jan 30, 2026 at 10:42 PM","haku1ch1 said:



			Em ở khu vực HN, tính mua con này thì mua ở đâu thì hợp lí vậy các bác (sàn thương mại điện từ hay các hệ thống bán lẻ, cửa hàng điện lạnh nào,..), cả về giá cả lẫn chế độ bảo hành theo hãng ạ
		
Click to expand...

Chính ra mua bản ko có 4 cái lỗ màu vàng hơi nc ý rẻ bác à. Khoảng dưới 11 triệu mua trên shopee. Bản có lỗ trusesteam hơi nc đắt hơn 2 tr nữa",https://voz.vn/t/review-may-rua-bat-lg-quadwash-truesteam-mau-den-ldt14bla4-mua-tren-shopee-gia-hon-13-trieu.1191648/page-3,
1191648,1241852,INTEL_NO1,"Jan 31, 2026 at 11:56 AM",Gãy đôi khi cũng hay,https://voz.vn/t/review-may-rua-bat-lg-quadwash-truesteam-mau-den-ldt14bla4-mua-tren-shopee-gia-hon-13-trieu.1191648/page-3,
1191648,1742985,@Tableau,"Jan 31, 2026 at 12:51 PM","hoangelec said:



			Em xem review của bác xong cũng định tính hốt con này, cơ mà sau khi ngâm cứu thêm 1 tí trên youtube và reddit thì em quay xe. Dựa trên đánh giá chung là thời gian đầu máy xài ok, nhưng sau 1 thời gian sẽ lộ ra nhiều khuyết điểm như hỏng gãy rack, máy ồn, vỏ ọp ẹp. Có vẻ hàng LG vẫn chưa sánh bằng được với các thương hiệu lâu đời của châu Âu.
Ps: Trên youtube có ông này xài 1 năm xong review khá kỹ 



, có show cả ưu và nhược. Bác nào có quan tâm thì xem trước khi mua
		
Click to expand...

Tớ xài con Nhật ngoài nhược điểm nhỏ vì nó là dành cho bếp cũ không gian chật như nhà mình chứ xài hơn 1 năm rồi rất lành, bị mấy sự cố do mình sử dụng ngu thôi như nhầm wax cạo lông là bột bánh bỏ vào nó chảy ra bịt kín lỗ thoát may khắc phục dc hú hồn chứ chưa có lỗi gì phải kêu bảo hành hay hư hỏng gì, toàn nhựa thôi mà cứng cáp phết... mới qua Nhật thấy bên ấy cũng bán toàn loại này, máy mình mua đã 13,5tr nên chắc kén người mua, tin tưởng độ bền của Nhật mới mua thôi, dáng gọn để bàn không phải cúi, tiền muối với bột rửa thì xài ít thôi không cần quá nhiều




Máy full size âm tủ cũng có nhưng chắc chỉ bán dự án chứ ko bán lẻ tiêu dùng vì con để bàn đã định giá cao thì con này chắc đắt như Bosch seri 8",https://voz.vn/t/review-may-rua-bat-lg-quadwash-truesteam-mau-den-ldt14bla4-mua-tren-shopee-gia-hon-13-trieu.1191648/page-4,
1191648,2184214,quangck,"Feb 1, 2026 at 6:29 PM","LG Quadwash TrueSteam- LDT14BLA4 này tôi săn Sale ở shop này là 12tr9 thôi:
Hôm đó ngày trùng được mã ngon quá
https://s.shopee.vn/9AKeYkoowU

 



			
				Last edited: Apr 13, 2026",https://voz.vn/t/review-may-rua-bat-lg-quadwash-truesteam-mau-den-ldt14bla4-mua-tren-shopee-gia-hon-13-trieu.1191648/page-4,
1191648,3679,DHD,"Feb 4, 2026 at 9:52 AM","@Tableau said:



			Tớ xài con Nhật ngoài nhược điểm nhỏ vì nó là dành cho bếp cũ không gian chật như nhà mình chứ xài hơn 1 năm rồi rất lành, bị mấy sự cố do mình sử dụng ngu thôi như nhầm wax cạo lông là bột bánh bỏ vào nó chảy ra bịt kín lỗ thoát may khắc phục dc hú hồn chứ chưa có lỗi gì phải kêu bảo hành hay hư hỏng gì, toàn nhựa thôi mà cứng cáp phết... mới qua Nhật thấy bên ấy cũng bán toàn loại này, máy mình mua đã 13,5tr nên chắc kén người mua, tin tưởng độ bền của Nhật mới mua thôi, dáng gọn để bàn không phải cúi, tiền muối với bột rửa thì xài ít thôi không cần quá nhiều
View attachment 3459776
Máy full size âm tủ cũng có nhưng chắc chỉ bán dự án chứ ko bán lẻ tiêu dùng vì con để bàn đã định giá cao thì con này chắc đắt như Bosch seri 8
View attachment 3459779

Click to expand...


Tôi cũng mua 1 cái của Pana từ 2016 tới giờ dùng vẫn ổn. Ưu điểm là sấy khô, rửa nhanh, không cần hé cửa sau khi rửa. Nhược điểm duy nhất là không rửa được chảo, nồi. 
Thành ra chần chừ mãi việc đổi sang máy lớn kiểu châu Âu. Chả lẽ lại dùng 2 cái song song.",https://voz.vn/t/review-may-rua-bat-lg-quadwash-truesteam-mau-den-ldt14bla4-mua-tren-shopee-gia-hon-13-trieu.1191648/page-4,
1191648,589582,n3v3R_m1nD,"Feb 4, 2026 at 11:14 AM","Tôi xài LG gần năm rồi ngon choét, để các loại nồi siêu to dày bự vào rồi mà các thanh nhựa chắn có làm sao đâu. Của bền tại người, nhấc ra nhấc vào để ý tí nha bác",https://voz.vn/t/review-may-rua-bat-lg-quadwash-truesteam-mau-den-ldt14bla4-mua-tren-shopee-gia-hon-13-trieu.1191648/page-4,
1191648,1742985,@Tableau,"Feb 4, 2026 at 12:52 PM","DHD said:



			Tôi cũng mua 1 cái của Pana từ 2016 tới giờ dùng vẫn ổn. Ưu điểm là sấy khô, rửa nhanh, không cần hé cửa sau khi rửa. Nhược điểm duy nhất là không rửa được chảo, nồi.
Thành ra chần chừ mãi việc đổi sang máy lớn kiểu châu Âu. Chả lẽ lại dùng 2 cái song song.
		
Click to expand...

Máy Nhật để rửa đồ dùng linh tinh, sấy khô gì đó cũng được 2016 cũng cũ rồi xài quá lâu cũng hao mòn vật liệu lẫn vào đồ dùng vì nó khoang nhựa",https://voz.vn/t/review-may-rua-bat-lg-quadwash-truesteam-mau-den-ldt14bla4-mua-tren-shopee-gia-hon-13-trieu.1191648/page-4,
1191648,3679,DHD,"Feb 4, 2026 at 2:09 PM","@Tableau said:



			Máy Nhật để rửa đồ dùng linh tinh, sấy khô gì đó cũng được 2016 cũng cũ rồi xài quá lâu cũng hao mòn vật liệu lẫn vào đồ dùng vì nó khoang nhựa
		
Click to expand...


Thời hạn sử dụng theo NSX là 10 năm. Nên tôi tính thay mới trong vài tháng tới.",https://voz.vn/t/review-may-rua-bat-lg-quadwash-truesteam-mau-den-ldt14bla4-mua-tren-shopee-gia-hon-13-trieu.1191648/page-4,
1191648,2104749,Bé Tập Tô.,"Feb 25, 2026 at 11:13 AM","GIẢM NGAY 3-5 LÍT CHO AE VOZ

Thím nào cần TV, máy rửa chén bát, bếp núc, tivi, tủ lạnh, giặt sấy điện máy các thứ.
( Bosch , Richborn, LG Hàn xẻng, Texgio Tàu, LG - Sony - Samsung...)

ALO EM GIẢM NGAY 3-5 LÍT
Giao hàng lắp đặt toàn quốc, nhưng địa bàn hoạt động chính của em là SG- HN ạ

ZL đây các thím 0842868268",https://voz.vn/t/review-may-rua-bat-lg-quadwash-truesteam-mau-den-ldt14bla4-mua-tren-shopee-gia-hon-13-trieu.1191648/page-4,
1192364,90574,Ghosthammer,"Jan 5, 2026 at 1:25 PM","đợt trước noel tháo ốp lưng con S23U ra để lấy cái thẻ thì thấy nó cứ lỏng lỏng, lại hở cmn keo nên lấy tay ấn vào, ấn xong thì nó ra thế này




lên nhóm voz công nghệ kỹ thuật than thì thấy mấy anh tài dùng ss bảo đây là tính năng, không phải lỗi, có anh còn bảo thôi mua keo về dán, dùng samsung thì thêm kỹ năng, và hình như có anh nào còn bảo tôi mua máy cũ, đểu bị tháo mẹ ra rồi. Tôi hơi bất ngờ vì trước giờ chỉ dùng điện thoại dưới 10 củ của tàu mà chưa con nào bung lưng, lỗi màn hay có vấn đề về chất lượng. Dỗi vl và như mấy anh tài nói, để tránh trường hợp bị sọc màn thì tiên hạ thủ vi cường, phi cmn shop con S23U để mua điện thoại mới. Cùng lúc đấy thì con XS Max đang dùng cũng yếu pin lắm rồi, nên phi luôn cả 2 để lên luôn 1 cặp.
phi shop con S23U được 7tr6, thêm km thu đổi của Oppo 4 củ nữa là 11tr6, con XS Max định giá thu về là 3tr5(mừng vl), tổng giảm giá là 14tr1. Mua xong tặng thêm 1 đống voucher hạn 1 tuần(hết hạn r) mà chả có nhu cầu mua vì nhà đủ hết đồ rồi.




(ảnh được chụp bằng POCO F3)
ấn tượng đầu tiên khi vác 2 con máy về, với F9P thì là mỏng, nhẹ, mượt vl, mỗi tội màu nhìn hơi mót ỉa, còn con 17PM thì vẫn là truyền thống của táo, mọi thứ đều ngon, trừ cái màu xanh thì éo chấp nhận được nên lấy mịa màu cam cho nổi. Đánh giá chi tiết thì nhiều trang làm rồi, so sánh với con S23U thì pin của cả 2 đều trâu hơn rất nhiều, tác vụ mượt hơn(không nhiều lắm) và việc chuyển đổi giữa các máy cùng hệ với nhau tương đối là mượt mà. 
Cơ mà chỉ có thế thì lên bài phí tài nguyên, cả 2 con máy đều có hệ camera được coi là đầu bảng ở thời điểm này, nên là sau hơn nửa tháng sử dụng, mình có tổng hợp ảnh ọt so sánh như dưới đây, trong cái trip đi SGN ngắn ngày của mình
disclaimer:
Đây không phải bài đánh giá chuyên nghiệp, mà là bài cảm nhận sử dụng thực tế của người dùng.
tất cả các ảnh đều được up original size lên google photos.
với Oppo thì chủ yếu mình dùng chế độ Hasselblad 50MPx, còn iphone thì chả thấy chỉnh ở đâu hết nên dùng default
googlephotos folder ở đây



Spoiler: Nội cảnh, ánh sáng nhân tạo, Zoom 1x



FX9P




17PM









Spoiler: Nội cảnh, ánh sáng nhân tạo, Zoom 3x



FX9P




17PM









Spoiler: Ngoại cảnh, trời tối, đèn hắt gắt



FX9P




17PM








Spoiler: Nội cảnh - Ngoại cảnh, ánh sáng tự nhiên



FX9P




17PM









Spoiler: Nội cảnh - 1x và Max zoom



Vị trí test zoom




FX9P







17PM












Spoiler: Ngoại cảnh, đại cảnh, ánh sáng tự nhiên



FX9P




17PM









Spoiler: Hoàng Hôn



FX9P




17PM







nếu chỉ xem trên điện thoại hoặc ở scale to screen thì cả 2 đều làm rất tốt việc chụp ảnh, Oppo có vẻ nhỉnh hơn chút ở độ sâu trường ảnh thực tế vì sử dụng hệ lens vật lý có cấu hình tốt hơn. CẢ 2 máy đều có khả năng xử lý nhiễu, ngược sáng cực kì tuyệt vời, nếu có khác biệt ở mức độ này thì chỉ là hướng xử lý ánh sáng, màu sắc của từng hãng khác nhau thôi.
bổ sung thêm cái ảnh chụp bằng powershot G12 bị chết sensor, không vì gì cả ngoài vì tôi thích


Spoiler: G12 chết sensor









tuy nhiên, nếu zoom 100% thì đó lại là câu chuyện khác.
(còn tiếp)",https://voz.vn/t/camera-oppo-find-x9-pro-iphone-17-promax.1192364/,
1192364,90574,Ghosthammer,"Jan 5, 2026 at 1:27 PM",giữ chỗ post 2,https://voz.vn/t/camera-oppo-find-x9-pro-iphone-17-promax.1192364/,
1192364,1133000,Alice.Kwon,"Jan 5, 2026 at 2:00 PM","Hình như nếu chụp chế độ 50Mp thì sẽ bị bỏ bớt thuật toán làm ảnh nhìn không đẹp bằng default đâu (nhưng 50mp thì chi tiết hơn).
Còn lại ủng hộ thớt làm so sánh bằng google photos vì mình cũng toàn làm cách này để so sánh cho tiện. Nhưng lưu ý là 2 góc máy phải gần giống nhau nhất có thể, vì lệch 1 tí là thuật toán sẽ kéo màu khác làm khó so sánh hơn.




 



			
				Last edited: Jan 5, 2026",https://voz.vn/t/camera-oppo-find-x9-pro-iphone-17-promax.1192364/,
1192364,90574,Ghosthammer,"Jan 5, 2026 at 2:13 PM","Alice.Kwon said:



			Hình như nếu chụp chế độ 50Mp thì sẽ bị bỏ bớt thuật toán làm ảnh nhìn không đẹp bằng default đâu (nhưng 50mp thì chi tiết hơn).
Còn lại ủng hộ thớt làm so sánh bằng google photos vì mình cũng toàn làm cách này để so sánh cho tiện. Nhưng lưu ý là 2 góc máy phải gần giống nhau nhất có thể, vì lệch 1 tí là thuật toán sẽ kéo màu khác làm khó so sánh hơn.View attachment 3415836

Click to expand...

cái đoạn tại sao lại dùng 50MPX với default thì tối rảnh mình làm nốt post thì bác sẽ hiểu thôi.",https://voz.vn/t/camera-oppo-find-x9-pro-iphone-17-promax.1192364/,
1192364,2101495,nqcuongcnq,"Jan 5, 2026 at 2:47 PM","sao mình xem ảnh bị lỗi hết r có so sánh được gì đou, bạn up lên gg drive được khum ?",https://voz.vn/t/camera-oppo-find-x9-pro-iphone-17-promax.1192364/,
1192364,1959365,hoa_khong_mau,"Jan 5, 2026 at 5:59 PM",ảnh lỗi hết r cụ ơi,https://voz.vn/t/camera-oppo-find-x9-pro-iphone-17-promax.1192364/,
1192364,527704,nguyensitien,"Jan 5, 2026 at 9:34 PM",Quay đêm thử Pro,https://voz.vn/t/camera-oppo-find-x9-pro-iphone-17-promax.1192364/,
1192364,90574,Ghosthammer,"Jan 6, 2026 at 10:39 AM",Ui vừa checm lại thì lỗi. Để tí fix nhé,https://voz.vn/t/camera-oppo-find-x9-pro-iphone-17-promax.1192364/,
1192364,764689,skynet01,"Jan 6, 2026 at 11:35 AM","Ghosthammer said:



			đợt trước noel tháo ốp lưng con S23U ra để lấy cái thẻ thì thấy nó cứ lỏng lỏng, lại hở cmn keo nên lấy tay ấn vào, ấn xong thì nó ra thế này
View attachment 3415660
lên nhóm voz công nghệ kỹ thuật than thì thấy mấy anh tài dùng ss bảo đây là tính năng, không phải lỗi, có anh còn bảo thôi mua keo về dán, dùng samsung thì thêm kỹ năng, và hình như có anh nào còn bảo tôi mua máy cũ, đểu bị tháo mẹ ra rồi. Tôi hơi bất ngờ vì trước giờ chỉ dùng điện thoại dưới 10 củ của tàu mà chưa con nào bung lưng, lỗi màn hay có vấn đề về chất lượng. Dỗi vl và như mấy anh tài nói, để tránh trường hợp bị sọc màn thì tiên hạ thủ vi cường, phi cmn shop con S23U để mua điện thoại mới. Cùng lúc đấy thì con XS Max đang dùng cũng yếu pin lắm rồi, nên phi luôn cả 2 để lên luôn 1 cặp.
phi shop con S23U được 7tr6, thêm km thu đổi của Oppo 4 củ nữa là 11tr6, con XS Max định giá thu về là 3tr5(mừng vl), tổng giảm giá là 14tr1. Mua xong tặng thêm 1 đống voucher hạn 1 tuần(hết hạn r) mà chả có nhu cầu mua vì nhà đủ hết đồ rồi.
View attachment 3415665
(ảnh được chụp bằng POCO F3)
ấn tượng đầu tiên khi vác 2 con máy về, với F9P thì là mỏng, nhẹ, mượt vl, mỗi tội màu nhìn hơi mót ỉa, còn con 17PM thì vẫn là truyền thống của táo, mọi thứ đều ngon, trừ cái màu xanh thì éo chấp nhận được nên lấy mịa màu cam cho nổi. Đánh giá chi tiết thì nhiều trang làm rồi, so sánh với con S23U thì pin của cả 2 đều trâu hơn rất nhiều, tác vụ mượt hơn(không nhiều lắm) và việc chuyển đổi giữa các máy cùng hệ với nhau tương đối là mượt mà. 
Cơ mà chỉ có thế thì lên bài phí tài nguyên, cả 2 con máy đều có hệ camera được coi là đầu bảng ở thời điểm này, nên là sau hơn nửa tháng sử dụng, mình có tổng hợp ảnh ọt so sánh như dưới đây, trong cái trip đi SGN ngắn ngày của mình
disclaimer:
Đây không phải bài đánh giá chuyên nghiệp, mà là bài cảm nhận sử dụng thực tế của người dùng.
tất cả các ảnh đều được up original size lên google photos.
với Oppo thì chủ yếu mình dùng chế độ Hasselblad 50MPx, còn iphone thì chả thấy chỉnh ở đâu hết nên dùng default
googlephotos folder ở đây



Spoiler: Nội cảnh, ánh sáng nhân tạo, Zoom 1x



FX9P




17PM









Spoiler: Nội cảnh, ánh sáng nhân tạo, Zoom 3x



FX9P




17PM









Spoiler: Ngoại cảnh, trời tối, đèn hắt gắt



FX9P




17PM








Spoiler: Nội cảnh - Ngoại cảnh, ánh sáng tự nhiên



FX9P




17PM









Spoiler: Nội cảnh - 1x và Max zoom



Vị trí test zoom
View attachment 3415740
FX9P







17PM












Spoiler: Ngoại cảnh, đại cảnh, ánh sáng tự nhiên



FX9P




17PM









Spoiler: Hoàng Hôn



FX9P




17PM







nếu chỉ xem trên điện thoại hoặc ở scale to screen thì cả 2 đều làm rất tốt việc chụp ảnh, Oppo có vẻ nhỉnh hơn chút ở độ sâu trường ảnh thực tế vì sử dụng hệ lens vật lý có cấu hình tốt hơn. CẢ 2 máy đều có khả năng xử lý nhiễu, ngược sáng cực kì tuyệt vời, nếu có khác biệt ở mức độ này thì chỉ là hướng xử lý ánh sáng, màu sắc của từng hãng khác nhau thôi.
bổ sung thêm cái ảnh chụp bằng powershot G12 bị chết sensor, không vì gì cả ngoài vì tôi thích


Spoiler: G12 chết sensor









tuy nhiên, nếu zoom 100% thì đó lại là câu chuyện khác.
(còn tiếp)
		
Click to expand...

Ảnh fen upload bị lỗi hiển thị  rất nhiều  

Ngoài ra so ánh ảnh thì mình đề xuất lên Windows để so, khi xem 1 ảnh trên màn hình Oppo cho dù đã tắt ProXDR thì những ảnh HDR sẽ xem được chi tiết tốt hơn là xem trên Windows hay iPhone nên khá là bất công cho những thiết bị kia.",https://voz.vn/t/camera-oppo-find-x9-pro-iphone-17-promax.1192364/,
1192364,118968,vodanh1213,"Jan 6, 2026 at 11:50 AM","Con hàng f9p nhìn trên dt đúng là nước ảnh sâu hơn ip.
Nhưng mà chụo người thì sao a tay to, như tôi mua dt về 99% lag dùng để chụp cho con vợ up fb insta",https://voz.vn/t/camera-oppo-find-x9-pro-iphone-17-promax.1192364/,
1192364,90574,Ghosthammer,"Jan 6, 2026 at 8:56 PM","vodanh1213 said:



			Con hàng f9p nhìn trên dt đúng là nước ảnh sâu hơn ip.
Nhưng mà chụo người thì sao a tay to, như tôi mua dt về 99% lag dùng để chụp cho con vợ up fb insta 

Click to expand...

chụp ảnh người bằng con fx9p tôi thấy chưa bị chê tấm nào, trước đây chụp bằng đủ loại flagship mà lần l` nào con vợ cũng bảo mua đt phí tiền.",https://voz.vn/t/camera-oppo-find-x9-pro-iphone-17-promax.1192364/,
1192364,118968,vodanh1213,"Jan 6, 2026 at 9:00 PM","Ghosthammer said:



			chụp ảnh người bằng con fx9p tôi thấy chưa bị chê tấm nào, trước đây chụp bằng đủ loại flagship mà lần l` nào con vợ cũng bảo mua đt phí tiền.
		
Click to expand...

30 củ cũng đáng",https://voz.vn/t/camera-oppo-find-x9-pro-iphone-17-promax.1192364/,
1192364,90574,Ghosthammer,"Jan 6, 2026 at 9:43 PM","skynet01 said:



			Ảnh fen upload bị lỗi hiển thị  rất nhiều  

Ngoài ra so ánh ảnh thì mình đề xuất lên Windows để so, khi xem 1 ảnh trên màn hình Oppo cho dù đã tắt ProXDR thì những ảnh HDR sẽ xem được chi tiết tốt hơn là xem trên Windows hay iPhone nên khá là bất công cho những thiết bị kia.
		
Click to expand...

mình đang tìm cách lấy link ảnh từ google photos chứ up lên fb xong chuyển qua đây hiển thị dễ mà chất lượng như hạch",https://voz.vn/t/camera-oppo-find-x9-pro-iphone-17-promax.1192364/,
1192364,1133000,Alice.Kwon,"Jan 6, 2026 at 9:48 PM","Ủa link google photos của bác xem bình thường mà, mấy ae ở trên không vào xem à:








						17Promax vs OppoFX9P · Dec 28 – 30, 2025 📸
					

Shared album · Tap to view!




					photos.app.goo.gl
				




Ké 1 album so sánh tương tự của Mi 15u và vivo x300:








						Mi15U vs x300 · Dec 25 – 29, 2025 📸
					

Shared album · Tap to view!




					photos.app.goo.gl",https://voz.vn/t/camera-oppo-find-x9-pro-iphone-17-promax.1192364/,
1192364,8163,MaxMedia,"Jan 12, 2026 at 8:59 AM","Con F9P này tôi coi review thấy ấn tượng nhất là độ chi tiết của ảnh, zoom 100% mà vẫn ngon.",https://voz.vn/t/camera-oppo-find-x9-pro-iphone-17-promax.1192364/,
1192364,1032186,BlackSoul,"Jan 12, 2026 at 9:06 AM","đợi năm sau ra x10 xem có đột phá gì ko rồi hốt  
giờ vẫn sài ip11 + ace 5",https://voz.vn/t/camera-oppo-find-x9-pro-iphone-17-promax.1192364/,
1192364,1133000,Alice.Kwon,"Jan 12, 2026 at 9:07 AM",Hết update rồi à thớt?,https://voz.vn/t/camera-oppo-find-x9-pro-iphone-17-promax.1192364/,
1192364,90574,Ghosthammer,"Jan 12, 2026 at 1:34 PM","mấy nay thuế má bận quá, chưa có thời gian ngồi làm",https://voz.vn/t/camera-oppo-find-x9-pro-iphone-17-promax.1192364/,
1192364,1133000,Alice.Kwon,"Jan 27, 2026 at 10:37 PM","nửa tháng rồi, hóng mãi để quyết định mua mà cuối cùng no update.",https://voz.vn/t/camera-oppo-find-x9-pro-iphone-17-promax.1192364/,
1192364,1302877,040295,"Jan 27, 2026 at 11:10 PM","Đã từng thử so sánh trực tiếp x9 pro với ip17 pro max trong cùng điều kiện, góc chụp và oppo ăn chặt iphone",https://voz.vn/t/camera-oppo-find-x9-pro-iphone-17-promax.1192364/,
1192364,1163412,Soul.Hitler,"Feb 2, 2026 at 11:10 PM",không thấy ip17pm có 1 cái cửa gì so camera với x9pro = )),https://voz.vn/t/camera-oppo-find-x9-pro-iphone-17-promax.1192364/page-2,
1192364,1926191,thaybatuhuych,"Feb 10, 2026 at 8:56 AM","nhìn cái nắp lưng của thớt tôi thấy mình trong đó ))) 
P/s: SS Fold 5

 


Attachments








IMG_0324.webp

					507.3 KB
					
					· Views: 19",https://voz.vn/t/camera-oppo-find-x9-pro-iphone-17-promax.1192364/page-2,
1192364,104947,haiaukieuhanh,"Feb 10, 2026 at 7:49 PM","Bác chụp so sánh mà  ảnh góc khác nhau, nhìn chán đời vậy, cứ chụp kiểu bình thường nhất đã, chụp kiểu khác nhau so sánh khó. Test zoom nhìn còn buồn cười hơn.",https://voz.vn/t/camera-oppo-find-x9-pro-iphone-17-promax.1192364/page-2,
1192364,1435175,canguvang1098,"Feb 10, 2026 at 7:57 PM","MaxMedia said:



			Con F9P này tôi coi review thấy ấn tượng nhất là độ chi tiết của ảnh, zoom 100% mà vẫn ngon.
		
Click to expand...




Ghosthammer said:



			giữ chỗ post 2
		
Click to expand...




thaybatuhuych said:



			nhìn cái nắp lưng của thớt tôi thấy mình trong đó )))
P/s: SS Fold 5
		
Click to expand...

chụp thiếu sáng quay đêm có ăn đc cảm biến 1 inch leica của sharp aquos r8 ko các bác nhỉ,hic?",https://voz.vn/t/camera-oppo-find-x9-pro-iphone-17-promax.1192364/page-2,
1192364,2059128,vuxluongw,"Feb 27, 2026 at 9:59 AM",giờ mà tôi đem con honor magic 7 pro quốc tế ra mấy chuỗi để lên đời find x9 pro thì không biết chúng nó có thu không nhỉ? trước tết mua 16.5 ra tết gian thương thu lại 13.5. chịu mẹ luôn cắn dày éo chịu được,https://voz.vn/t/camera-oppo-find-x9-pro-iphone-17-promax.1192364/page-2,
1192364,1163412,Soul.Hitler,"Feb 27, 2026 at 10:11 AM","vuxluongw said:



			giờ mà tôi đem con honor magic 7 pro quốc tế ra mấy chuỗi để lên đời find x9 pro thì không biết chúng nó có thu không nhỉ? trước tết mua 16.5 ra tết gian thương thu lại 13.5. chịu mẹ luôn cắn dày éo chịu được 

Click to expand...

mấy chuỗi còn cắn dày hơn gian thương, anh muốn được giá thì rao bán lại cho người dùng thôi",https://voz.vn/t/camera-oppo-find-x9-pro-iphone-17-promax.1192364/page-2,
1192364,1778639,Joker NA,"Feb 27, 2026 at 12:29 PM","vuxluongw said:



			giờ mà tôi đem con honor magic 7 pro quốc tế ra mấy chuỗi để lên đời find x9 pro thì không biết chúng nó có thu không nhỉ? trước tết mua 16.5 ra tết gian thương thu lại 13.5. chịu mẹ luôn cắn dày éo chịu được 

Click to expand...

Anh bán cho người dùng cứ bớt 1tr -1.5tr so với giá bán của gian thương là được. Để nó thu lại thì khác gì cúng tiền",https://voz.vn/t/camera-oppo-find-x9-pro-iphone-17-promax.1192364/page-2,
1192364,980478,mrlaoai1993,"Apr 29, 2026 at 9:32 AM","Joker NA said:



			Anh bán cho người dùng cứ bớt 1tr -1.5tr so với giá bán của gian thương là được. Để nó thu lại thì khác gì cúng tiền
		
Click to expand...

Bán chưa b",https://voz.vn/t/camera-oppo-find-x9-pro-iphone-17-promax.1192364/page-2,
1193698,1716614,Ddhuans,"Jan 8, 2026 at 7:32 AM","Chào anh em,
Đến hẹn lại lên, lại là mình với con máy Xiaoxin Air 14 đời 2020, mua tháng 01/2021, mình review nhanh em nó sau 5 năm cày cuốc nhé. Anh em có thể xem từng link để thấy cái sự dùng như phá của mình

Bài trên tay review sau 2 tháng mình có cập nhật tại đây:
đánh giá - Lenovo Xiaoxin Air14 - Hài lòng với dân văn phòng (https://voz.vn/t/lenovo-xiaoxin-air14-hai-long-voi-dan-van-phong.234861/)

Bài trên tay review sau 1 năm tại đây mình có cập nhật tại đây:
đánh giá - Xiaoxin Air14 sau 1 năm cày cuốc (https://voz.vn/t/xiaoxin-air14-sau-1-nam-cay-cuoc.479794/)

Bài trên tay review sau 2 năm tại đây mình có cập nhật tại đây:
đánh giá - Xiaoxin Air14 sau 2 năm cày cuốc (https://voz.vn/t/xiaoxin-air14-sau-2-nam-cay-cuoc.708396/)

Bài trên tay review sau 3 năm tại đây mình có cập nhật tại đây:
đánh giá - Lenovo Xiaoxin Air14 sau 3 năm cày cuốc (https://voz.vn/t/lenovo-xiaoxin-air14-sau-3-nam-cay-cuoc.894720/)


Bài trên tay review sau 4 năm tại đây mình có cập nhật tại đây:









đánh giá
Lenovo Xiaoxin Air14 sau 4 năm cày cuốc


Jan 28, 2025




Chào anh em,
Lại là mình với con máy Xiaoxin Air 14 đời 2020, mua tháng 01/2021, mình review nhanh em nó sau 4 năm cày cuốc nhé.

Bài trên tay review sau 2 tháng mình có cập nhật tại đây:
đánh giá - Lenovo Xiaoxin Air14 - Hài lòng với dân văn phòng (https://voz.vn/t/lenovo-xiaoxin-air14-hai-long-voi-dan-van-phong.234861/)

Bài trên tay review sau 1 năm tại đây mình có cập nhật tại đây:
đánh giá - Xiaoxin Air14 sau 1 năm cày cuốc (https://voz.vn/t/xiaoxin-air14-sau-1-nam-cay-cuoc.479794/)

Bài trên tay review sau 2 năm tại đây mình có cập nhật tại đây:
đánh giá - Xiaoxin...




Ddhuans
Replies: 137
Forum: Máy tính xách tay









Nói sơ qua 5 năm sử dụng thì mình dùng em nó thật sự là ko có nâng niu. Công việc của mình đi tỉnh, đi tới các cửa hàng bên mình khác nhiều (trên 2500 cửa hàng) và bay cũng vài chuyến/năm nội địa lẫn quốc tế nên đi đâu, ở đâu vác nó theo suốt bên ngoài.
Ngoại hình mặt trên vẫn đẹp. Nhưng các cạnh đã xước xác hết cả.






Mặt dưới thì các phần cao su chân đế đã mục và rớt ra hết.






Các cạnh góc thì năm vừa rồi mình có làm rơi nó xuống đất vài ba lần nên 4 góc đều có cấn móp. Đặc biệt năm nay có rơi 1 cú khá cao tầm 1.5 mé, 1 góc bị móp nặng nhưng máy vẫn chạy bình thường


















Bàn phím và chỗ kê tay cũng đã xuống cấp. nhưng gõ vẫn còn ngon. Đèn nền vẫn còn.









Màn hình vẫn rất sáng và đẹp, đặc biệt thích cái màn chống chói này khi cần xử lý công việc bên ngoài, hoặc như bài review lần trên tay đầu tiên em có nói. Nhìn hình này anh em cũng thấy nguyên cây đèn đang chói vô màn hình nhưng vẫn làm việc tốt.
Cái màn hình  100% sRGB này em thấy đẹp hơn mấy con máy tầm dưới 20 triệu của đồng nghiệp mua năm 2025, chỉ thua đôi chút đám OLED của ASUS.






Tuy nhiên thì năm nay các chỗ nẹp cao su viền màn hình cũng đã bị mục và bong ra hết






SSD theo máy vẫn đang ổn, pin cũng còn dùng được 5-6 tiếng. SSD có bổ sung thêm ổ 1TB làm ổ chính nên SSD theo máy cũng ít sử dụng.






Pin này em đã thay cách đây hơn 1 năm  (Có nói trong bài review sau 4 năm dùng). Pin mình xài như phá ko giữ, ko bật giới hạn sạc chuyển qua dùng AC vì lúc nào cũng có thể cần đầy pin để đi ra ngoài mà ko biết trước. 






Máy từ lúc mua đến giờ chưa bôi keo tản nhiệt hay vệ sinh. Hiệu năng ổn.
Máy ít shutdown, restart. Toàn đang dùng gập lại nhét balo rồi cần lôi ra dùng tiếp, nó tự standby.
Bản lề vẫn còn cứng, bao gió quạt thổi khi đang làm, ko bị bập bênh giống mấy con laptop dưới 20 triệu năm 2025.
Hiệu năng vẫn còn ngon với công việc hiện tại. Giờ báo cáo cũng đã đc tinh chỉnh ổn, chạy PowerBI  chứ ko còn Excel kiểu thủ công như  xưa nên hiệu năng em nó vẫn ổn. Với giờ em làm sếp rồi nên ko còn cày cục Excel như xưa nữa, he he.
Nhìn chung, đây là 16 triệu mình bỏ ra cảm thấy đáng giá nhất khi mua laptop từ trước đến nay. 
Trong năm có mấy kèo laptop giá tốt, tính đổi sang con khác để nhìn cho soang mà thấy nó đang ổn nên cũng chưa có ý định.
Lâu rồi ko theo dõi thị trường laptop nội địa Trung nên ko biết giờ dòng nội địa Trung còn bền hay ko.
Cảm ơn anh em đã xem! Hẹn gặp lại anh em trong năm thứ 6 nếu nó vẫn còn ổn 

 



			
				Last edited: Jan 8, 2026",https://voz.vn/t/lenovo-xiaoxin-air14-sau-5-nam-cay-cuoc.1193698/,
1193698,993012,Harry James Potter,"Jan 8, 2026 at 7:38 AM",Thím vắt kiệt thế này tính ra là lời rồi :v,https://voz.vn/t/lenovo-xiaoxin-air14-sau-5-nam-cay-cuoc.1193698/,
1193698,1706855,Laladees,"Jan 8, 2026 at 7:38 AM",Bác thay pin máy Lenovo nội địa này ở đâu đấy bác? Có chi nhánh TP. HCM ko?,https://voz.vn/t/lenovo-xiaoxin-air14-sau-5-nam-cay-cuoc.1193698/,
1193698,1716614,Ddhuans,"Jan 8, 2026 at 7:42 AM","Laladees said:



			Bác thay pin máy Lenovo nội địa này ở đâu đấy bác? Có chi nhánh TP. HCM ko?  

Click to expand...

Mình thay bên thím @soledad , Trí Nhân Laptop nhé bác. Pin máy nội địa cũng dùng chung nhiều dòng quốc tế, có phân phối VN nên tự mua về thay cũng đc.",https://voz.vn/t/lenovo-xiaoxin-air14-sau-5-nam-cay-cuoc.1193698/,
1193698,2167939,9K720 Iskander,"Jan 8, 2026 at 8:25 AM",Nếu voz có giải bình chọn cống hiến chắc tôi chọn bạn này đó,https://voz.vn/t/lenovo-xiaoxin-air14-sau-5-nam-cay-cuoc.1193698/,
1193698,1954177,allgam,"Jan 8, 2026 at 8:30 AM","Ddhuans said:



			Chào anh em,
Đến hẹn lại lên, lại là mình với con máy Xiaoxin Air 14 đời 2020, mua tháng 01/2021, mình review nhanh em nó sau 5 năm cày cuốc nhé. Anh em có thể xem từng link để thấy cái sự dùng như phá của mình

Bài trên tay review sau 2 tháng mình có cập nhật tại đây:
đánh giá - Lenovo Xiaoxin Air14 - Hài lòng với dân văn phòng (https://voz.vn/t/lenovo-xiaoxin-air14-hai-long-voi-dan-van-phong.234861/)

Bài trên tay review sau 1 năm tại đây mình có cập nhật tại đây:
đánh giá - Xiaoxin Air14 sau 1 năm cày cuốc (https://voz.vn/t/xiaoxin-air14-sau-1-nam-cay-cuoc.479794/)

Bài trên tay review sau 2 năm tại đây mình có cập nhật tại đây:
đánh giá - Xiaoxin Air14 sau 2 năm cày cuốc (https://voz.vn/t/xiaoxin-air14-sau-2-nam-cay-cuoc.708396/)

Bài trên tay review sau 3 năm tại đây mình có cập nhật tại đây:
đánh giá - Lenovo Xiaoxin Air14 sau 3 năm cày cuốc (https://voz.vn/t/lenovo-xiaoxin-air14-sau-3-nam-cay-cuoc.894720/)


Bài trên tay review sau 4 năm tại đây mình có cập nhật tại đây:









đánh giá
Lenovo Xiaoxin Air14 sau 4 năm cày cuốc


Jan 28, 2025




Chào anh em,
Lại là mình với con máy Xiaoxin Air 14 đời 2020, mua tháng 01/2021, mình review nhanh em nó sau 4 năm cày cuốc nhé.

Bài trên tay review sau 2 tháng mình có cập nhật tại đây:
đánh giá - Lenovo Xiaoxin Air14 - Hài lòng với dân văn phòng (https://voz.vn/t/lenovo-xiaoxin-air14-hai-long-voi-dan-van-phong.234861/)

Bài trên tay review sau 1 năm tại đây mình có cập nhật tại đây:
đánh giá - Xiaoxin Air14 sau 1 năm cày cuốc (https://voz.vn/t/xiaoxin-air14-sau-1-nam-cay-cuoc.479794/)

Bài trên tay review sau 2 năm tại đây mình có cập nhật tại đây:
đánh giá - Xiaoxin...




Ddhuans
Replies: 137
Forum: Máy tính xách tay









Nói sơ qua 5 năm sử dụng thì mình dùng em nó thật sự là ko có nâng niu. Công việc của mình đi tỉnh, đi tới các cửa hàng bên mình khác nhiều (trên 2500 cửa hàng) và bay cũng vài chuyến/năm nội địa lẫn quốc tế nên đi đâu, ở đâu vác nó theo suốt bên ngoài.
Ngoại hình mặt trên vẫn đẹp. Nhưng các cạnh đã xước xác hết cả.

View attachment 3420357

Mặt dưới thì các phần cao su chân đế đã mục và rớt ra hết.

View attachment 3420358

Các cạnh góc thì năm vừa rồi mình có làm rơi nó xuống đất vài ba lần nên 4 góc đều có cấn móp. Đặc biệt năm nay có rơi 1 cú khá cao tầm 1.5 mé, 1 góc bị móp nặng nhưng máy vẫn chạy bình thường

View attachment 3420360



View attachment 3420365

View attachment 3420366

Bàn phím và chỗ kê tay cũng đã xuống cấp. nhưng gõ vẫn còn ngon. Đèn nền vẫn còn.


View attachment 3420374



Màn hình vẫn rất sáng và đẹp, đặc biệt thích cái màn chống chói này khi cần xử lý công việc bên ngoài, hoặc như bài review lần trên tay đầu tiên em có nói. Nhìn hình này anh em cũng thấy nguyên cây đèn đang chói vô màn hình nhưng vẫn làm việc tốt.
Cái màn hình  100% sRGB này em thấy đẹp hơn mấy con máy tầm dưới 20 triệu của đồng nghiệp mua năm 2025, chỉ thua đôi chút đám OLED của ASUS.

View attachment 3420377

Tuy nhiên thì năm nay các chỗ nẹp cao su viền màn hình cũng đã bị mục và bong ra hết

View attachment 3420380

SSD theo máy vẫn đang ổn, pin cũng còn dùng được 5-6 tiếng. SSD có bổ sung thêm ổ 1TB làm ổ chính nên SSD theo máy cũng ít sử dụng.

View attachment 3420381

Pin này em đã thay cách đây hơn 1 năm  (Có nói trong bài review sau 4 năm dùng). Pin mình xài như phá ko giữ, ko bật giới hạn sạc chuyển qua dùng AC vì lúc nào cũng có thể cần đầy pin để đi ra ngoài mà ko biết trước.

View attachment 3420382

Máy từ lúc mua đến giờ chưa bôi keo tản nhiệt hay vệ sinh. Hiệu năng ổn.
Máy ít shutdown, restart. Toàn đang dùng gập lại nhét balo rồi cần lôi ra dùng tiếp, nó tự standby.
Bản lề vẫn còn cứng, bao gió quạt thổi khi đang làm, ko bị bập bênh giống mấy con laptop dưới 20 triệu năm 2025.
Hiệu năng vẫn còn ngon với công việc hiện tại. Giờ báo cáo cũng đã đc tinh chỉnh ổn, chạy PowerBI  chứ ko còn Excel kiểu thủ công như  xưa nên hiệu năng em nó vẫn ổn. Với giờ em làm sếp rồi nên ko còn cày cục Excel như xưa nữa, he he.
Nhìn chung, đây là 16 triệu mình bỏ ra cảm thấy đáng giá nhất khi mua laptop từ trước đến nay.
Trong năm có mấy kèo laptop giá tốt, tính đổi sang con khác để nhìn cho soang mà thấy nó đang ổn nên cũng chưa có ý định.
Lâu rồi ko theo dõi thị trường laptop nội địa Trung nên ko biết giờ dòng nội địa Trung còn bền hay ko.
Cảm ơn anh em đã xem! Hẹn gặp lại anh em trong năm thứ 6 nếu nó vẫn còn ổn 

Click to expand...

lên sếp là chúc mừng fen rồi nhé",https://voz.vn/t/lenovo-xiaoxin-air14-sau-5-nam-cay-cuoc.1193698/,
1193698,40615,dhphucs,"Jan 8, 2026 at 8:54 AM","Thím cày ghê thiệt chứ, mấy góc móp hết , không phải dòng máy trạm mà bền bỉ vậy là quá ok",https://voz.vn/t/lenovo-xiaoxin-air14-sau-5-nam-cay-cuoc.1193698/,
1193698,1799182,vozer04,"Jan 8, 2026 at 9:19 AM",dùng con máy đáng giá từng xu luôn. e cũng cu li làm report làm chung cty với sếp,https://voz.vn/t/lenovo-xiaoxin-air14-sau-5-nam-cay-cuoc.1193698/,
1193698,982086,_V3_,"Jan 8, 2026 at 11:14 AM","đã bán, ngoại hình vẫn như tấm hình trước đó chụp 
lúc bán xảy ra một trường hợp rất lạ, bán cho khách đem về nhà khởi động không vô, khách làm cách nào cũng không được, đem ra tiệm bật lên bình thường, ra cf vẫn bật lên bình thường, nhưng về nhà vẫn bật không lên, thay ssd vẫn thế 
Cuối cùng bán cho khách khác 

Xúc con xiaoxin pro GT 2025",https://voz.vn/t/lenovo-xiaoxin-air14-sau-5-nam-cay-cuoc.1193698/,
1193698,40615,dhphucs,"Jan 8, 2026 at 2:49 PM","_V3_ said:



			đã bán, ngoại hình vẫn như tấm hình trước đó chụp 
lúc bán xảy ra một trường hợp rất lạ, bán cho khách đem về nhà khởi động không vô, khách làm cách nào cũng không được, đem ra tiệm bật lên bình thường, ra cf vẫn bật lên bình thường, nhưng về nhà vẫn bật không lên, thay ssd vẫn thế 
Cuối cùng bán cho khách khác 

Xúc con xiaoxin pro GT 2025  

Click to expand...

máy cũng có linh tính sao, ko hợp nên ko lên",https://voz.vn/t/lenovo-xiaoxin-air14-sau-5-nam-cay-cuoc.1193698/,
1193698,1239632,H.P,"Jan 8, 2026 at 3:03 PM",Mấy sếp WS đâu vào so kèo bền bỉ kìa,https://voz.vn/t/lenovo-xiaoxin-air14-sau-5-nam-cay-cuoc.1193698/,
1193698,1954177,allgam,"Jan 8, 2026 at 3:31 PM","vozer04 said:



			dùng con máy đáng giá từng xu luôn. e cũng cu li làm report làm chung cty với sếp 

Click to expand...

cùng cty luôn à fen, cty làm về j thế",https://voz.vn/t/lenovo-xiaoxin-air14-sau-5-nam-cay-cuoc.1193698/,
1193698,1953721,theoluat,"Jan 8, 2026 at 3:43 PM",quá ổn rùi,https://voz.vn/t/lenovo-xiaoxin-air14-sau-5-nam-cay-cuoc.1193698/,
1193698,1680985,Han_Naqug,"Jan 8, 2026 at 3:45 PM","ko tra keo, ko vệ sinh, lạy bác luôn",https://voz.vn/t/lenovo-xiaoxin-air14-sau-5-nam-cay-cuoc.1193698/,
1193698,1716614,Ddhuans,"Jan 8, 2026 at 5:01 PM","Han_Naqug said:



			ko tra keo, ko vệ sinh, lạy bác luôn
		
Click to expand...

Tại sao phải vệ sinh, tra keo khi heatsink ko đóng bụi? Máy ko bị thermal throttling?",https://voz.vn/t/lenovo-xiaoxin-air14-sau-5-nam-cay-cuoc.1193698/,
1193698,2012374,vatva6927,"Jan 8, 2026 at 9:11 PM","Han_Naqug said:



			ko tra keo, ko vệ sinh, lạy bác luôn
		
Click to expand...

làm con ptm7950 cần gì tra",https://voz.vn/t/lenovo-xiaoxin-air14-sau-5-nam-cay-cuoc.1193698/,
1193698,2012374,vatva6927,"Jan 8, 2026 at 9:12 PM","H.P said:



			Mấy sếp WS đâu vào so kèo bền bỉ kìa 

Click to expand...

dòng này bản quốc tế cũng là ideapad 5 pro/ yoga slim 7 là dòng cao của lenovo rồi nên mới ngon vậy, chứ slim 3 hay thinkbook còn cùi hơn.",https://voz.vn/t/lenovo-xiaoxin-air14-sau-5-nam-cay-cuoc.1193698/,
1193698,1064865,truongbinhtran,"Jan 8, 2026 at 9:19 PM","bộ đếm kia có lỗi k mà 550k lần z ta, là phải từng đó lần gập máy à, bản lề trâu bò vậy",https://voz.vn/t/lenovo-xiaoxin-air14-sau-5-nam-cay-cuoc.1193698/,
1193698,1716614,Ddhuans,"Jan 9, 2026 at 1:30 PM","truongbinhtran said:



			bộ đếm kia có lỗi k mà 550k lần z ta, là phải từng đó lần gập máy à, bản lề trâu bò vậy 

Click to expand...

Ngày em gập 6 lần thôi. Nhưng nhiều khi máy để lâu quá nó tắt điện SSD cho tiết kiệm điện,  standby thì nó sẽ đếm 1 lần on/off",https://voz.vn/t/lenovo-xiaoxin-air14-sau-5-nam-cay-cuoc.1193698/,
1193698,1148189,linhkoy1882,"Jan 9, 2026 at 10:02 PM",thím này toàn kèo mõm bên thớt LQ này,https://voz.vn/t/lenovo-xiaoxin-air14-sau-5-nam-cay-cuoc.1193698/,
1193698,1300812,NhoKduOnG,"Jan 12, 2026 at 1:41 PM","Cứng bản lề nên gập bị kênh màn, hở góc dưới màn. Mang đi sửa bản lề cu thợ ko biết gỡ làm vỡ màn, thay màn.",https://voz.vn/t/lenovo-xiaoxin-air14-sau-5-nam-cay-cuoc.1193698/page-2,
1193698,2083589,tamnhudat,"Jan 12, 2026 at 2:22 PM",sao móp được nhỉ,https://voz.vn/t/lenovo-xiaoxin-air14-sau-5-nam-cay-cuoc.1193698/page-2,
1193698,1286429,trantuananh1996,"Jan 12, 2026 at 2:25 PM","tamnhudat said:



			sao móp được nhỉ
		
Click to expand...

Nhôm mỏng, rơi, va đập thì móp chứ có gì đâu
Nhôm dày cnc nó còn móp nói gì nhôm mỏng",https://voz.vn/t/lenovo-xiaoxin-air14-sau-5-nam-cay-cuoc.1193698/page-2,
1193698,1716746,levi_ackerman,"Jan 12, 2026 at 4:45 PM","Góp vui với bác chủ con Yoga e mua cuối năm 2020. Vỏ nhôm cũng sứt hết góc vì rơi, với mấy lần em để cốp xe ko để ý ép mạnh quá. Kính màn nứt vì bị trẻ con n dẫm lên. Pin giờ chai còn 80%. Ổ cứng theo máy thì đợt trước cty thu nên thay bằng ổ Evo 970.
Hơn 5 năm r vẫn hoạt động bền bỉ mượt mà. Trong khi con Mac Air M1 cũ của vợ e dùng giật tung đuýt.",https://voz.vn/t/lenovo-xiaoxin-air14-sau-5-nam-cay-cuoc.1193698/page-2,
1193698,1789734,anh2592000,"Jan 12, 2026 at 5:01 PM","Em cũng có con Xiaoxin 14 2024 hi vọng sống lâu, mới được 1 năm. Nhỏ gọn đem đi đem lại phê lòi",https://voz.vn/t/lenovo-xiaoxin-air14-sau-5-nam-cay-cuoc.1193698/page-2,
1193698,2056965,devhuynh,"Jan 15, 2026 at 11:04 AM","mấy con đời cũ mà bền vãi, mua mấy con mới giờ quality chán quá ae ạ",https://voz.vn/t/lenovo-xiaoxin-air14-sau-5-nam-cay-cuoc.1193698/page-2,
1193698,1835468,Garou (One Punch Man),"Jan 16, 2026 at 8:17 PM",Và chúng ta có series 10 năm dùng Xiaoxin Air 14,https://voz.vn/t/lenovo-xiaoxin-air14-sau-5-nam-cay-cuoc.1193698/page-2,
1193698,1331636,[L]iberty,"Jan 17, 2026 at 2:33 PM","levi_ackerman said:



View attachment 3428287
Góp vui với bác chủ con Yoga e mua cuối năm 2020. Vỏ nhôm cũng sứt hết góc vì rơi, với mấy lần em để cốp xe ko để ý ép mạnh quá. Kính màn nứt vì bị trẻ con n dẫm lên. Pin giờ chai còn 80%. Ổ cứng theo máy thì đợt trước cty thu nên thay bằng ổ Evo 970.
Hơn 5 năm r vẫn hoạt động bền bỉ mượt mà. Trong khi con Mac Air M1 cũ của vợ e dùng giật tung đuýt.
		
Click to expand...

Cái key cap  của bác là loại gì nhìn ổn thế",https://voz.vn/t/lenovo-xiaoxin-air14-sau-5-nam-cay-cuoc.1193698/page-2,
1193698,1716746,levi_ackerman,"Jan 17, 2026 at 7:26 PM","[L]iberty said:



			Cái key cap  của bác là loại gì nhìn ổn thế 

Click to expand...

Riccks RS8 HMX Cheese bác ah. Mua sale shopee có 700k gõ sướng lắm bác ạ )",https://voz.vn/t/lenovo-xiaoxin-air14-sau-5-nam-cay-cuoc.1193698/page-2,
1193698,370404,Kuydoha,"Jan 30, 2026 at 12:55 AM","Cày ác đấy , ví dụ như đổi con mới, bác định đổi con nào ?",https://voz.vn/t/lenovo-xiaoxin-air14-sau-5-nam-cay-cuoc.1193698/page-2,
1193698,1716614,Ddhuans,"Jan 30, 2026 at 8:50 AM","Kuydoha said:



			Cày ác đấy , ví dụ như đổi con mới, bác định đổi con nào ?
		
Click to expand...


Chưa biết nữa bác. Công việc của mình giờ ko cần máy mạnh nhưng cần pin tốt, trâu bò và có thương hiệu tí để phù hợp hình ảnh bản thân hiện tại nên chắc sẽ đổi ThinkPad.
Option thứ 2 có thể là Macbook nhưng mình ko ưa hệ sinh thái Apple lắm. Đang dùng iPhone từ thời 3GS và có giai đoạn qua SS S20, giờ xài iP13PM mấy năm nay vẫn ko thẩm nổi độ nguuu của iOS",https://voz.vn/t/lenovo-xiaoxin-air14-sau-5-nam-cay-cuoc.1193698/page-2,
1193698,260036,kyboysvn,"Feb 19, 2026 at 11:00 PM","Bị cái này xấu hết cái máy. Con HP đời 2018 mình cũng bị mặc dù xài ko nhiều
Nó cái kiêủ cấn bụi cấn cát mặc dù nó có miếng đệm

 


Attachments








Screenshot_20260219_225838.webp

					235.7 KB
					
					· Views: 9",https://voz.vn/t/lenovo-xiaoxin-air14-sau-5-nam-cay-cuoc.1193698/page-2,
1193698,1054202,secret90,"Feb 22, 2026 at 11:03 AM","Đang xài con ideapad 5 pro 2022 form giống của bác được 3 năm, nâng niu, bỏ túi chống sốc các thứ với dán chống xước nên hiện tại vẫn còn như mới. Nó chỉ kẹt cái 8Gb RAM onboard thôi nhưng vẫn đáp ứng nhu cầu hiện tại, ráng được cái mốc 5 năm rồi đổi máy.",https://voz.vn/t/lenovo-xiaoxin-air14-sau-5-nam-cay-cuoc.1193698/page-2,
1193698,1799182,vozer04,"Feb 22, 2026 at 12:16 PM","Ddhuans said:



			Chưa biết nữa bác. Công việc của mình giờ ko cần máy mạnh nhưng cần pin tốt, trâu bò và có thương hiệu tí để phù hợp hình ảnh bản thân hiện tại nên chắc sẽ đổi ThinkPad.
Option thứ 2 có thể là Macbook nhưng mình ko ưa hệ sinh thái Apple lắm. Đang dùng iPhone từ thời 3GS và có giai đoạn qua SS S20, giờ xài iP13PM mấy năm nay vẫn ko thẩm nổi độ nguuu của iOS 

Click to expand...

bác đổi qua thinkbook X hay zenbook S là đẹp",https://voz.vn/t/lenovo-xiaoxin-air14-sau-5-nam-cay-cuoc.1193698/page-2,
1190037,166595,mr.h30,"Dec 30, 2025 at 8:20 AM","Ổ cắm dùng vít bắt như hình




Sau 2 giờ cắm lò tầm 1700W và kết quả như hình




Và như hình




Qua đây hi vọng hãng lưu ý cải tiến sản phẩm.",https://voz.vn/t/canh-bao-ace-dang-dung-o-cam-chuyen-doi-dang-nhu-sopoka.1190037/,
1190037,1819540,MrTrung7777,"Dec 30, 2025 at 10:45 AM",Y chang e luôn,https://voz.vn/t/canh-bao-ace-dang-dung-o-cam-chuyen-doi-dang-nhu-sopoka.1190037/,
1190037,2060330,michael_lọ,"Dec 30, 2025 at 11:07 AM","Nhìn tên Sopoka nhớ lúc trước nhiều người chê ổ Sopoka màu cam xấu vl xong hãng lên clip kiểu trong khi bạn chê ổ điện thì thợ điện cực khổ trèo cao sửa điện giữa trời nắng gắt. Đéo hiểu logic của hãng kiểu gì, là ổ xấu nhưng phải chịu tại thợ điện làm việc cực khổ?",https://voz.vn/t/canh-bao-ace-dang-dung-o-cam-chuyen-doi-dang-nhu-sopoka.1190037/,
1190037,1716288,Tran.Harry,"Dec 30, 2025 at 11:17 AM","Cái này mình hiểu là điểm tiếp nối giữa ổ chuyển đổi với ổ chia điện không kín, dẫn đến xẹt tia lửa gây cháy pk nhỉ? Nếu v thì có thể là do cục chuyển hoặc ổ chia.

Nhà mình đang xài cả Sopoka và Gongniu, trộm vía là vẫn ổn áp, mỗi tội cái ổ chia điện của Sopoka nó chắc chắn mà màu cam xấu muốn mửa",https://voz.vn/t/canh-bao-ace-dang-dung-o-cam-chuyen-doi-dang-nhu-sopoka.1190037/,
1190037,1724202,huanluyenvien,"Dec 30, 2025 at 11:21 AM",2 cái ổ cắm bị hư mà ko thấy cái phích cắm,https://voz.vn/t/canh-bao-ace-dang-dung-o-cam-chuyen-doi-dang-nhu-sopoka.1190037/,
1190037,166595,mr.h30,"Dec 30, 2025 at 11:24 AM","huanluyenvien said:



			2 cái ổ cắm bị hư mà ko thấy cái phích cắm
		
Click to expand...

Phích trộm vía chảy nhựa không đáng kể",https://voz.vn/t/canh-bao-ace-dang-dung-o-cam-chuyen-doi-dang-nhu-sopoka.1190037/,
1190037,166595,mr.h30,"Dec 30, 2025 at 11:25 AM","Tran.Harry said:



			Cái này mình hiểu là điểm tiếp nối giữa ổ chuyển đổi với ổ chia điện không kín, dẫn đến xẹt tia lửa gây cháy pk nhỉ? Nếu v thì có thể là do cục chuyển hoặc ổ chia.

Nhà mình đang xài cả Sopoka và Gongniu, trộm vía là vẫn ổn áp, mỗi tội cái ổ chia điện của Sopoka nó chắc chắn mà màu cam xấu muốn mửa 

Click to expand...

Vấn đề ở chỗ con vít, lỏng.",https://voz.vn/t/canh-bao-ace-dang-dung-o-cam-chuyen-doi-dang-nhu-sopoka.1190037/,
1190037,117426,sonca4321,"Dec 30, 2025 at 11:34 AM","Theo kinh nghiệm của mình, để hạn chế tình trạng cháy nhựa như này, thì phích cấm đực của thiết bị công suất lớn (lò nướng - nồi cơm điện - bếp điện từ - bếp hồng ngoại,... ) nên xài phích cắm đực loại công suất lớn - hình dạng phích cắm to hơn loại thường nhiều, khi đó phích cắm đực mới tiếp xúc tốt nhất với ổ cắm cái. 
Tối ưu nhất là xài phích cắm đực - cái loại dành cho công suất lớn, những loại này công suất Max khoảng 4000W, xài cho thiết bị 2000W thì ổn, ko lo cháy nổ. Tuy nhiên giá thành cao và ít chỗ bán",https://voz.vn/t/canh-bao-ace-dang-dung-o-cam-chuyen-doi-dang-nhu-sopoka.1190037/,
1190037,1716288,Tran.Harry,"Dec 30, 2025 at 11:36 AM","mr.h30 said:



			Vấn đề ở chỗ con vít, lỏng.
		
Click to expand...

Cái cục chuyển trước khi xài fen thấy có lỏng ở 2 chấu cắm không? Sau khi cháy nó bị lỏng thì bình thường vì chảy nhựa, còn trước đấy mà bị lỏng thì mới là vấn đề",https://voz.vn/t/canh-bao-ace-dang-dung-o-cam-chuyen-doi-dang-nhu-sopoka.1190037/,
1190037,166595,mr.h30,"Dec 30, 2025 at 12:32 PM","Tran.Harry said:



			Cái cục chuyển trước khi xài fen thấy có lỏng ở 2 chấu cắm không? Sau khi cháy nó bị lỏng thì bình thường vì chảy nhựa, còn trước đấy mà bị lỏng thì mới là vấn đề
		
Click to expand...

Điểm phát nhiệt ở ngay con vít",https://voz.vn/t/canh-bao-ace-dang-dung-o-cam-chuyen-doi-dang-nhu-sopoka.1190037/,
1190037,1391744,7770,"Dec 30, 2025 at 1:59 PM","kinh nghiệm của tôi là mấy cái công suất lớn dùng phích 3 chân thì cắt đi rồi mua cái phích chịu tải 2 chân nối vào, vừa gọn vừa đảm bảo, chả hiểu nhiều người thích giữ zin cái phích 3 chân rồi mua ổ cắm chuyển làm gì cho vướng",https://voz.vn/t/canh-bao-ace-dang-dung-o-cam-chuyen-doi-dang-nhu-sopoka.1190037/,
1190037,1392924,danghaibang,"Dec 30, 2025 at 2:28 PM","mấy cục chuyển như thớt xài thấy mau nóng vl, mình hay xài cục của điện quang, cắm ấm đun đồ chạy ko thấy nóng

 


Attachments








1767079667711.webp

					3.3 KB
					
					· Views: 19",https://voz.vn/t/canh-bao-ace-dang-dung-o-cam-chuyen-doi-dang-nhu-sopoka.1190037/,
1190037,1446911,huongdanso10,"Dec 30, 2025 at 2:31 PM","đang tính mua ổ chia của sopoka thì thấy thớt này, rén luôn  Tiện đây các thím cho hỏi có nên dùng của deli không, thấy ổ cũng chắc chắn, nhiều người dùng",https://voz.vn/t/canh-bao-ace-dang-dung-o-cam-chuyen-doi-dang-nhu-sopoka.1190037/,
1190037,99919,hieuthao,"Dec 30, 2025 at 2:35 PM","trc cũng nghe vozer mua cả đống ổ sopoka này, build các thứ thì ổn nhưng ổ rất nhanh lỏng/lệch, cắm rút một hồi là chân đồng bị lệch xong ko ko ăn luôn. chán giải tán hết mua gongniu (cũng là vozer review nữa  )
gongniu là hãng bull bên TQ bán chạy top luôn, nhưng cắm 3 chân dẹt của tàu lại khó",https://voz.vn/t/canh-bao-ace-dang-dung-o-cam-chuyen-doi-dang-nhu-sopoka.1190037/,
1190037,2001701,Namdao,"Dec 30, 2025 at 7:42 PM","Ổ chia toàn miếng đồng,có thể ổ điện quá tải lan qua ổ chia,ổ cắm thường dây nối nhỏ qua các chui cắm nên dễ quá tải.Trên đây có voz chế dây 2.0 hay 3.0 vào.",https://voz.vn/t/canh-bao-ace-dang-dung-o-cam-chuyen-doi-dang-nhu-sopoka.1190037/,
1190037,1742985,@Tableau,"Dec 30, 2025 at 7:44 PM","Lò vi sóng Panasonic nó đặt Midea OEM nên phích 3 chân ngang, lúc đầu mua đầu chuyển sopoka xài 1 thời gian cũng tóe lửa ,mẻ luôn cái chân tiếp điện, sau đổi qua cái ổ này cắm vào ổ điện cho chắc chắn",https://voz.vn/t/canh-bao-ace-dang-dung-o-cam-chuyen-doi-dang-nhu-sopoka.1190037/,
1190037,166595,mr.h30,"Dec 30, 2025 at 10:59 PM","7770 said:



			kinh nghiệm của tôi là mấy cái công suất lớn dùng phích 3 chân thì cắt đi rồi mua cái phích chịu tải 2 chân nối vào, vừa gọn vừa đảm bảo, chả hiểu nhiều người thích giữ zin cái phích 3 chân rồi mua ổ cắm chuyển làm gì cho vướng
		
Click to expand...

chắc cắt dây bỏ luôn, dây có 075, cơ mà mất bảo hành",https://voz.vn/t/canh-bao-ace-dang-dung-o-cam-chuyen-doi-dang-nhu-sopoka.1190037/,
1190037,1238434,dnt47953,"Dec 31, 2025 at 9:42 AM","@Tableau said:



View attachment 3407811

Lò vi sóng Panasonic nó đặt Midea OEM nên phích 3 chân ngang, lúc đầu mua đầu chuyển sopoka xài 1 thời gian cũng tóe lửa ,mẻ luôn cái chân tiếp điện, sau đổi qua cái ổ này cắm vào ổ điện cho chắc chắn
		
Click to expand...

Ổ này mình mua mấy cái cất tủ hết rồi. Một là cái chân đực ở giữa dùng 1 tháng là lỏng, 2 là nối đất có cũng như không, cắm PC vào sờ vỏ vẫn tê tê.",https://voz.vn/t/canh-bao-ace-dang-dung-o-cam-chuyen-doi-dang-nhu-sopoka.1190037/,
1190037,1238434,dnt47953,"Dec 31, 2025 at 9:44 AM","7770 said:



			kinh nghiệm của tôi là mấy cái công suất lớn dùng phích 3 chân thì cắt đi rồi mua cái phích chịu tải 2 chân nối vào, vừa gọn vừa đảm bảo, chả hiểu nhiều người thích giữ zin cái phích 3 chân rồi mua ổ cắm chuyển làm gì cho vướng
		
Click to expand...

3 chân thì có nối đất + chỉ cắm ổ được đúng chiều chứ không thể cắm ngược LN",https://voz.vn/t/canh-bao-ace-dang-dung-o-cam-chuyen-doi-dang-nhu-sopoka.1190037/,
1190037,1391744,7770,"Dec 31, 2025 at 1:27 PM","dnt47953 said:



			3 chân thì có nối đất + chỉ cắm ổ được đúng chiều chứ không thể cắm ngược LN
		
Click to expand...

tôi đang nói mấy người dùng đầu chuyển sang 2 chân chứ anh có ổ 3 chân thì dùng đầu chuyển làm cái gì. với điện xoay chiều lại có tiếp đất rồi thì anh phân biệt L N làm gì, có chắc cắm đúng chiều thì dây L nó sẽ vào đúng ổ L nhà anh không",https://voz.vn/t/canh-bao-ace-dang-dung-o-cam-chuyen-doi-dang-nhu-sopoka.1190037/,
1190037,1435175,canguvang1098,"Dec 31, 2025 at 3:14 PM","dnt47953 said:



			3 chân thì có nối đất + chỉ cắm ổ được đúng chiều chứ không thể cắm ngược LN
		
Click to expand...




7770 said:



			tôi đang nói mấy người dùng đầu chuyển sang 2 chân chứ anh có ổ 3 chân thì dùng đầu chuyển làm cái gì. với điện xoay chiều lại có tiếp đất rồi thì anh phân biệt L N làm gì, có chắc cắm đúng chiều thì dây L nó sẽ vào đúng ổ L nhà anh không
		
Click to expand...

ủa,sao em thấy ổ cắm 3 chân họ đấu nối vào phích 2 chân để cắm vào đc ổ điện tường chứ có quan tâm phải đúng chiều l-n gì đâu các bác nhỉ,hic?",https://voz.vn/t/canh-bao-ace-dang-dung-o-cam-chuyen-doi-dang-nhu-sopoka.1190037/page-2,
1190037,1391744,7770,"Dec 31, 2025 at 3:28 PM","canguvang1098 said:



			ủa,sao em thấy ổ cắm 3 chân họ đấu nối vào phích 2 chân để cắm vào đc ổ điện tường chứ có quan tâm phải đúng chiều l-n gì đâu các bác nhỉ,hic?
		
Click to expand...

đúng là điện xoay chiều thì không cần quan tâm cái này, chỉ 1 số trường hợp bị rò điện ra vỏ thì đảo chiều phích cắm có thể hết rò",https://voz.vn/t/canh-bao-ace-dang-dung-o-cam-chuyen-doi-dang-nhu-sopoka.1190037/page-2,
1190037,40615,dhphucs,"Dec 31, 2025 at 9:38 PM","canguvang1098 said:



			ủa,sao em thấy ổ cắm 3 chân họ đấu nối vào phích 2 chân để cắm vào đc ổ điện tường chứ có quan tâm phải đúng chiều l-n gì đâu các bác nhỉ,hic?
		
Click to expand...

Thiết bị dùng điện AC thì hoạt động ko phân biệt L&N, nhưng trong 1 số trường hợp nếu cắm đúng L&N sẽ an toàn hơn. Ví dụ các ổ cắm kéo dài công tắc thường là loại 1 cực nằm trên dây L, ko chú ý L&N có thể bị ngược khi đó công tắc nằm trên dây N thì dù tắt trong ổ vẫn có điện. Hoặc dây nguồn máy tính cũng cần phân biệt L&N để an toàn hơn. Xem bài này để biết thêm









kiến thức
Bị rò điện vỏ máy tính, máy in... dù đang tắt nguồn ? nguyên nhân và cách khắc phục


Sep 26, 2024




Bị rò điện vỏ máy tính, máy in... dù đang tắt nguồn ? nguyên nhân và cách khắc phục

Chắc thỉnh thoảng nhiều bác gặp tình trạng bị tê tê khi chạm vào thùng máy PC, máy in dù máy không hoạt động hoặc ổ cắm đang tắt. Khi hỏi trên các nhóm thường nhận được tư vấn là đảo chiều phích cắm, có khi hết nhưng cũng có khi không có tác dụng. Mình làm clip để tìm hiểu nguyên nhân và cách khắc phục khi gặp tình trạng này.
(Bài này chỉ làm rõ giải pháp đơn giản là cắm đúng thứ tự dây L&N để công tắc ổ cắm hoặc công tắc nguồn máy tính có tác dụng ngắt điện. Còn với nguồn xung nói chung như...




dhphucs
Replies: 42
Forum: Đồ điện tử & Thiết bị gia dụng",https://voz.vn/t/canh-bao-ace-dang-dung-o-cam-chuyen-doi-dang-nhu-sopoka.1190037/page-2,
1190037,38582,^_^Cool^_^,"Dec 31, 2025 at 9:54 PM","Cũng bị một cái, mua vì màu đẹp.


^_^Cool^_^ said:



			Né Sopoka là được. Ổ chia cũng xịn, cứng cáp. Xài cũng tầm mấy tháng, tối qua nấu ấm nước siêu tốc, nước không nhiều mà nóng chảy chân cắm của ổ.
View attachment 2985175
View attachment 2985176

Click to expand...",https://voz.vn/t/canh-bao-ace-dang-dung-o-cam-chuyen-doi-dang-nhu-sopoka.1190037/page-2,
1190037,2047339,glory4us,"Dec 31, 2025 at 11:05 PM","mr.h30 said:



			Ổ cắm dùng vít bắt như hình
View attachment 3406616
Sau 2 giờ cắm lò tầm 1700W và kết quả như hình
View attachment 3406618
Và như hình
View attachment 3406619
Qua đây hi vọng hãng lưu ý cải tiến sản phẩm.
		
Click to expand...




Ổ kiểu công tắc kia tôi đánh giá là yếu. Fence tháo ra xem dây chắc bé tí.
Về chất liệu. Nhựa ổ chuyển So ko bị chảy dù nhiệt cao. Trong khi ổ Gong nhựa chảy nhũn.
Theo hình ảnh chân đồng bị cháy xém có vết giống kim loại chảy, tôi đoán vị trí mô ve đánh lửa tại chân cắm ổ Gong. Lá đồng tiếp xúc kém nên đánh lửa và quá nhiệt.",https://voz.vn/t/canh-bao-ace-dang-dung-o-cam-chuyen-doi-dang-nhu-sopoka.1190037/page-2,
1190037,1835125,max20091,"Dec 31, 2025 at 11:17 PM","Này là bot spam link a nào like thế? Nó có biết gì đâu?
Link sàn cam nó dùng 0 thay vì o kìa.",https://voz.vn/t/canh-bao-ace-dang-dung-o-cam-chuyen-doi-dang-nhu-sopoka.1190037/page-2,
1190037,2173211,nguyenthaiau,"Dec 31, 2025 at 11:24 PM","toiyeuhalong said:



View attachment 3409158
Mấy cái cổng chuyển này k lên dùng, cắt đầu cắm đấu phích chịu tải vào, còn cắm thiết bị tải nặng thì chơi ổ chân sứ kèm dây nguồn 1.31 là chấp hết các thể loại lioa, rạng đông, sopoka. Còn cắm thiết bị nhẹ điện cứ ổ xiaomi 3 hoặc 6 cổng mà chơi

Click to expand...

đây ổ cam thần thánh, nhìn cáp to vkl là thấy ưng rồi, ấm siêu tốc, nồi điện gì cứ ghim vào đây, an toàn hehe",https://voz.vn/t/canh-bao-ace-dang-dung-o-cam-chuyen-doi-dang-nhu-sopoka.1190037/page-2,
1190037,742138,vanthoan,"Dec 31, 2025 at 11:36 PM","Cắm bằng phích cắm có kích thước to nhỏ khác nhau sẽ làm rộng cái lỗ, cộng với vấn đề vật liệu dỏm lâu ngày bị oxy hóa, gây tiếp xúc không tốt. Đây là nguyên nhân chính gây cháy.
Chúng ta nên tìm ổ cắm có lỗ co giãn được với kích thước lỗ khác nhau tùy theo loại phích cắm. Vật liệu là kim loại không gỉ. Khi cắm nhớ kiểm tra độ chắc chắn, và lắng nghe âm thanh phát ra. Nếu nghe tiếng rè rè là phải rút ra cắm lại.",https://voz.vn/t/canh-bao-ace-dang-dung-o-cam-chuyen-doi-dang-nhu-sopoka.1190037/page-2,
1190037,1835125,max20091,"Dec 31, 2025 at 11:40 PM","glory4us said:




Ổ kiểu công tắc kia tôi đánh giá là yếu. Fence tháo ra xem dây chắc bé tí.
Về chất liệu. Nhựa ổ chuyển So ko bị chảy dù nhiệt cao. Trong khi ổ Gong nhựa chảy nhũn.
Theo hình ảnh chân đồng bị cháy xém có vết giống kim loại chảy, tôi đoán vị trí mô ve đánh lửa tại chân cắm ổ Gong. Lá đồng tiếp xúc kém nên đánh lửa và quá nhiệt.
View attachment 3409588

Click to expand...

Ổ công tắc kia nó chịu 2500W, bên trong lõi full đồng mà.
Cái khả nghi nhất là cái Sopoka kia rated có 1200W thôi fen, dí 1700W 2 tiếng ko cháy mới lạ.
https://sopoka.com.vn/product/dau-noi-da-nang-p7/

Khả nghi nhất là cái chỗ bắt vít đấy chắc nó là đồng rỗng chứ ko đồng đặc nên chỉ chịu được 1200W. Nếu zoom kĩ cái hình chân cháy fen thấy bên trong nó là không khí kìa.",https://voz.vn/t/canh-bao-ace-dang-dung-o-cam-chuyen-doi-dang-nhu-sopoka.1190037/page-2,
1190037,2047339,glory4us,"Jan 1, 2026 at 12:32 AM","max20091 said:



			Ổ công tắc kia nó chịu 2500W, bên trong lõi full đồng mà.
Cái khả nghi nhất là cái Sopoka kia rated có 1200W thôi fen, dí 1700W 2 tiếng ko cháy mới lạ.








						Đầu nối đa năng P7 - CÔNG TY CỔ PHẦN CHẾ TẠO THIẾT BỊ ĐIỆN OMEGA
					

Lỗ cắm đa năng  Chịu nhiệt  Chống vỡ  Thiết kế tiện dụng    Đầu nối P7 có chức năng chuyển đổi một ổ cắm 3 lỗ thành một ổ cắm 2 đa năng.  Tiếp xúc đồng đàn hồi, có lò xo tăng lực kẹp.  Thân được làm từ nhựa ABS, có khả năng chịu va đập cao.  Nắp được làm từ nhựa pha sứ, có khả năng chịu nhiệt...




					sopoka.com.vn
				




Khả nghi nhất là cái chỗ bắt vít đấy chắc nó là đồng rỗng chứ ko đồng đặc nên chỉ chịu được 1200W. Nếu zoom kĩ cái hình chân cháy fen thấy bên trong nó là không khí kìa.
		
Click to expand...

Chô bắt vít chân cắm đó chẳng sao đâu. Chỗ tôi khoanh có vết đồng cháy bám đó. Vị trí đó là ổ chia và chân nối. Ổ TQ ghi 2500W là tổng công suất.

Bên trong chân căm Gongniu ko có gông thép đàn hồi. Khi nóng thì lá đồng mất đàn hồi luôn nên tiếp điểm tiếp xúc kém. Thớt chụp close up lại chỗ tui khoanh và tháo ổ gongniu xem có đúng là tiếp điểm  đồng chảy ko biết ngay





 



			
				Last edited: Jan 1, 2026",https://voz.vn/t/canh-bao-ace-dang-dung-o-cam-chuyen-doi-dang-nhu-sopoka.1190037/page-2,
1190037,38582,^_^Cool^_^,"Jan 1, 2026 at 1:37 AM","max20091 said:



			Này là bot spam link a nào like thế? Nó có biết gì đâu?
Link sàn cam nó dùng 0 thay vì o kìa.
View attachment 3409596
View attachment 3409604

Click to expand...

Thím tinh mắt thế. Để quay lại gạch. Do nó dùng link dài ngoằng nên tưởng người dùng.
Nó cũng tinh tướng ghê. Thời đại ngược, link rút gọn dấu trong link thường. :v",https://voz.vn/t/canh-bao-ace-dang-dung-o-cam-chuyen-doi-dang-nhu-sopoka.1190037/page-2,
1190037,166595,mr.h30,"Jan 1, 2026 at 11:03 PM","Xác nhận nhựa chảy, đồng không chảy




kết quả khám nghiệm hiện trường: điểm phát hỏa được khoanh màu cam

 



			
				Last edited: Jan 1, 2026",https://voz.vn/t/canh-bao-ace-dang-dung-o-cam-chuyen-doi-dang-nhu-sopoka.1190037/page-2,
1190037,2047339,glory4us,"Jan 1, 2026 at 11:14 PM","mr.h30 said:



View attachment 3410740
Xác nhận nhựa chảy, đồng không chảy
View attachment 3410773
kết quả khám nghiệm hiện trường: điểm phát hỏa được khoanh màu cam
		
Click to expand...

Trông chỗ tiếp điểm có vệt biến dạng mà nhỉ.",https://voz.vn/t/canh-bao-ace-dang-dung-o-cam-chuyen-doi-dang-nhu-sopoka.1190037/page-2,
1190037,1741901,ku em 96,"Jan 1, 2026 at 11:21 PM","chuẩn nhất là dẹp mấy ổ cắm đa năng này đi, chơi 1 hệ thôi, hoặc là US, hoặc là EU, hoặc chơi luôn hệ China, chứ mấy ổ đa năng nó phải làm rộng, không bao giờ tiếp xúc được hết các chân",https://voz.vn/t/canh-bao-ace-dang-dung-o-cam-chuyen-doi-dang-nhu-sopoka.1190037/page-2,
1190037,166595,mr.h30,"Jan 1, 2026 at 11:33 PM","glory4us said:



			Trông chỗ tiếp điểm có vệt biến dạng mà nhỉ.
		
Click to expand...

nhựa bám",https://voz.vn/t/canh-bao-ace-dang-dung-o-cam-chuyen-doi-dang-nhu-sopoka.1190037/page-2,
1190037,2047339,glory4us,"Jan 2, 2026 at 12:07 AM","ku em 96 said:



			chuẩn nhất là dẹp mấy ổ cắm đa năng này đi, chơi 1 hệ thôi, hoặc là US, hoặc là EU, hoặc chơi luôn hệ China, chứ mấy ổ đa năng nó phải làm rộng, không bao giờ tiếp xúc được hết các chân
		
Click to expand...


Đúng là nếu chỉ chuyên cắm chân tròn EU plug thì tiếp xúc tốt hơn.",https://voz.vn/t/canh-bao-ace-dang-dung-o-cam-chuyen-doi-dang-nhu-sopoka.1190037/page-2,
1190037,1289405,Fake_IP,"Jan 2, 2026 at 7:01 AM","Thiết kế ngu.
Công suất càng lớn thì người ta càng phải hạn chế việc có nhiều điểm nối trung gian.",https://voz.vn/t/canh-bao-ace-dang-dung-o-cam-chuyen-doi-dang-nhu-sopoka.1190037/page-2,
1190037,1596513,minhhoangbeo,"Jan 2, 2026 at 10:00 PM","huongdanso10 said:



			đang tính mua ổ chia của sopoka thì thấy thớt này, rén luôn  Tiện đây các thím cho hỏi có nên dùng của deli không, thấy ổ cũng chắc chắn, nhiều người dùng
		
Click to expand...

Deli lỏ hơn gongniu",https://voz.vn/t/canh-bao-ace-dang-dung-o-cam-chuyen-doi-dang-nhu-sopoka.1190037/page-2,
1190037,1741113,Ellen Ripley,"Jan 2, 2026 at 10:13 PM","Quên mất ko cảnh báo các bác, vụ này e bị hơn năm rồi. 
Lưu ý cắm mấy cái vớ vẩn thôi. E cắm ấm siêu tốc 1500w có một lúc mà cũng chảy ra luôn, mắc luôn cái cọc kim loại ở trong ổ điện",https://voz.vn/t/canh-bao-ace-dang-dung-o-cam-chuyen-doi-dang-nhu-sopoka.1190037/page-2,
1190037,1104758,seoitsystem,"Jan 3, 2026 at 8:04 AM","Cắm đồ công suất cao thì nên kiếm ổ cắm 3 chấu, đừng xài mấy đồ chuyển đổi",https://voz.vn/t/canh-bao-ace-dang-dung-o-cam-chuyen-doi-dang-nhu-sopoka.1190037/page-2,
1190037,3713,thanh,"Jan 4, 2026 at 12:12 AM","Chủ thớt thử kiếm cái power meter đo thử xem cái lò có đúng 1700w ko, chứ công suất này ko phải quá lớn, cắm ko bị lỏng thì ko đến mức như kia. Cũng có thể công suất W ko cao, nhưng công suất VA lại cao nữa/
Mình dùng mấy ổ nối dài đa năng như này nhiều năm, cắm đủ các thứ: nồi cơm, lò vi sóng, ấm siêu tốc, ... mà chưa bao giờ bị chảy nhựa/ cháy đen tiếp điểm. 
Đôi khi các chị em ở nhà lấy cái ổ cắm đểu dây 2x0.5 (hãng ghi max 800w) ra cắm bếp lẩu đến mức dây nóng ran cơ mà tiếp điểm thì vẫn nguyên vẹn )
Khả năng cao là chủ thớt cắm bị lỏng !",https://voz.vn/t/canh-bao-ace-dang-dung-o-cam-chuyen-doi-dang-nhu-sopoka.1190037/page-3,
1190037,166595,mr.h30,"Jan 4, 2026 at 6:22 PM","thanh said:



			Chủ thớt thử kiếm cái power meter đo thử xem cái lò có đúng 1700w ko, chứ công suất này ko phải quá lớn, cắm ko bị lỏng thì ko đến mức như kia. Cũng có thể công suất W ko cao, nhưng công suất VA lại cao nữa/
Mình dùng mấy ổ nối dài đa năng như này nhiều năm, cắm đủ các thứ: nồi cơm, lò vi sóng, ấm siêu tốc, ... mà chưa bao giờ bị chảy nhựa/ cháy đen tiếp điểm.
Đôi khi các chị em ở nhà lấy cái ổ cắm đểu dây 2x0.5 (hãng ghi max 800w) ra cắm bếp lẩu đến mức dây nóng ran cơ mà tiếp điểm thì vẫn nguyên vẹn )
Khả năng cao là chủ thớt cắm bị lỏng !
		
Click to expand...

Không phải cắm lỏng.
Lỗi ở chỗ nsx dùng con vít kia

Gửi từ samsung SM-T225 bằng VOZVNApp",https://voz.vn/t/canh-bao-ace-dang-dung-o-cam-chuyen-doi-dang-nhu-sopoka.1190037/page-3,
1190037,2098761,tml3nx,"Jan 4, 2026 at 6:45 PM","Anh thớt không bị gì là may rồi. Nhà em có cái bếp 2300w. Cháy mất 2-3 ổ nối dài. Mãi sau mua đc ổ ĐQ cs lớn mới êm. Sợi cáp cứng hơi khó chịu tí.






						Ổ cắm Công suất lớn Điện Quang ĐQ ESKHP 2M ( 3 lỗ, dây dài 2m )
					

Ổ cắm Công suất lớn Điện Quang ĐQ ESKHP 5M (3 lỗ, dây dài 2m) được làm bằng nhựa đạt các tiêu chuẩn về chống cháy và chịu nhiêt (không bị vỡ khi rơi xuống đất ở độ cao 5m), thiết kế đặc biệt dùng cho các thiết bị điện cần công suất sử dụng lên đến 4000W, bảo hành 12 tháng 1 đổi 1.




					dienquang.com",https://voz.vn/t/canh-bao-ace-dang-dung-o-cam-chuyen-doi-dang-nhu-sopoka.1190037/page-3,
1190037,1432382,Jaeho Kouki,"Jan 4, 2026 at 6:46 PM","max20091 said:



			Này là bot spam link a nào like thế? Nó có biết gì đâu?
Link sàn cam nó dùng 0 thay vì o kìa.
View attachment 3409596
View attachment 3409604

Click to expand...

tụi chạy quảng cáo spam, ở vịt trùm mmo mà.",https://voz.vn/t/canh-bao-ace-dang-dung-o-cam-chuyen-doi-dang-nhu-sopoka.1190037/page-3,
1190037,610840,doancomhd,"Jan 6, 2026 at 2:40 PM","nhà em vẫn hay dùng ổ của lioa. cảm giác cắm thì bạo dâm vl, nhưng trộm vía dùng nhiều năm vẫn chưa gặp sự cố gì",https://voz.vn/t/canh-bao-ace-dang-dung-o-cam-chuyen-doi-dang-nhu-sopoka.1190037/page-3,
1190037,71504,20404667,"Jan 11, 2026 at 10:56 PM","Mấy cái chia ổ cắm nối dài nên mua loại universal nhé, phích cắm nào cũng chọt vô được kể cả loại 3 chân chéo của Tàu. Thiết bị công suất lớn nên hạn chế tối đa bộ chuyển 3/2 chấu vì cái bộ này gây ra tiếp xúc không tốt, dễ sinh nhiệt",https://voz.vn/t/canh-bao-ace-dang-dung-o-cam-chuyen-doi-dang-nhu-sopoka.1190037/page-3,
1190037,1809936,Maokai,"Jan 14, 2026 at 2:19 PM",Mình cũng bị 1 vố như này khi cắm cái bình siêu tốc,https://voz.vn/t/canh-bao-ace-dang-dung-o-cam-chuyen-doi-dang-nhu-sopoka.1190037/page-3,
1190037,2179639,chelsea.no1.hp,"Jan 15, 2026 at 5:50 AM","tml3nx said:



			Anh thớt không bị gì là may rồi. Nhà em có cái bếp 2300w. Cháy mất 2-3 ổ nối dài. Mãi sau mua đc ổ ĐQ cs lớn mới êm. Sợi cáp cứng hơi khó chịu tí.






						Ổ cắm Công suất lớn Điện Quang ĐQ ESKHP 2M ( 3 lỗ, dây dài 2m )
					

Ổ cắm Công suất lớn Điện Quang ĐQ ESKHP 5M (3 lỗ, dây dài 2m) được làm bằng nhựa đạt các tiêu chuẩn về chống cháy và chịu nhiêt (không bị vỡ khi rơi xuống đất ở độ cao 5m), thiết kế đặc biệt dùng cho các thiết bị điện cần công suất sử dụng lên đến 4000W, bảo hành 12 tháng 1 đổi 1.




					dienquang.com
				




View attachment 3414541

Click to expand...

Dây điện vẫn là dây 0.75 thôi bác muốn khỏe mua ổ chịu tải goongniu + phích chịu tải + dây đơn 4mm cực ngon khỏe",https://voz.vn/t/canh-bao-ace-dang-dung-o-cam-chuyen-doi-dang-nhu-sopoka.1190037/page-3,
1190037,2098761,tml3nx,"Jan 15, 2026 at 7:17 AM","chelsea.no1.hp said:



			Dây điện vẫn là dây 0.75 thôi bác muốn khỏe mua ổ chịu tải goongniu + phích chịu tải + dây đơn 4mm cực ngon khỏe
		
Click to expand...

Éc, anh nhắc em mới nhớ. Em mua combo bên dưới lâu rồi mà quên mất. Để kím sợi cáp nào mềm mềm tí. Dây cứng xài mệt quá 

PS: Em mới xem lại cái ổ Điện Quang ESKHP 2M dùng dây 2x1.5mm anh ạ.











 



			
				Last edited: Jan 15, 2026",https://voz.vn/t/canh-bao-ace-dang-dung-o-cam-chuyen-doi-dang-nhu-sopoka.1190037/page-3,
1190037,1642733,Nightcall,"Jan 15, 2026 at 10:41 AM","Sapoka này có hàng fake ko mấy thím?




Tầm năm ngoái đổ lại đây thấy hay mua trúng loại có màu cam xấu xấu như này, sờ vào ko mượt, nhìn kĩ thấy ""nhiễu hạt"", ba via dư nhiều, mà cũng hay bị hư hỏng hơn ngày xưa. 
Hồi 2020 21 gì đấy mua mấy cái ổ màu cam rực toàn vất ra đất, cầm dây kéo rồi quăng ném tùm lum. Cắm cho máy hàn, máy mài thấy chả sao. Giờ cũng cái ""3000W"" đấy, cắm máy cầm tay thấy lỏ lỏ",https://voz.vn/t/canh-bao-ace-dang-dung-o-cam-chuyen-doi-dang-nhu-sopoka.1190037/page-3,
1190037,1664185,Kim.Dung.,"Jan 18, 2026 at 6:23 PM","mr.h30 said:



			Vấn đề ở chỗ con vít, lỏng.
		
Click to expand...

Cơ bản là tiết kiệm giá sản xuất, nêm chọn vít thép, bắt vào cọc đồng, 2 kim loại khác nhau có hệ số giãn nở khác nhau, dùng 1 thời gian nó tự lỏng ra. Cái này nguy cơ chập cháy cao. Lỗi thiết kế. 
Các hãng khác tốt hơn thì hoặc là bấm tán, hoặc dùng cùng vật liệu. 
Cá nhân mình thì tải bé bé mới dùng mấy cái chuyển, tải lớn cỡ 500w trở lên thì cứ cắm trực tiếp, hạn chế tối đa ổ nối hay chuyển. Các anh em về nhà, tìm mấy ổ nối đấy vứt bớt đi, cháy có ngày.",https://voz.vn/t/canh-bao-ace-dang-dung-o-cam-chuyen-doi-dang-nhu-sopoka.1190037/page-3,
1190037,2171676,hahahav2,"Jan 19, 2026 at 4:09 AM","mr.h30 said:



			Điểm phát nhiệt ở ngay con vít
		
Click to expand...

theo hình thì phát nhiệt ngay ở tiếp xúc của ổ chuyển(+) và ổ điện(-) mà bác, có thể bác thấy nó lỏng sau cháy do nhiều nguyên nhân, nhưng rõ ràng cháy do tiếp xúc kém ở ổ điện và ổ chuyển.
Chưa rõ thông tin vận hành của lò 1700w, điều kiện tiếp xúc của ổ.. nhưng nhìn thiết kế trên ổ điện tệ (ko tốt như anh #37 bảo), lại còn thi công cẩu thả (mức ôm tròn ở ngay lổ lỗi chỉ bằng 1/3 lổ bên cạnh trên ổ điện) thì đã khiến chịu tải giảm sạch --> nóng toàn bộ trục đồng ổ chuyển --> ảnh hưởng tiếp xúc ở phía bên ổ chuyển --> nhiệt/tia lửa ở ổ chuyển --> vệt đen bên trong ổ chuyển. Nhưng rõ nguyên nhân chính là bên ổ điện nên thiệt hại bên đó nhiều hơn",https://voz.vn/t/canh-bao-ace-dang-dung-o-cam-chuyen-doi-dang-nhu-sopoka.1190037/page-3,
1190037,1156300,nkevil,"Jan 19, 2026 at 7:02 AM","Cắm tải 1700W trong 2 tiếng, bằng ổ chuyển và ổ cắm nối dài dây 2 x 0.75mm2 thì anh quá gan rồi đó",https://voz.vn/t/canh-bao-ace-dang-dung-o-cam-chuyen-doi-dang-nhu-sopoka.1190037/page-3,
1190037,166595,mr.h30,"Jan 23, 2026 at 1:21 PM","nkevil said:



			Cắm tải 1700W trong 2 tiếng, bằng ổ chuyển và ổ cắm nối dài dây 2 x 0.75mm2 thì anh quá gan rồi đó
		
Click to expand...

Để ý dây nguồn nồi cơm nào cũng 075 cả. Đại khái cũng chịu được 2000w

Gửi từ samsung SM-T225 bằng VOZVNApp",https://voz.vn/t/canh-bao-ace-dang-dung-o-cam-chuyen-doi-dang-nhu-sopoka.1190037/page-3,
1190037,166595,mr.h30,"Jan 23, 2026 at 1:28 PM","Báo cáo các bác là em vứt mẹ cái dây ""chính hãng"" cùi bắp đi rồi. Thay bằng cụm bên dưới. 

Có chịu Bảo hành hay không cũng kệ mẹ chúng mày.",https://voz.vn/t/canh-bao-ace-dang-dung-o-cam-chuyen-doi-dang-nhu-sopoka.1190037/page-3,
1190037,1722470,0981584307,"Jan 23, 2026 at 2:12 PM","Mình mua ở nhà 3 con ổ chia sopoka, trộm vía ko bị sao. Càng lúc thấy càng cải tiến. Cái cuối cùng lỗ cắm chéo cực kỳ phù hợp với các loại phích cắm 2 chân mà to như loại 3 chân bẻ mất 1 cái á. Mấy ổ trước ko đủ chỗ để cắm. 4 lỗ mà xoay các kiểu chỉ cắm đc 3. Mình toàn chọn công suất dư 4000w thì chỉ dùng 2-2500w thôi",https://voz.vn/t/canh-bao-ace-dang-dung-o-cam-chuyen-doi-dang-nhu-sopoka.1190037/page-3,
1190037,1391744,7770,"Jan 23, 2026 at 3:43 PM","mr.h30 said:



			Để ý dây nguồn nồi cơm nào cũng 075 cả. Đại khái cũng chịu được 2000w

Gửi từ samsung SM-T225 bằng VOZVNApp

Click to expand...

nồi cơm thường công suất <1000w thôi, ấm siêu tốc 2000w dùng dây 0,75 cắm 1 lúc nó nóng mềm cả dây ra đấy, cắm lâu nó chảy nhựa ra chập cháy có ngày",https://voz.vn/t/canh-bao-ace-dang-dung-o-cam-chuyen-doi-dang-nhu-sopoka.1190037/page-3,
1190037,166595,mr.h30,"Jan 23, 2026 at 6:23 PM","0981584307 said:



			Mình mua ở nhà 3 con ổ chia sopoka, trộm vía ko bị sao. Càng lúc thấy càng cải tiến. Cái cuối cùng lỗ cắm chéo cực kỳ phù hợp với các loại phích cắm 2 chân mà to như loại 3 chân bẻ mất 1 cái á. Mấy ổ trước ko đủ chỗ để cắm. 4 lỗ mà xoay các kiểu chỉ cắm đc 3. Mình toàn chọn công suất dư 4000w thì chỉ dùng 2-2500w thôi
		
Click to expand...

Cải tiến như nào vậy bác? Chứ ổ sopoka trước em dùng đúng lỏ

Gửi từ samsung SM-T225 bằng VOZVNApp",https://voz.vn/t/canh-bao-ace-dang-dung-o-cam-chuyen-doi-dang-nhu-sopoka.1190037/page-3,
1190037,166595,mr.h30,"Jan 23, 2026 at 6:26 PM","7770 said:



			nồi cơm thường công suất <1000w thôi, ấm siêu tốc 2000w dùng dây 0,75 cắm 1 lúc nó nóng mềm cả dây ra đấy, cắm lâu nó chảy nhựa ra chập cháy có ngày
		
Click to expand...

Chắc dây lỏ. Chứ cái dây lò nướng này không thấy nóng

Gửi từ samsung SM-T225 bằng VOZVNApp",https://voz.vn/t/canh-bao-ace-dang-dung-o-cam-chuyen-doi-dang-nhu-sopoka.1190037/page-3,
1190037,2021190,Sự Cố Tràn Bỉm,"Jan 23, 2026 at 9:31 PM","mr.h30 said:



			Báo cáo các bác là em vứt mẹ cái dây ""chính hãng"" cùi bắp đi rồi. Thay bằng cụm bên dưới.

Có chịu Bảo hành hay không cũng kệ mẹ chúng mày.

View attachment 3447122

Click to expand...

t nghĩ nên dùng loại gập 90 độ như này chắc chắn hơn",https://voz.vn/t/canh-bao-ace-dang-dung-o-cam-chuyen-doi-dang-nhu-sopoka.1190037/page-3,
1190037,1722470,0981584307,"Jan 23, 2026 at 9:45 PM","mr.h30 said:



			Cải tiến như nào vậy bác? Chứ ổ sopoka trước em dùng đúng lỏ

Gửi từ samsung SM-T225 bằng VOZVNApp

Click to expand...

Đây bác. Nếu nhà dùng 3-5 chân chéo thì loại xoay này sẽ đấp ứng đc. Chứ thiết kế cũ thì phải cắm cách nhau

 


Attachments








Screenshot_2026-01-23-21-41-34-715_com.android.chrome-edit.webp

					36.7 KB
					
					· Views: 14
					
				










Screenshot_2026-01-23-21-43-49-665_com.android.chrome-edit.webp

					14.1 KB
					
					· Views: 15
					
				










Screenshot_2026-01-23-21-41-34-715_com.android.chrome-edit.webp

					36.7 KB
					
					· Views: 12",https://voz.vn/t/canh-bao-ace-dang-dung-o-cam-chuyen-doi-dang-nhu-sopoka.1190037/page-4,
1190037,1391744,7770,"Jan 24, 2026 at 1:25 PM","mr.h30 said:



			Chắc dây lỏ. Chứ cái dây lò nướng này không thấy nóng

Gửi từ samsung SM-T225 bằng VOZVNApp

Click to expand...

công suất ghi trên vỏ là công suất tối đa (khi đặt mức nhiệt cao nhất), phải có đồng hồ đo mới biết công suất thực tế sử dụng, còn dây 0.75 xịn đến mấy mà tải 1700w thời gian dài thì cũng phải mềm thôi",https://voz.vn/t/canh-bao-ace-dang-dung-o-cam-chuyen-doi-dang-nhu-sopoka.1190037/page-4,
1190037,166595,mr.h30,"Jan 24, 2026 at 11:14 PM","0981584307 said:



			Đây bác. Nếu nhà dùng 3-5 chân chéo thì loại xoay này sẽ đấp ứng đc. Chứ thiết kế cũ thì phải cắm cách nhau
		
Click to expand...





có vẻ bên trong vẫn thế thì phải",https://voz.vn/t/canh-bao-ace-dang-dung-o-cam-chuyen-doi-dang-nhu-sopoka.1190037/page-4,
1190037,166595,mr.h30,"Jan 24, 2026 at 11:17 PM","7770 said:



			công suất ghi trên vỏ là công suất tối đa (khi đặt mức nhiệt cao nhất), phải có đồng hồ đo mới biết công suất thực tế sử dụng, còn dây 0.75 xịn đến mấy mà tải 1700w thời gian dài thì cũng phải mềm thôi
		
Click to expand...

chắc là chuẩn đấy, chạy 2 tiếng mất 4 số",https://voz.vn/t/canh-bao-ace-dang-dung-o-cam-chuyen-doi-dang-nhu-sopoka.1190037/page-4,
1190037,1482414,bopbop2424,"Feb 1, 2026 at 7:23 PM",Hình như thằng gongniu với phillips trên lazada toàn ổ chân dẹt à các thím,https://voz.vn/t/canh-bao-ace-dang-dung-o-cam-chuyen-doi-dang-nhu-sopoka.1190037/page-4,
1190037,651292,ndh1ep,"Feb 1, 2026 at 9:38 PM",Chia sẻ kinh nghiệm với anh em là nếu thiết bị điện công suất cao mà phích cắm 3 chân phải cần củ chuyển mới cắm vào được ổ điện thì tốt nhất là cắt luôn cái phích đấy đi mà thay bằng cái phích 2 chân chịu tải mua ngoài tiệm ấy nhé.,https://voz.vn/t/canh-bao-ace-dang-dung-o-cam-chuyen-doi-dang-nhu-sopoka.1190037/page-4,
1190037,988376,winter16,"Feb 7, 2026 at 3:05 PM","Kinh nghiệm bản thân

Những thứ công suất cao (trên 1000W) mà đầu phích ko khớp thì hạn chế sử dụng đầu chuyển, vì qua thời gian kiểu gì cũng tiếp xúc kém dẫn đến chập cháy. Xác định sài thì mua luôn ổ cắm hỗ trợ phích cắm đó, hoặc cắm vào thì để đó luôn ko rút ra rút vô. Như mình mua cái ấm siêu tốc xiaomi cũng cắm xong để đó luôn, khi nào nấu thì bỏ nước vào gạt công tắc
Những thứ công suất cao hơn nữa thì nên đầu tư cái CB, ví dụ bếp từ mình cắm vào ổ cắm rồi nối vào CB, nấu xong thì gạt CB khỏi rút ra cắm vào
Nên đầu tư phích cắm xịn chống cháy nổ, ổ cắm 1 thời gian thấy lỏng lẻo thì nên tháo ra nắn lại chân đồng tăng tiếp xúc hoặc thay luôn, tiếc vài đồng có ngày cháy nhà",https://voz.vn/t/canh-bao-ace-dang-dung-o-cam-chuyen-doi-dang-nhu-sopoka.1190037/page-4,
1190037,166595,mr.h30,"Mar 1, 2026 at 10:24 PM","Đào mộ
Ae nối dây điện cho ổ cắm / phích cắm như nào?
Như mấy con có con vít vặn như kia, tôi dùng cả đầu cốt bấm vào mà cũng không ăn thua.
Vặn nó đứt cả cốt.",https://voz.vn/t/canh-bao-ace-dang-dung-o-cam-chuyen-doi-dang-nhu-sopoka.1190037/page-4,
1190037,1092648,The.Sagittarius,"Mar 11, 2026 at 2:19 PM",nhà e có mấy cái ổ xiaomi thì mua chân chuyển 3 chân tam giác nào ok nhỉ các bác,https://voz.vn/t/canh-bao-ace-dang-dung-o-cam-chuyen-doi-dang-nhu-sopoka.1190037/page-4,
1190037,1801189,khacvan,"Apr 5, 2026 at 8:41 PM","winter16 said:



			Kinh nghiệm bản thân

Những thứ công suất cao (trên 1000W) mà đầu phích ko khớp thì hạn chế sử dụng đầu chuyển, vì qua thời gian kiểu gì cũng tiếp xúc kém dẫn đến chập cháy. Xác định sài thì mua luôn ổ cắm hỗ trợ phích cắm đó, hoặc cắm vào thì để đó luôn ko rút ra rút vô. Như mình mua cái ấm siêu tốc xiaomi cũng cắm xong để đó luôn, khi nào nấu thì bỏ nước vào gạt công tắc
Những thứ công suất cao hơn nữa thì nên đầu tư cái CB, ví dụ bếp từ mình cắm vào ổ cắm rồi nối vào CB, nấu xong thì gạt CB khỏi rút ra cắm vào
Nên đầu tư phích cắm xịn chống cháy nổ, ổ cắm 1 thời gian thấy lỏng lẻo thì nên tháo ra nắn lại chân đồng tăng tiếp xúc hoặc thay luôn, tiếc vài đồng có ngày cháy nhà


Click to expand...

Mới mua con bếp từ nội địa 3500w hàng mideo cũng dùng 3 chấu, bác có recommend ổ thương hiệu nào nạc thịt không?

Sent from Google Pixel 8a via VOZVNApp",https://voz.vn/t/canh-bao-ace-dang-dung-o-cam-chuyen-doi-dang-nhu-sopoka.1190037/page-4,
1190037,99919,hieuthao,"Apr 5, 2026 at 8:44 PM","khacvan said:



			Mới mua con bếp từ nội địa 3500w hàng mideo cũng dùng 3 chấu, bác có recommend ổ thương hiệu nào nạc thịt không?

Sent from Google Pixel 8a via VOZVNApp

Click to expand...

Bếp nội địa đằng nào cũng ko bảo hành, cắt dây đấu aptomat cho chắc chắn",https://voz.vn/t/canh-bao-ace-dang-dung-o-cam-chuyen-doi-dang-nhu-sopoka.1190037/page-4,
1190084,1907480,anhtu.tatu,"Dec 30, 2025 at 9:52 AM","Trong video này, mình sẽ cùng các bạn đánh giá và so sánh 3 ứng dụng văn phòng tốt nhất hiện nay trên Linux: WPS Office, OnlyOffice và SoftMaker Office. Chúng ta sẽ xem xét kỹ về giao diện, tính năng và khả năng xử lý định dạng file để giúp bạn chọn ra ""người thay thế"" hoàn hảo nhất.






Link tải file .deb
Only Office : ONLYOFFICE desktop and mobile apps (https://www.onlyoffice.com/download-desktop)
WPS Office : Free Office Software for Linux | WPS Office Online (https://www.wps.com/office/linux/)
SoftMaker Office Standard 2021 : https://www.softmaker.net/down/softmaker-office-2021_1068-01_amd64.deb
Key bản quyền 371219398736
Link lấy key bản quyền SoftMaker Office Standard 2021





						SoftMaker
					

SoftMaker E-Commerce



					shop.softmaker.com",https://voz.vn/t/top-3-bo-office-cong-cu-van-phong-cho-linux.1190084/,
1190084,599869,woodex,"Dec 30, 2025 at 5:15 PM",OnlyOffice thấy free mà ngon,https://voz.vn/t/top-3-bo-office-cong-cu-van-phong-cho-linux.1190084/,
1190084,1687876,tmn9903,"Jan 5, 2026 at 12:14 PM","Đã dùng cả 3 thấy onlyoffice ngon nhất. Tích hợp trong 1 app, xuất file xong mở bằng word ít bị lỗi",https://voz.vn/t/top-3-bo-office-cong-cu-van-phong-cho-linux.1190084/,
1190084,742138,vanthoan,"Jan 5, 2026 at 12:36 PM",Máy nhà vẫn dùng SoftMaker Office có bản quyền. Cơ mà nhu cầu ít quá nên cũng ít xài.,https://voz.vn/t/top-3-bo-office-cong-cu-van-phong-cho-linux.1190084/,
1190084,1864553,ducnguyen1312,"Jan 5, 2026 at 1:15 PM",office 365 online xài cũng mượt,https://voz.vn/t/top-3-bo-office-cong-cu-van-phong-cho-linux.1190084/,
1190084,1950955,PKRaincoat,"Jan 5, 2026 at 4:54 PM",LibreOffice phổ biến nhất bên Linux thì lại không có trong top 3 ​,https://voz.vn/t/top-3-bo-office-cong-cu-van-phong-cho-linux.1190084/,
1190084,1907480,anhtu.tatu,"Jan 5, 2026 at 7:15 PM","PKRaincoat said:



LibreOffice phổ biến nhất bên Linux thì lại không có trong top 3 ​

Click to expand...

Mình cũng dùng rồi ấy bạn, libreoffice là dùng đầu tiên do nó cài chung với Ubuntu. Hì nói chớ 3 thằng này, ví như WPS hay Onlyoffice nó có bán thêm bản tính phí, công ty họ có tiền duy trì bản miễn phí. Libreoffice nói thật là một số file của MS office , ví như powerpoint, file nặng tí là load lâu lắm với hình ảnh, font chữ , cách bố trí nó cũng lệch so với MS office, và nếu có nhúng thêm video vào bài giảng đôi khi video nó không hiển thị, không chạy. Còn excel mở ra nếu ít hàm công thức thì không sao, với file nặng nhiều dữ liệu nó cũng lag và nếu lấy dữ liệu nhiều "" mục data"" trong MSofffice, libre đôi khi không hiển thị bị crash. Nói chung là kinh nghiệm dùng của bản thân mình thôi",https://voz.vn/t/top-3-bo-office-cong-cu-van-phong-cho-linux.1190084/,
1190084,1282586,ghost2013,"Jan 7, 2026 at 3:10 PM","chia sẻ các bạn gõ TV vmk ko preedit (ko gạch chân ko mất chữ) full tất cả office. MÌnh xài google docs với văn bản quan trọng còn không quan trọng lắm mở cái nào xái cái đó.








						GitHub - thanhpy2009/VMK: Phần mềm gõ tiếng việt VMK
					

Phần mềm gõ tiếng việt VMK. Contribute to thanhpy2009/VMK development by creating an account on GitHub.




					github.com",https://voz.vn/t/top-3-bo-office-cong-cu-van-phong-cho-linux.1190084/,
1190084,1282586,ghost2013,"Jan 8, 2026 at 2:20 AM","anhtu.tatu said:



			Mình cũng dùng rồi ấy bạn, libreoffice là dùng đầu tiên do nó cài chung với Ubuntu. Hì nói chớ 3 thằng này, ví như WPS hay Onlyoffice nó có bán thêm bản tính phí, công ty họ có tiền duy trì bản miễn phí. Libreoffice nói thật là một số file của MS office , ví như powerpoint, file nặng tí là load lâu lắm với hình ảnh, font chữ , cách bố trí nó cũng lệch so với MS office, và nếu có nhúng thêm video vào bài giảng đôi khi video nó không hiển thị, không chạy. Còn excel mở ra nếu ít hàm công thức thì không sao, với file nặng nhiều dữ liệu nó cũng lag và nếu lấy dữ liệu nhiều "" mục data"" trong MSofffice, libre đôi khi không hiển thị bị crash. Nói chung là kinh nghiệm dùng của bản thân mình thôi
		
Click to expand...

libreofffice ko có dùng chung chuẩn của MS office vì chuẩn đó đc tạo ra sau. thê là di sản để lại phải gánh libreoffice mỗi lần cứ phải convert qua convert lại. convert đâu có chuẩn . 
sau này MS hỗ trợ file của libre rồi đấy nhưng mà có chuẩn ko mình ko biết sau này mình chỉ xài libre ghi chú đơn giản xài ngay trên máng còn docs quan trọng chia sẻ cho người khác. WPS hay onlyoffice dùng đúng chuẩn tạo file docx thì tương thích tốt hơn",https://voz.vn/t/top-3-bo-office-cong-cu-van-phong-cho-linux.1190084/,
1190084,2178184,Anh2026,"Jan 12, 2026 at 2:19 PM",Dùng béng MS Office 365 bản web có phải nhẹ đầu không,https://voz.vn/t/top-3-bo-office-cong-cu-van-phong-cho-linux.1190084/,
1190084,1907480,anhtu.tatu,"Jan 12, 2026 at 2:21 PM","Anh2026 said:



			Dùng béng MS Office 365 bản web có phải nhẹ đầu không 

Click to expand...

chuẩn bạn, msoffice bản web giờ xài ok, từ lúc google nó ra bộ office bản web của nó , ms đầu tư nhiều vào bản web. Dùng song song, lúc mạng yếu hay không có mạng thì có cái xài",https://voz.vn/t/top-3-bo-office-cong-cu-van-phong-cho-linux.1190084/,
1190084,742138,vanthoan,"Jan 12, 2026 at 2:41 PM","anhtu.tatu said:



			chuẩn bạn, msoffice bản web giờ xài ok, từ lúc google nó ra bộ office bản web của nó , ms đầu tư nhiều vào bản web. Dùng song song, lúc mạng yếu hay không có mạng thì có cái xài
		
Click to expand...

Tôi xài thử office 365 bản web thấy chữ nhảy lung tung. Nói chung là muốn mở file DOCX thì phải là combo Windows + Office offline + đúng version của tác giả + đủ font mới chuẩn. Khác version office chữ vẫn lệch.
Muốn không nhảy chữ chỉ có nước xuất PDF thôi.",https://voz.vn/t/top-3-bo-office-cong-cu-van-phong-cho-linux.1190084/,
1190084,610840,doancomhd,"Jan 21, 2026 at 10:12 AM","O365 bản Web vẫn lởm lắm  tài liệu mà nặng hoặc nhiều trang, header, footer đầy đủ, nhiều bảng biểu thì bản Web như 1 đống hổ lốn",https://voz.vn/t/top-3-bo-office-cong-cu-van-phong-cho-linux.1190084/,
1190084,2180571,IntelArc,"Jan 22, 2026 at 2:14 PM",softmaker có ổn không các bạn?,https://voz.vn/t/top-3-bo-office-cong-cu-van-phong-cho-linux.1190084/,
1190084,1282586,ghost2013,"Jan 24, 2026 at 4:49 PM","IntelArc said:



			softmaker có ổn không các bạn?
		
Click to expand...

bữa gõ thử thấy giống MS office bản cũ Mình không chắc về tính tương thích",https://voz.vn/t/top-3-bo-office-cong-cu-van-phong-cho-linux.1190084/,
1190084,2180571,IntelArc,"Jan 24, 2026 at 5:02 PM","ghost2013 said:



			bữa gõ thử thấy giống MS office bản cũ Mình không chắc về tính tương thích
		
Click to expand...

Em xơi con 2021 rồi, thấy đơn giản nhẹ nhàng, sau bị dính lỗi pre-edit, thì lại kiếm được bộ gõ fix rồi, nói chung con SM này em thấy ngon nhất",https://voz.vn/t/top-3-bo-office-cong-cu-van-phong-cho-linux.1190084/,
1190084,2083589,tamnhudat,"Jan 29, 2026 at 8:45 PM","anhtu.tatu said:







Trong video này, mình sẽ cùng các bạn đánh giá và so sánh 3 ứng dụng văn phòng tốt nhất hiện nay trên Linux: WPS Office, OnlyOffice và SoftMaker Office. Chúng ta sẽ xem xét kỹ về giao diện, tính năng và khả năng xử lý định dạng file để giúp bạn chọn ra ""người thay thế"" hoàn hảo nhất.






Link tải file .deb
Only Office : ONLYOFFICE desktop and mobile apps (https://www.onlyoffice.com/download-desktop)
WPS Office : Free Office Software for Linux | WPS Office Online (https://www.wps.com/office/linux/)
SoftMaker Office Standard 2021 : https://www.softmaker.net/down/softmaker-office-2021_1068-01_amd64.deb
Key bản quyền 371219398736
Link lấy key bản quyền SoftMaker Office Standard 2021





						SoftMaker
					

SoftMaker E-Commerce



					shop.softmaker.com
				




Click to expand...

edit video trên Linux có hướng dẫn dùng ứng dụng nào không bác?",https://voz.vn/t/top-3-bo-office-cong-cu-van-phong-cho-linux.1190084/,
1190084,1282586,ghost2013,"Jan 30, 2026 at 5:34 PM","tamnhudat said:



			edit video trên Linux có hướng dẫn dùng ứng dụng nào không bác?
		
Click to expand...

kdenlive hoặc là blender

kdenlive chỉ dùng cơ bản thôi và blender cần cấu hình tốt chút, công cụ chuyên nghiệp 3d tuy nhiên nó có phần edit video ngon",https://voz.vn/t/top-3-bo-office-cong-cu-van-phong-cho-linux.1190084/,
1182316,1973116,vozerbaobaoso1,"Dec 12, 2025 at 8:34 AM","Cuối cùng mình đã quyết định lắp đặt hệ 5.3kw, pin lưu trữ 14.3, biến tần sna 6k (săn sale mua hàng tự lắp tầm 7x, thuê công ty lắp trọn gói khoảng 8x - x trung học) tại tphcm nên review cho các bác đánh giá thử
Vị trí lắp đặt: mái thái nhà 2 tầng, trạng thái mái dốc đâu đó 45 độ.
Yêu cầu: cần làm khung để nâng cao tấm pin, không thể làm áp mái
Lựa chọn: lắp pin dốc toàn bộ về hướng nam hoặc dốc về 2 bên đông tây theo mái nhà (góc khoảng 10-15 độ)
Ưu điểm nếu lắp toàn bộ về hướng nam: công suất cao, đạt đỉnh vào trưa tuy nhiên thời gian bắt đầu tạo điện vào sáng sẽ trễ hơn
Ưu điểm nếu lắp hệ đông tây: có điện từ sáng sớm khoảng gần 6h đã đạt khoảng 200 -300w, hết công suất trễ tầm hơn 6h mới hết tạo điện, nhược điểm là công suất chung không cao, lúc đạt đỉnh cũng chỉ đạt tầm 4kw.
Tổng công suất tạo 1 ngày hiện trung bình khoảng 20 - 22 số tùy ngày, triệt tiêu đâu tầm 90% tiền điện

 



			
				Last edited: Dec 12, 2025",https://voz.vn/t/review-lap-he-thong-nang-luong-mat-troi-cho-nha-xai-1-5-2-cu-tien-dien-cho-anh-em-tham-khao.1182316/,
1182316,1233173,tungreaper,"Dec 12, 2025 at 8:37 AM","Vị trí nhà bác ở đâu ạ?? diện tích phủ mái của tấm pin là bao nhiêu, tổng chi phí đến khi phát điện là bao nhiêu? bác cho xin thêm thông tin cho đầy đủ",https://voz.vn/t/review-lap-he-thong-nang-luong-mat-troi-cho-nha-xai-1-5-2-cu-tien-dien-cho-anh-em-tham-khao.1182316/,
1182316,1973116,vozerbaobaoso1,"Dec 12, 2025 at 8:44 AM","tungreaper said:



			Vị trí nhà bác ở đâu ạ?? diện tích phủ mái của tấm pin là bao nhiêu, tổng chi phí đến khi phát điện là bao nhiêu? bác cho xin thêm thông tin cho đầy đủ
		
Click to expand...

Cứ 1 tấm bác cứ tính diện tích ngang x dài tầm 1.2 x 2.3, lắp bao nhiêu tấm thì nhân lên, chi phí nếu tự lắp chắc khoảng 7x, còn thuê công ty thì lên hàng 8x nha bác",https://voz.vn/t/review-lap-he-thong-nang-luong-mat-troi-cho-nha-xai-1-5-2-cu-tien-dien-cho-anh-em-tham-khao.1182316/,
1182316,2133059,Hoanganh106,"Dec 12, 2025 at 9:05 AM","vozerbaobaoso1 said:



			Cứ 1 tấm bác cứ tính diện tích ngang x dài tầm 1.2 x 2.3, lắp bao nhiêu tấm thì nhân lên, chi phí nếu tự lắp chắc khoảng 7x, còn thuê công ty thì lên hàng 8x nha bác
		
Click to expand...

Lắp lẻ 1 tấm có được không ạ?",https://voz.vn/t/review-lap-he-thong-nang-luong-mat-troi-cho-nha-xai-1-5-2-cu-tien-dien-cho-anh-em-tham-khao.1182316/,
1182316,1973116,vozerbaobaoso1,"Dec 12, 2025 at 9:11 AM","Hoanganh106 said:



			Lắp lẻ 1 tấm có được không ạ?
		
Click to expand...

Dc bạn, thấy có người bán combo kiểu vài triệu có 1,2 tấm pin ấy",https://voz.vn/t/review-lap-he-thong-nang-luong-mat-troi-cho-nha-xai-1-5-2-cu-tien-dien-cho-anh-em-tham-khao.1182316/,
1182316,1139840,SVYanTi,"Dec 12, 2025 at 10:59 AM",Chi tiết giá các linh kiện bác mua để anh em tham khảo luôn bác? chứ review gì mà ngắn vậy,https://voz.vn/t/review-lap-he-thong-nang-luong-mat-troi-cho-nha-xai-1-5-2-cu-tien-dien-cho-anh-em-tham-khao.1182316/,
1182316,1973116,vozerbaobaoso1,"Dec 12, 2025 at 1:24 PM","SVYanTi said:



			Chi tiết giá các linh kiện bác mua để anh em tham khảo luôn bác? chứ review gì mà ngắn vậy
		
Click to expand...

giá thì vô chừng lắm thím, giá nào cũng có, tùy theo mình lắp cty hay tự săn sale thôi, mình đưa khoảng giá tổng để các bác áng chừng nếu dự định lắp",https://voz.vn/t/review-lap-he-thong-nang-luong-mat-troi-cho-nha-xai-1-5-2-cu-tien-dien-cho-anh-em-tham-khao.1182316/,
1182316,1139840,SVYanTi,"Dec 12, 2025 at 4:15 PM","vozerbaobaoso1 said:



			giá thì vô chừng lắm thím, giá nào cũng có, tùy theo mình lắp cty hay tự săn sale thôi, mình đưa khoảng giá tổng để các bác áng chừng nếu dự định lắp
		
Click to expand...

thì đã thấy đưa khoảng giá nào đâu?",https://voz.vn/t/review-lap-he-thong-nang-luong-mat-troi-cho-nha-xai-1-5-2-cu-tien-dien-cho-anh-em-tham-khao.1182316/,
1182316,1973116,vozerbaobaoso1,"Dec 12, 2025 at 4:50 PM","SVYanTi said:



			thì đã thấy đưa khoảng giá nào đâu?
		
Click to expand...

đã bổ sung",https://voz.vn/t/review-lap-he-thong-nang-luong-mat-troi-cho-nha-xai-1-5-2-cu-tien-dien-cho-anh-em-tham-khao.1182316/,
1182316,1865641,máy dập,"Dec 12, 2025 at 8:56 PM","Nhà e cũng mới lắp bộ 6kw của deye nói chung miền bắc mùa này e thấy vẫn dùng ổn. Hôm nào mưa âm u cả ngày thì pin sạc được gần 50%. Nhà e tối dùng nhiều thiết bị điện nên đang tính năm sau lắp thêm 1 quả pin nữa. E thấy dùng ổn áp điện dùng thoải mái không phải suy nghĩ. Chi phí bỏ ra lúc đầu nhiều nên cũng hơi đắn đo

via theNEXTvoz for iPhone",https://voz.vn/t/review-lap-he-thong-nang-luong-mat-troi-cho-nha-xai-1-5-2-cu-tien-dien-cho-anh-em-tham-khao.1182316/,
1182316,1973116,vozerbaobaoso1,"Dec 13, 2025 at 8:52 AM","máy dập said:



			Nhà e cũng mới lắp bộ 6kw của deye nói chung miền bắc mùa này e thấy vẫn dùng ổn. Hôm nào mưa âm u cả ngày thì pin sạc được gần 50%. Nhà e tối dùng nhiều thiết bị điện nên đang tính năm sau lắp thêm 1 quả pin nữa. E thấy dùng ổn áp điện dùng thoải mái không phải suy nghĩ. Chi phí bỏ ra lúc đầu nhiều nên cũng hơi đắn đo

via theNEXTvoz for iPhone

Click to expand...

Cân nhắc giữa lắp thêm pin và chấp nhận trả tiền evn bậc thấp nhé. Ví dụ tháng thêm 200 số thì cũng trả chưa tới 500k. 1 cục pin 16kw thì rẻ pin đóng cũng phải 2x củ. Bèo cũng phải 4 năm mới hồi vốn. Xem đáng ko",https://voz.vn/t/review-lap-he-thong-nang-luong-mat-troi-cho-nha-xai-1-5-2-cu-tien-dien-cho-anh-em-tham-khao.1182316/,
1182316,1127831,Nhaemcotivi,"Dec 13, 2025 at 9:08 AM","SNA b mua bao nhiêu nhỉ, con này kéo tấm PV tốt nhưng ồn vãi, PV tầm 4kw thôi đã như máy cày rồi. Đợt này inverter rẻ thật sự, mấy con 12kw ip65 mà giờ dưới 4x hết rồi",https://voz.vn/t/review-lap-he-thong-nang-luong-mat-troi-cho-nha-xai-1-5-2-cu-tien-dien-cho-anh-em-tham-khao.1182316/,
1182316,99919,hieuthao,"Dec 13, 2025 at 9:14 AM",lắp xong có cần báo cáo EVN ko fen? quy trình như nào?,https://voz.vn/t/review-lap-he-thong-nang-luong-mat-troi-cho-nha-xai-1-5-2-cu-tien-dien-cho-anh-em-tham-khao.1182316/,
1182316,583372,Gau_Bo,"Dec 13, 2025 at 2:10 PM","máy dập said:



			Nhà e cũng mới lắp bộ 6kw của deye nói chung miền bắc mùa này e thấy vẫn dùng ổn. Hôm nào mưa âm u cả ngày thì pin sạc được gần 50%. Nhà e tối dùng nhiều thiết bị điện nên đang tính năm sau lắp thêm 1 quả pin nữa. E thấy dùng ổn áp điện dùng thoải mái không phải suy nghĩ. Chi phí bỏ ra lúc đầu nhiều nên cũng hơi đắn đo

via theNEXTvoz for iPhone

Click to expand...

Mình 12 tấm 615W + 1 pin 330Ah, bắt đầu xài từ 10/08 đến nay được nhiêu đây  
Quả pin dự kiến 2 năm hồi vốn",https://voz.vn/t/review-lap-he-thong-nang-luong-mat-troi-cho-nha-xai-1-5-2-cu-tien-dien-cho-anh-em-tham-khao.1182316/,
1182316,1700917,Anhkocantien,"Dec 13, 2025 at 2:54 PM",80tr thì phải 4 năm mới hoàn vốn  :O,https://voz.vn/t/review-lap-he-thong-nang-luong-mat-troi-cho-nha-xai-1-5-2-cu-tien-dien-cho-anh-em-tham-khao.1182316/,
1182316,42149,dig31,"Dec 13, 2025 at 5:24 PM","Gau_Bo said:



			Mình 12 tấm 615W + 1 pin 330Ah, bắt đầu xài từ 10/08 đến nay được nhiêu đây 
Quả pin dự kiến 2 năm hồi vốn 
View attachment 3380552

Click to expand...

Anh bốc phét nó ít thôi",https://voz.vn/t/review-lap-he-thong-nang-luong-mat-troi-cho-nha-xai-1-5-2-cu-tien-dien-cho-anh-em-tham-khao.1182316/,
1182316,1973116,vozerbaobaoso1,"Dec 13, 2025 at 5:25 PM","Gau_Bo said:



			Mình 12 tấm 615W + 1 pin 330Ah, bắt đầu xài từ 10/08 đến nay được nhiêu đây 
Quả pin dự kiến 2 năm hồi vốn 
View attachment 3380552

Click to expand...

Ngày trung bình sản xuất dc 25 số hả bác",https://voz.vn/t/review-lap-he-thong-nang-luong-mat-troi-cho-nha-xai-1-5-2-cu-tien-dien-cho-anh-em-tham-khao.1182316/,
1182316,1973116,vozerbaobaoso1,"Dec 13, 2025 at 5:26 PM","Nhaemcotivi said:



			SNA b mua bao nhiêu nhỉ, con này kéo tấm PV tốt nhưng ồn vãi, PV tầm 4kw thôi đã như máy cày rồi. Đợt này inverter rẻ thật sự, mấy con 12kw ip65 mà giờ dưới 4x hết rồi
		
Click to expand...

Nếu để ngoài trời hoặc ban công thì cứ sna 6 cho nó bền với trâu, còn trong nhà thì xem bọn senery gì ấy",https://voz.vn/t/review-lap-he-thong-nang-luong-mat-troi-cho-nha-xai-1-5-2-cu-tien-dien-cho-anh-em-tham-khao.1182316/,
1182316,1973116,vozerbaobaoso1,"Dec 13, 2025 at 5:27 PM","Anhkocantien said:



			80tr thì phải 4 năm mới hoàn vốn  :O
		
Click to expand...

Chính xác phải tầm đó, đừng nghe bọn lắp bốc phét tầm 3 năm, có mứt mà 3 năm, trừ phi bác ở nhà cả ngày, mở máy lạnh all day thì hồi vốn nhanh",https://voz.vn/t/review-lap-he-thong-nang-luong-mat-troi-cho-nha-xai-1-5-2-cu-tien-dien-cho-anh-em-tham-khao.1182316/,
1182316,1973116,vozerbaobaoso1,"Dec 13, 2025 at 6:28 PM","Gau_Bo said:



			Mình 12 tấm 615W + 1 pin 330Ah, bắt đầu xài từ 10/08 đến nay được nhiêu đây 
Quả pin dự kiến 2 năm hồi vốn 
View attachment 3380552

Click to expand...

Mà giờ nó có mua điện luôn ah, sao có số bán điện",https://voz.vn/t/review-lap-he-thong-nang-luong-mat-troi-cho-nha-xai-1-5-2-cu-tien-dien-cho-anh-em-tham-khao.1182316/,
1182316,1551766,rjshkkj,"Dec 13, 2025 at 7:26 PM","vozerbaobaoso1 said:



			Mà giờ nó có mua điện luôn ah, sao có số bán điện
		
Click to expand...

Có mấy số điện không phải là bán mà hình như để kiểm tra cái gì đó. Phát ngược lên vài wat 1h thôi nên cộng dồn ra vài số điện.",https://voz.vn/t/review-lap-he-thong-nang-luong-mat-troi-cho-nha-xai-1-5-2-cu-tien-dien-cho-anh-em-tham-khao.1182316/page-2,
1182316,1127831,Nhaemcotivi,"Dec 13, 2025 at 8:13 PM","vozerbaobaoso1 said:



			Nếu để ngoài trời hoặc ban công thì cứ sna 6 cho nó bền với trâu, còn trong nhà thì xem bọn senery gì ấy
		
Click to expand...

Riêng tản quạt gió sao bằng đc bọn tản nhôm ip65 mà b bảo bền hơn, linh kiện tiếp xúc bụi ẩm lấy đâu ra bền, chưa kể lắp k bị kỹ côn trùng vào máy là toang. Chả phải tự nhiên bọn tản gió chỉ BH 3 năm thôi",https://voz.vn/t/review-lap-he-thong-nang-luong-mat-troi-cho-nha-xai-1-5-2-cu-tien-dien-cho-anh-em-tham-khao.1182316/page-2,
1182316,1973116,vozerbaobaoso1,"Dec 13, 2025 at 8:23 PM","Nhaemcotivi said:



			Riêng tản quạt gió sao bằng đc bọn tản nhôm ip65 mà b bảo bền hơn, linh kiện tiếp xúc bụi ẩm lấy đâu ra bền, chưa kể lắp k bị kỹ côn trùng vào máy là toang. Chả phải tự nhiên bọn tản gió chỉ BH 3 năm thôi
		
Click to expand...

Đó là bac phân tích lý thuyết thôi, chứ thực tế xài lâu nay thì con sna 6 nó trâu chó vc",https://voz.vn/t/review-lap-he-thong-nang-luong-mat-troi-cho-nha-xai-1-5-2-cu-tien-dien-cho-anh-em-tham-khao.1182316/page-2,
1182316,1127831,Nhaemcotivi,"Dec 13, 2025 at 8:43 PM","vozerbaobaoso1 said:



			Đó là bac phân tích lý thuyết thôi, chứ thực tế xài lâu nay thì con sna 6 nó trâu chó vc
		
Click to expand...

Mình bán và đi lắp nhiều rồi  SNA dễ lỗi chết quạt, đặc biệt mẫu SNA12-14kw lắp nhiều ông k cho giắc co ở dưới là lỗ to như ngón tay, thạch sùng chui vào là tèo. ip65 chả phải lo vệ sinh quạt gió, lưới tản nhiệt. Sna6 chuẩn bị ra bản tản nhôm đấy, giờ đang đẩy hàng thanh lý hết",https://voz.vn/t/review-lap-he-thong-nang-luong-mat-troi-cho-nha-xai-1-5-2-cu-tien-dien-cho-anh-em-tham-khao.1182316/page-2,
1182316,1973116,vozerbaobaoso1,"Dec 13, 2025 at 8:46 PM","Nhaemcotivi said:



			Mình bán và đi lắp nhiều rồi  SNA dễ lỗi chết quạt, đặc biệt mẫu SNA12-14kw lắp nhiều ông k cho giắc co ở dưới là lỗ to như ngón tay, thạch sùng chui vào là tèo. ip65 chả phải lo vệ sinh quạt gió, lưới tản nhiệt. Sna6 chuẩn bị ra bản tản nhôm đấy, giờ đang đẩy hàng thanh lý hết
		
Click to expand...

Thế mà mình thấy bản của thằng senery lại đẩy giá rẻ, nghe bảo tản nó ko đủ nên nóng trong, ko biết thế nào",https://voz.vn/t/review-lap-he-thong-nang-luong-mat-troi-cho-nha-xai-1-5-2-cu-tien-dien-cho-anh-em-tham-khao.1182316/page-2,
1182316,1127831,Nhaemcotivi,"Dec 13, 2025 at 8:52 PM","vozerbaobaoso1 said:



			Thế mà mình thấy bản của thằng senery lại đẩy giá rẻ, nghe bảo tản nó ko đủ nên nóng trong, ko biết thế nào
		
Click to expand...

Bản thân mình dùng con senergy thấy êm, bám tải tốt, quạt phụ ngoài lâu lâu mới quay thôi
Biến tần lâu nay phân khúc giá rẻ 6kw SNA gần như mình nó 1 ngựa, senergy nó vào nó đấm cho mới về giá trị thực chứ chả phải đẩy giá rẻ gì. Phân khúc cao hơn thì đợt này thấy có solax là mạnh tay nhất, đem 12kw về giá 3x, càng cạnh tranh người dùng càng đc lợi thôi",https://voz.vn/t/review-lap-he-thong-nang-luong-mat-troi-cho-nha-xai-1-5-2-cu-tien-dien-cho-anh-em-tham-khao.1182316/page-2,
1182316,1973116,vozerbaobaoso1,"Dec 13, 2025 at 9:19 PM","Nhaemcotivi said:



			Bản thân mình dùng con senergy thấy êm, bám tải tốt, quạt phụ ngoài lâu lâu mới quay thôi
Biến tần lâu nay phân khúc giá rẻ 6kw SNA gần như mình nó 1 ngựa, senergy nó vào nó đấm cho mới về giá trị thực chứ chả phải đẩy giá rẻ gì. Phân khúc cao hơn thì đợt này thấy có solax là mạnh tay nhất, đem 12kw về giá 3x, càng cạnh tranh người dùng càng đc lợi thôi
		
Click to expand...

mình cũng phân vân con san với con senergy mà sau cùng chọn sản vì senergy hơi mới, với đặc thù mình để ngoài ban công, làm tủ nên cũng ko care vụ ồn lắm.
Bác cho thêm ý kiến vụ lắp khung hướng nam hay đông tây tốt hơn, đông tây thì mình thấy có điện sớm, tầm gần 6h đã có điện xài rồi, chỉ là tổng cong suất sẽ yếu hon xíu",https://voz.vn/t/review-lap-he-thong-nang-luong-mat-troi-cho-nha-xai-1-5-2-cu-tien-dien-cho-anh-em-tham-khao.1182316/page-2,
1182316,1127831,Nhaemcotivi,"Dec 13, 2025 at 9:56 PM","vozerbaobaoso1 said:



			mình cũng phân vân con san với con senergy mà sau cùng chọn sản vì senergy hơi mới, với đặc thù mình để ngoài ban công, làm tủ nên cũng ko care vụ ồn lắm.
Bác cho thêm ý kiến vụ lắp khung hướng nam hay đông tây tốt hơn, đông tây thì mình thấy có điện sớm, tầm gần 6h đã có điện xài rồi, chỉ là tổng cong suất sẽ yếu hon xíu
		
Click to expand...

Tốt nhất nên hướng nam, dốc tầm 15 độ, vừa đón nắng vừa thoát nước mặt tấm.
Lắp hướng đông/ tây thì thường kém hơn. Ví dụ kiểu nhà ống mái tôn chia 2 mái chữ A, nhà hướng chính nam, thì 1 mái tây 1 mái đông, khi áp mái thì chia 2 MPPT sẽ thấy  cùng 1 thời điểm 1 dàn này khoẻ dàn kia sẽ yếu. lúc mặt trời lên đỉnh, hiệu suất cao điểm nhất (khoảng 11h-1h) thì 2 dàn lại cùng kém hơn so với tấm nằm ngang đón nắng 
Tuy nhiên k phải mặt bằng nhà ai cũng được chọn hướng. Cơ bản khi đã dựng khung và tạo mặt phẳng cho tấm, thì nghiêng hướng nào cũng vẫn ok k quá cách biệt (nghiêng nhẹ tầm 10-15 độ)",https://voz.vn/t/review-lap-he-thong-nang-luong-mat-troi-cho-nha-xai-1-5-2-cu-tien-dien-cho-anh-em-tham-khao.1182316/page-2,
1182316,278388,kratoss,"Dec 13, 2025 at 10:26 PM","vozerbaobaoso1 said:



			Đó là bac phân tích lý thuyết thôi, chứ thực tế xài lâu nay thì con sna 6 nó trâu chó vc
		
Click to expand...

đồ của bạn nên nói cũng khó, sna nó nổi vì nó rẻ nhất trc đây, bây giờ ngoài senergy đạp giá thì có mấy hãng cũng tính nhảy vào, dự là sẽ còn hạ nữa, nó có lợi thế là có thị phần thôi, bảo ngon thì lấy đâu ra, với lại nó cho chạy ở điện áp thấp hơn các hãng khác, nên cũng có ưu điểm nhẹ, mặc dù chạy ở điện áp thấp cũng chẳng hay ho gì với đồ đạc, nhưng đc cái ko bị ngắt relay nên vẫn có điện đều. Mấy bố hô trâu chó toàn dùng lần đầu hoặc đổi từ mấy con sumry hay souer gì đó lên thì chẳng ngon, chứ xài ip65 rồi ai còn khen sna nữa @@, bạn cứ xài, hỏng thì đổi ip65 nó khác.


Nhaemcotivi said:



			Tốt nhất nên hướng nam, dốc tầm 15 độ, vừa đón nắng vừa thoát nước mặt tấm.
Lắp hướng đông/ tây thì thường kém hơn. Ví dụ kiểu nhà ống mái tôn chia 2 mái chữ A, nhà hướng chính nam, thì 1 mái tây 1 mái đông, khi áp mái thì chia 2 MPPT sẽ thấy  cùng 1 thời điểm 1 dàn này khoẻ dàn kia sẽ yếu. lúc mặt trời lên đỉnh, hiệu suất cao điểm nhất (khoảng 11h-1h) thì 2 dàn lại cùng kém hơn so với tấm nằm ngang đón nắng 
Tuy nhiên k phải mặt bằng nhà ai cũng được chọn hướng. Cơ bản khi đã dựng khung và tạo mặt phẳng cho tấm, thì nghiêng hướng nào cũng vẫn ok k quá cách biệt (nghiêng nhẹ tầm 10-15 độ)
		
Click to expand...

tôi thấy nghiêng 10-15 độ thoát nước chưa tốt lắm fen, tôi có 1 hệ nghiêng tầm 12 độ, 1 hệ nghiêng tầm 40 độ, 1 hệ tầm 25-30 độ thì 2 hệ nghiêng nhiều tấm sạch sẽ lắm, hệ nghiêng 12 độ thì vẫn đọng nước với bám bụi
còn hướng thì miền nam ko rõ chứ miền bắc mùa hè thì đông-tây ko chênh nhiều so với nam, chứ nam mà mùa đông thì ăn chặt đông-tây luôn",https://voz.vn/t/review-lap-he-thong-nang-luong-mat-troi-cho-nha-xai-1-5-2-cu-tien-dien-cho-anh-em-tham-khao.1182316/page-2,
1182316,1973116,vozerbaobaoso1,"Dec 13, 2025 at 11:01 PM","kratoss said:



			đồ của bạn nên nói cũng khó, sna nó nổi vì nó rẻ nhất trc đây, bây giờ ngoài senergy đạp giá thì có mấy hãng cũng tính nhảy vào, dự là sẽ còn hạ nữa, nó có lợi thế là có thị phần thôi, bảo ngon thì lấy đâu ra, với lại nó cho chạy ở điện áp thấp hơn các hãng khác, nên cũng có ưu điểm nhẹ, mặc dù chạy ở điện áp thấp cũng chẳng hay ho gì với đồ đạc, nhưng đc cái ko bị ngắt relay nên vẫn có điện đều. Mấy bố hô trâu chó toàn dùng lần đầu hoặc đổi từ mấy con sumry hay souer gì đó lên thì chẳng ngon, chứ xài ip65 rồi ai còn khen sna nữa @@, bạn cứ xài, hỏng thì đổi ip65 nó khác.

tôi thấy nghiêng 10-15 độ thoát nước chưa tốt lắm fen, tôi có 1 hệ nghiêng tầm 12 độ, 1 hệ nghiêng tầm 40 độ, 1 hệ tầm 25-30 độ thì 2 hệ nghiêng nhiều tấm sạch sẽ lắm, hệ nghiêng 12 độ thì vẫn đọng nước với bám bụi
còn hướng thì miền nam ko rõ chứ miền bắc mùa hè thì đông-tây ko chênh nhiều so với nam, chứ nam mà mùa đông thì ăn chặt đông-tây luôn
		
Click to expand...

Tôi ở tphcm, nhà hướng hơi xéo tây nam chút. Thợ tư vấn nếu lắp dốc toàn bộ về nam nghĩa là sẽ dốc hơi xéo về bên trái xíu mới là chính nam, còn nếu vẫn làm khung nhưng dốc về 2 bên mái thì nó kiểu đông tây nhưng vẫn có xéo nam chút, sẽ có pin từ 6h sáng đến 6h tối, dĩ nhiên là đỉnh sẽ ko mạnh bằng dốc nam nhưng bù lại những lúc nắng mới lên như 6,7h sáng hoặc xuống nắng tầm 5,6h chiều thì sẽ mạnh hơn. Hệ 5.3 xài tàng tàng ngày tầm 20- 23 số nếu nắng đẹp, còn ít nắng thì tầm 15 số, mưa và âm u cả ngày thì dc đâu 7,8 số.",https://voz.vn/t/review-lap-he-thong-nang-luong-mat-troi-cho-nha-xai-1-5-2-cu-tien-dien-cho-anh-em-tham-khao.1182316/page-2,
1182316,278388,kratoss,"Dec 13, 2025 at 11:05 PM","vozerbaobaoso1 said:



			Tôi ở tphcm, nhà hướng hơi xéo tây nam chút. Thợ tư vấn nếu lắp dốc toàn bộ về nam nghĩa là sẽ dốc hơi xéo về bên trái xíu mới là chính nam, còn nếu vẫn làm khung nhưng dốc về 2 bên mái thì nó kiểu đông tây nhưng vẫn có xéo nam chút, sẽ có pin từ 6h sáng đến 6h tối, dĩ nhiên là đỉnh sẽ ko mạnh bằng dốc nam nhưng bù lại những lúc nắng mới lên như 6,7h sáng hoặc xuống nắng tầm 5,6h chiều thì sẽ mạnh hơn. Hệ 5.3 xài tàng tàng ngày tầm 20- 23 số nếu nắng đẹp, còn ít nắng thì tầm 15 số, mưa và âm u cả ngày thì dc đâu 7,8 số.
		
Click to expand...

đúng rồi, đông tây thì có sớm và hết muộn nhưng tàng tàng, mùa đông thì chính nam khỏe nhất, có sớm và đỉnh cũng khỏe, còn mùa hè thì  ko phải lo đâu, đông tây đỉnh thua nam tẹo thôi, ko đáng kể",https://voz.vn/t/review-lap-he-thong-nang-luong-mat-troi-cho-nha-xai-1-5-2-cu-tien-dien-cho-anh-em-tham-khao.1182316/page-2,
1182316,1973116,vozerbaobaoso1,"Dec 14, 2025 at 8:29 AM","kratoss said:



			đúng rồi, đông tây thì có sớm và hết muộn nhưng tàng tàng, mùa đông thì chính nam khỏe nhất, có sớm và đỉnh cũng khỏe, còn mùa hè thì  ko phải lo đâu, đông tây đỉnh thua nam tẹo thôi, ko đáng kể
		
Click to expand...

Vâng, tầm 7h là có 1 số điện xài rồi. Thấy cũng ok, ngày xài thêm 3,4 số nữa, thấy cũng đỡ hơn bỏ thêm vài chục cũ nữa để cover luôn 3,4 số kia",https://voz.vn/t/review-lap-he-thong-nang-luong-mat-troi-cho-nha-xai-1-5-2-cu-tien-dien-cho-anh-em-tham-khao.1182316/page-2,
1182316,1551766,rjshkkj,"Dec 14, 2025 at 5:36 PM","Nhà hướng nào chịu hướng đó thôi việc chuyển hướng tốt hơn nhưng tốn vật tư chí phí cho khung giàn, nâng khung giàn lên sẽ tính toán đến việc gió bão.
Vậy thay vì nâng khung giàn chọn đúng hướng thì thêm tấm, ví dụ 8 tấm đúng hướng chuẩn bài thì mình chơi 10 tấm không chuẩn lấy 2 tấm đó bù cho việc không đẹp thì việc thêm 2 tấm mà không cần làm khung chuyển hướng vẫn hơn là 8 tấm chuẩn bài.
Chưa kể khi âm u thì nhà ngói như nhà  tranh mà âm u thì có hướng giời cũng không đẹp được chỉ có nhiều tấm mới hơn nhau thôi nên 10 tấm vẫn hơn 8 tấm
Còn chỗ lắp thì nâng tấm rẻ tiền và kinh tế hơn là làm khung chuyển hướng đón đúng hướng.
Nhà tôi hướng Bắc tôi chọn thêm tấm vẫn để Bắc chứ không làm khung giàn chuyển Bắc sang Nam.",https://voz.vn/t/review-lap-he-thong-nang-luong-mat-troi-cho-nha-xai-1-5-2-cu-tien-dien-cho-anh-em-tham-khao.1182316/page-2,
1182316,1289405,Fake_IP,"Dec 14, 2025 at 6:01 PM","Anh nào muốn xem có hợp hay không thì mua cái công tơ điện tử về, biểu đồ điện mà nó kiểu dùng nhiều vào chiều với sáng kiểu này thì nên nghỉ khoẻ, mua điện lưới cho nhàn thân nhé.
Đây là kiểu biểu đồ dùng điện của hầu hết hộ gia đình bình thường:",https://voz.vn/t/review-lap-he-thong-nang-luong-mat-troi-cho-nha-xai-1-5-2-cu-tien-dien-cho-anh-em-tham-khao.1182316/page-2,
1182316,1664185,Kim.Dung.,"Dec 14, 2025 at 7:47 PM","tính lắp chơi 1 tấm lẻ ngoài ban công, mà thấy có vẻ cũng rườm rà.",https://voz.vn/t/review-lap-he-thong-nang-luong-mat-troi-cho-nha-xai-1-5-2-cu-tien-dien-cho-anh-em-tham-khao.1182316/page-2,
1182316,1054834,wHin,"Dec 15, 2025 at 8:35 AM","máy dập said:



			Nhà e cũng mới lắp bộ 6kw của deye nói chung miền bắc mùa này e thấy vẫn dùng ổn. Hôm nào mưa âm u cả ngày thì pin sạc được gần 50%. Nhà e tối dùng nhiều thiết bị điện nên đang tính năm sau lắp thêm 1 quả pin nữa. E thấy dùng ổn áp điện dùng thoải mái không phải suy nghĩ. Chi phí bỏ ra lúc đầu nhiều nên cũng hơi đắn đo

via theNEXTvoz for iPhone

Click to expand...

Tổng vệ sinh bác lắp hết bao nhiu thế ạ?",https://voz.vn/t/review-lap-he-thong-nang-luong-mat-troi-cho-nha-xai-1-5-2-cu-tien-dien-cho-anh-em-tham-khao.1182316/page-2,
1182316,1973116,vozerbaobaoso1,"Dec 15, 2025 at 9:26 AM","máy dập said:



			Nhà e cũng mới lắp bộ 6kw của deye nói chung miền bắc mùa này e thấy vẫn dùng ổn. Hôm nào mưa âm u cả ngày thì pin sạc được gần 50%. Nhà e tối dùng nhiều thiết bị điện nên đang tính năm sau lắp thêm 1 quả pin nữa. E thấy dùng ổn áp điện dùng thoải mái không phải suy nghĩ. Chi phí bỏ ra lúc đầu nhiều nên cũng hơi đắn đo

via theNEXTvoz for iPhone

Click to expand...

thêm pin lưu thì phải thêm pin pv, chứ pin tạo sạc chưa đủ pin hiện tại thêm pin lưu chi",https://voz.vn/t/review-lap-he-thong-nang-luong-mat-troi-cho-nha-xai-1-5-2-cu-tien-dien-cho-anh-em-tham-khao.1182316/page-2,
1182316,583372,Gau_Bo,"Dec 15, 2025 at 12:57 PM","vozerbaobaoso1 said:



			Mà giờ nó có mua điện luôn ah, sao có số bán điện
		
Click to expand...

Mua đâu bác, con CT bám tải nó vẫn đẩy lưới 1 ít  


dig31 said:



			Anh bốc phét nó ít thôi
		
Click to expand...

Phét chỗ nào nói nghe thử  


vozerbaobaoso1 said:



			Ngày trung bình sản xuất dc 25 số hả bác
		
Click to expand...

1 ngày mùa này trung bình 25 số, mua hè nắng tốt tầm 30 số, có 1 ngày kịch khung được 36 số điện",https://voz.vn/t/review-lap-he-thong-nang-luong-mat-troi-cho-nha-xai-1-5-2-cu-tien-dien-cho-anh-em-tham-khao.1182316/page-2,
1182316,1400705,Mua_buon_bh,"Dec 17, 2025 at 2:35 PM",Nhà mình đang dùng khoảng 1tr/tháng. 3 anh em sát nhau đều dùng mức này thì có nên lắp 1 hệ NLMT xong share ra 3 nhà ko các bác,https://voz.vn/t/review-lap-he-thong-nang-luong-mat-troi-cho-nha-xai-1-5-2-cu-tien-dien-cho-anh-em-tham-khao.1182316/page-2,
1182316,1973116,vozerbaobaoso1,"Dec 17, 2025 at 2:37 PM","Mua_buon_bh said:



			Nhà mình đang dùng khoảng 1tr/tháng. 3 anh em sát nhau đều dùng mức này thì có nên lắp 1 hệ NLMT xong share ra 3 nhà ko các bác 

Click to expand...

quá chuẩn bài luôn",https://voz.vn/t/review-lap-he-thong-nang-luong-mat-troi-cho-nha-xai-1-5-2-cu-tien-dien-cho-anh-em-tham-khao.1182316/page-2,
1182316,1831069,immocios,"Dec 17, 2025 at 4:44 PM","Mua_buon_bh said:



			Nhà mình đang dùng khoảng 1tr/tháng. 3 anh em sát nhau đều dùng mức này thì có nên lắp 1 hệ NLMT xong share ra 3 nhà ko các bác 

Click to expand...

mua mini inverter ấy bác, nếu ở nhà nhiều hoặc buổi sáng xài nhiều, bám tải tầm 2m5 là có 1 bộ new rồi, 400w, còn k thì lên dần cứ theo nhiêu đó nhân lên, 5tr là có tầm 800-1kw để lắp nhà rồi. Khỏi lưu rẻ hơn đc vài trăm k tháng năm hơn là hồi vốn",https://voz.vn/t/review-lap-he-thong-nang-luong-mat-troi-cho-nha-xai-1-5-2-cu-tien-dien-cho-anh-em-tham-khao.1182316/page-3,
1182316,2147574,thangmaygiadinhfuji,"Dec 17, 2025 at 9:40 PM","nhà tôi chơi hệ 6 tấm x10,  mỗi tấm 2,2 triệu, biến tần 6 kw hết 9 ,2 triệu, pin lưu trữ 10 kw hàng đóng hết 17 triệu",https://voz.vn/t/review-lap-he-thong-nang-luong-mat-troi-cho-nha-xai-1-5-2-cu-tien-dien-cho-anh-em-tham-khao.1182316/page-3,
1182316,1241852,INTEL_NO1,"Dec 18, 2025 at 9:29 AM","Gau_Bo said:



			Mình 12 tấm 615W + 1 pin 330Ah, bắt đầu xài từ 10/08 đến nay được nhiêu đây 
Quả pin dự kiến 2 năm hồi vốn 
View attachment 3380552

Click to expand...

ở khu vực nào vậy bác. miền bắc ko thấy có nắng mấy",https://voz.vn/t/review-lap-he-thong-nang-luong-mat-troi-cho-nha-xai-1-5-2-cu-tien-dien-cho-anh-em-tham-khao.1182316/page-3,
1182316,583372,Gau_Bo,"Dec 18, 2025 at 1:02 PM","INTEL_NO1 said:



			ở khu vực nào vậy bác. miền bắc ko thấy có nắng mấy
		
Click to expand...

Bình Dương nhé",https://voz.vn/t/review-lap-he-thong-nang-luong-mat-troi-cho-nha-xai-1-5-2-cu-tien-dien-cho-anh-em-tham-khao.1182316/page-3,
1182316,1241852,INTEL_NO1,"Dec 19, 2025 at 11:04 AM","Gau_Bo said:



			Bình Dương nhé 

Click to expand...

từ miền trung trở vào thì quá tuyệt vời với nlmt.",https://voz.vn/t/review-lap-he-thong-nang-luong-mat-troi-cho-nha-xai-1-5-2-cu-tien-dien-cho-anh-em-tham-khao.1182316/page-3,
1182316,1973116,vozerbaobaoso1,"Dec 19, 2025 at 11:28 AM","INTEL_NO1 said:



			từ miền trung trở vào thì quá tuyệt vời với nlmt.
		
Click to expand...

nay 19 ngày, mới xài hết 45 số điện. Trước là lúc này tầm gần 400 số rồi",https://voz.vn/t/review-lap-he-thong-nang-luong-mat-troi-cho-nha-xai-1-5-2-cu-tien-dien-cho-anh-em-tham-khao.1182316/page-3,
1182316,1865641,máy dập,"Dec 27, 2025 at 7:48 AM","hieuthao said:



			lắp xong có cần báo cáo EVN ko fen? quy trình như nào?
		
Click to expand...

 hiện tại thì e thấy là chưa cần báo nhé 

via theNEXTvoz for iPhone",https://voz.vn/t/review-lap-he-thong-nang-luong-mat-troi-cho-nha-xai-1-5-2-cu-tien-dien-cho-anh-em-tham-khao.1182316/page-3,
1182316,1879226,Thích Thất Niệm,"Jan 1, 2026 at 7:33 PM","Em thi công solar cả công nghiệp vs nhà dân đây. Cơ mà giá bên em làm cũng cao do chuẩn thi công lắp đặt như hệ công nghiệp. Hàng thì bên em chỉ làm hàng hãng thui

Cái vụ EVN thì làm thông báo là đc. Lên nộp rồi về thôi. K phức tạp",https://voz.vn/t/review-lap-he-thong-nang-luong-mat-troi-cho-nha-xai-1-5-2-cu-tien-dien-cho-anh-em-tham-khao.1182316/page-3,
1182316,1065398,cuongnm11,"Jan 8, 2026 at 8:05 PM",,https://voz.vn/t/review-lap-he-thong-nang-luong-mat-troi-cho-nha-xai-1-5-2-cu-tien-dien-cho-anh-em-tham-khao.1182316/page-3,
1182316,1973116,vozerbaobaoso1,"Jan 8, 2026 at 9:14 PM",Chốt tháng đầu trả 170k/tổng xài khoảng 1tr6 nha,https://voz.vn/t/review-lap-he-thong-nang-luong-mat-troi-cho-nha-xai-1-5-2-cu-tien-dien-cho-anh-em-tham-khao.1182316/page-3,
1182316,1101935,thanhhai0594a6,"Jan 10, 2026 at 4:34 PM","Fake_IP said:



			Anh nào muốn xem có hợp hay không thì mua cái công tơ điện tử về, biểu đồ điện mà nó kiểu dùng nhiều vào chiều với sáng kiểu này thì nên nghỉ khoẻ, mua điện lưới cho nhàn thân nhé.
Đây là kiểu biểu đồ dùng điện của hầu hết hộ gia đình bình thường:




Click to expand...

dùng công tơ nào để có app xem như này đây bác",https://voz.vn/t/review-lap-he-thong-nang-luong-mat-troi-cho-nha-xai-1-5-2-cu-tien-dien-cho-anh-em-tham-khao.1182316/page-3,
1182316,1753244,RungRụngRúng,"Jan 20, 2026 at 7:50 AM","Lắp từ giữa tháng 7
12 tấm 610w longi + biến tần chisage 6k - pin 305A (mua từ tháng 8).

Ae cứ coi số evn đo so với lúc chưa lắp ha.",https://voz.vn/t/review-lap-he-thong-nang-luong-mat-troi-cho-nha-xai-1-5-2-cu-tien-dien-cho-anh-em-tham-khao.1182316/page-3,
1182316,1973116,vozerbaobaoso1,"Jan 20, 2026 at 8:07 AM","Bớt dc điện bậc cao 3k5/số là ngon rồi, tính ra tiết kiệm được đâu đó cả 2 củ",https://voz.vn/t/review-lap-he-thong-nang-luong-mat-troi-cho-nha-xai-1-5-2-cu-tien-dien-cho-anh-em-tham-khao.1182316/page-3,
1182316,2012073,Rico_Pixcel,"Apr 17, 2026 at 10:10 AM","Tấm pin giá cao quá, đã vậy còn ko có hàng. Các bác biết chỗ nào giá tốt ko?",https://voz.vn/t/review-lap-he-thong-nang-luong-mat-troi-cho-nha-xai-1-5-2-cu-tien-dien-cho-anh-em-tham-khao.1182316/page-3,
1182316,1753244,RungRụngRúng,"Apr 17, 2026 at 12:05 PM","Rico_Pixcel said:



			Tấm pin giá cao quá, đã vậy còn ko có hàng. Các bác biết chỗ nào giá tốt ko?
		
Click to expand...

trong câu hỏi đã có câu trả lời.",https://voz.vn/t/review-lap-he-thong-nang-luong-mat-troi-cho-nha-xai-1-5-2-cu-tien-dien-cho-anh-em-tham-khao.1182316/page-3,
1182316,99919,hieuthao,"Apr 17, 2026 at 12:50 PM","Rico_Pixcel said:



			Tấm pin giá cao quá, đã vậy còn ko có hàng. Các bác biết chỗ nào giá tốt ko?
		
Click to expand...

sai lầm nhất là đến mùa nóng mới lắp máy lạnh và hệ NLMT 
mình ráng qua năm sau thôi",https://voz.vn/t/review-lap-he-thong-nang-luong-mat-troi-cho-nha-xai-1-5-2-cu-tien-dien-cho-anh-em-tham-khao.1182316/page-3,
1182316,1753244,RungRụngRúng,"Apr 17, 2026 at 1:29 PM","hieuthao said:



			sai lầm nhất là đến mùa nóng mới lắp máy lạnh và hệ NLMT 
mình ráng qua năm sau thôi
		
Click to expand...

lúc nó rẽ thì ko ai chịu lắp đâu, chê ỏng chê eo",https://voz.vn/t/review-lap-he-thong-nang-luong-mat-troi-cho-nha-xai-1-5-2-cu-tien-dien-cho-anh-em-tham-khao.1182316/page-3,
1182316,99919,hieuthao,"Apr 17, 2026 at 1:30 PM","RungRụngRúng said:



			lúc nó rẽ thì ko ai chịu lắp đâu, chê ỏng chê eo 

Click to expand...

đang chửi tui đấy à?",https://voz.vn/t/review-lap-he-thong-nang-luong-mat-troi-cho-nha-xai-1-5-2-cu-tien-dien-cho-anh-em-tham-khao.1182316/page-3,
1182316,1753244,RungRụngRúng,"Apr 17, 2026 at 1:40 PM","hieuthao said:



			đang chửi tui đấy à? 




Click to expand...

đâu có",https://voz.vn/t/review-lap-he-thong-nang-luong-mat-troi-cho-nha-xai-1-5-2-cu-tien-dien-cho-anh-em-tham-khao.1182316/page-3,
1182316,99919,hieuthao,"Apr 17, 2026 at 1:41 PM","RungRụngRúng said:



			đâu có
		
Click to expand...

Tui cũng z đó. Mới lắp điều hoà hết 600k 
 kêu thợ 2 ngày mới qua, mình còn phụ heets việc vặt luôn",https://voz.vn/t/review-lap-he-thong-nang-luong-mat-troi-cho-nha-xai-1-5-2-cu-tien-dien-cho-anh-em-tham-khao.1182316/page-3,
1182316,1753244,RungRụngRúng,"Apr 17, 2026 at 1:44 PM","hieuthao said:



			Tui cũng z đó. Mới lắp điều hoà hết 600k
 kêu thợ 2 ngày mới qua, mình còn phụ heets việc vặt luôn
		
Click to expand...

điều hoa canh sale lazd mua cho rẽ  múc con TCL 1.5HP có 4.3tr, rồi hôm trước 2HP có 7tr @@
lắp 5 xị, thợ tự bơi.
mua để sẵn đó, rãnh rãnh kêu lắp, thợ k mè nheo dc",https://voz.vn/t/review-lap-he-thong-nang-luong-mat-troi-cho-nha-xai-1-5-2-cu-tien-dien-cho-anh-em-tham-khao.1182316/page-4,
1182316,2012073,Rico_Pixcel,"Apr 17, 2026 at 1:47 PM","hieuthao said:



			sai lầm nhất là đến mùa nóng mới lắp máy lạnh và hệ NLMT 
mình ráng qua năm sau thôi
		
Click to expand...

Thật, nhờ vậy mấy thương gia solar mới sắm xế sang, biệt thự đc chớ kkk",https://voz.vn/t/review-lap-he-thong-nang-luong-mat-troi-cho-nha-xai-1-5-2-cu-tien-dien-cho-anh-em-tham-khao.1182316/page-4,
1182316,99919,hieuthao,"Apr 17, 2026 at 1:58 PM","RungRụngRúng said:



			điều hoa canh sale lazd mua cho rẽ  múc con TCL 1.5HP có 4.3tr, rồi hôm trước 2HP có 7tr @@
lắp 5 xị, thợ tự bơi.
mua để sẵn đó, rãnh rãnh kêu lắp, thợ k mè nheo dc
		
Click to expand...

mình bỏ phố về quê nên máy lạnh có sẵn, mà phòng chưa cải tạo cũng ko nghĩ nóng quá đâu. giờ thì thở ko ra hơi thôi lắp đại  
công thợ 450k, 100k cho giá đỡ, tip thêm 50k cho chẵn tiền. mình phụ cũng hết mấy việc vặt rồi ấy, làm cho lẹ để con gái ngủ ngon thôi


Rico_Pixcel said:



			Thật, nhờ vậy mấy thương gia solar mới sắm xế sang, biệt thự đc chớ kkk
		
Click to expand...

ra là mấy cha làm solar giàu lắm, kkk",https://voz.vn/t/review-lap-he-thong-nang-luong-mat-troi-cho-nha-xai-1-5-2-cu-tien-dien-cho-anh-em-tham-khao.1182316/page-4,
1196880,2165323,charger23,"Jan 14, 2026 at 2:25 PM","Sau hơn nửa năm tìm hiểu về robot hút bụi, mình quyết định xuống tiền con Narwal Flow này, và phải thực sự nói là nó đáng giá đến từng xu. Thread này mình chỉ tập trung nói về lý do chọn con Flow và review nhanh về ưu/nhược của nó, còn tính năng thì các bác lên google xem nhé.

Nói sơ qua vì sao mình chọn Narwal, hãng mới ở VN. Budget của mình từ 17-20tr, và con này mình săn sale đc giá 18.5tr trên sàn cam. Ban đầu mình định mua con Mova V50 vì giá nó quá tốt p/p, kèm theo đc tặng full combo phụ biện, nhưng càng tìm hiểu càng thấy chổi xoay ko thể nào sạch và tiện lợi bằng chổi dạng con lăn cả. Cho nên quyết tâm mua loại con lăn. Ở VN thì nhiều nhất là Ecovacs, Dreame và Roborock, và mình ko chọn 3 hãng này, lý do:

Ecovacs: hãng này độ phủ cao, dãy sản phẩm rộng từ thấp đến cao cấp, nhưng độ tin cậy ko cao. Mò mẫm trên diễn đàn reddit, group người dùng facebook, review Amazon toàn thấy bị chê thậm tệ, thậm chí còn bị gọi là Ecocraps vì robot rất dễ bị lỗi, và khả năng điều hướng, mapping rất ngu kể cả trên máy con cao cấp như X11 Omi.
Dreame: hãng này giá chát vcl, cùng tầm giá <20tr mà chỉ mua đc dạng lau con xoay thì thôi skip
Roborock: hãng này ban đầu định vị giá rẻ, nhưng càng lúc giá càng cao, mà chất lượng ko đi lên, chỉ đi ngang, lỗi vặt, mapping bị chê cũng rất nhiều, chỉ thấy đc khen nhiều nhất là cái app
Eufy: hãng này bán chạy trên Amazon vcl, bán chạy như tôm tươi luôn ấy, vì giá rẻ mà hiệu năng ko thua kém mấy con flagship, tầm 15tr đã mua đc con E28 dạng con lăn cmnr. Nhưng budget của mình từ 18-20tr nên cần 1 con hiệu năng cao hơn nữa
Rồi cuối cùng mình chọn Narwal, vì sao? Vì khi coi 7 7 49 cái review trên reddit, amazon, vaccumwars, youtube mình thấy nó quá ngon, mặc dù hãng lạ vcl nên ban đầu hơi e dè. Nhưng bọn reddit rất chuộng con Flow này vì nó là loại con lăn dẹt, nên lau cực kỳ sạch và khả năng điều hướng, né vật cản rất rất tốt.

Flow đang đứng top #4 trên trang Vaccum Wars (hình chụp lúc 14/01/2026).





Đến thời điểm hiện tại, mình đã dùng được hơn 1 tháng, và có 1 vài đánh giá nhanh như sau:

Ưu điểm:

Lau nhà cực sạch, ko để lại vệt nước nên nhà khô rất nhanh. Mình thường chọn hút xong rồi mới lau, nene nhà lau xong đi rất sướng chân vì sạch kin kít.
Điều hướng rất thông minh và chính xác 11/10 điểm, đá bọn Ecovacs, Roborock ra chuồng gà. Bất ngờ nhất về khả năng điều hướng của nó, vẽ bản đồ căn hộ nhà mình rất chuẩn chỉ với 1 lần đầu sau khui hộp. Nhờ điều hướng cực chuẩn mà robot hoàn thành nhiệm vụ rất nhanh, nó luôn biết phải làm gì khi gặp vật cản, né cực chuẩn, thậm chí nó còn đi sát xoay vòng tròn theo chân bàn, chân ghế đc nữa, má đúng đỉnh  Cho đến bây giờ robot chưa bao giờ bị kẹt góc, kẹt vật cản hay kẹt dây điện nào cả, cũng chưa bao giờ thấy nó đi ngu, đi ngáo hay đứng yên suy nghĩ nên đi đâu. Nói chung là nó đi như người thật vậy, biết đi đâu và phải làm gì, phán đoán rất nhanh. Các bán nhìn lịch sử di chuyển như hình, nó đều đẹp vcl, ở mấy đường vẽ tròn tròn là nó quay tròn theo sát mép chân bàn, chân ghế để lau, đúng đỉnh vl 







Tự tạo bản đồ rất nhanh và chuẩn, mình chỉ can thiệp đúng 1 lần để nới cái hành lang phòng ngủ ra dài 1 chút, ngoài ra 99% còn lại nó tự làm hết
Nhà mình có 2 phụ nữ, nên tóc rụng nhiều đến phát bực, con này hút đc hết tóc mà ko bị rối lần nào luôn. Lần gần nhất mình vệ sinh, lau dọn cho nó thì thấy 1-2 sợi tóc bị vướng vào bánh xe, gỡ ra là hết. Nói chung là chống rối tóc đối vs mình 10/10.
Robot mỏng 9.5cm, cảm biến đc đặt hết xuống thân máy nên ko có cái cục Lidar ở trên, cũng ko cần trồi lên xuống như mấy mẫu khác, nên nhìn nó vừa mỏng, vừa đẹp
Hộp chứa rác trên robot có tính năng sấy khô, tiệt trùng --> cài này để giải quyết tình trạng robot nó hút bụi trúng mấy chỗ có nước hay bị ẩm ướt, khiến bụi và rác trong hộc của nó bị ướt,. Nó sẽ sấy khô rác hết, trước khi hút vào túi rác trong trạm, để tránh nghẹt ống hút, ướt túi rác
Hãng này cũng rất chăm update firmware, mình xài trong vòng 1 tháng là cứ mỗi tuần có 1 update sửa lỗi, tối ưu đủ thứ, phê 
Nhược điểm:

App hơi đơn giản. Cái này vừa là nhược vừa là ưu. Ưu đối với những người ko rành về công nghệ thì tính năng trên app đủ dùng, thao tác rất đơn giản, giao diện trực quan, chỉ 1-2 lần chạm là điều robot đi lau nhà đc rồi. Nhưng nếu đòi hỏi thêm nhiều tính năng chuyên sâu thì robot ko có, chẳng hạn như chọn nhiệt độ nước lau sàn, nhiệt độ giặt giẻ.
Phụ tùng, linh kiện ít quá. Vì là hãng còn mới ở VN nên ít shop bán linh kiện. Mall trên Shopee thì bán giá ko rẻ, hơn 600k cho cái chổi chống rối, 200k cho 2 cây chổi cạnh 
Ko biết phải nhược ko, nhưng mình bị lỗi kết nối 1 lần, robot mất kết nối vs trạm, phải rút dây nguồn trạm ra 15 phút rồi cắm lại thì nó mới nhận. Từ lúc đó thấy ko bị nữa.
Có cái hộp chứa rác của robot mình chưa hiểu lắm, mỗi lần mình muốn lật nó lên để gỡ giẻ lau ra đi giặt, thì bụi trong hộp rác nó rơi ra ngoài, thành ra lúc nào cần lật robot lên, mình đều phải lên app bắt nó hút rác hết vào túi bụi trong trạm trước
[updated] Khay chứa nước dơ trên robot không tháo ra được, mình cũng không thấy nó nằm ở đâu ) nên chắc sẽ khó bảo trì 
Tóm lại là nó là 1 con robot hút bụi thực sự rất ngon, vô địch trong tầm giá và mình nghĩ nó xứng đáng đc biết đến nhiều hơn. Lý do mình nói nó underated là vì mình search trên mấy forum, group của VN, ko thấy ai nhắc đến nó -> chứng tỏ rất ít người biết và mua. Toàn bộ thông tin phải search trên forum nước ngoài. Mong là nhiều người mua thì mới có nhiều shop bán phụ kiện Narwal, chứ giờ giá linh kiện nó chát vcl  Mình ở căn hộ, nên ko có cầu thang hay bậc gì, cũng ko nuôi chó mèo, nên ko trải nghiệm đc mấy tính năng leo bậc hay né shit, v.v... nên chỉ review có nhiêu đây thôi.

 



			
				Last edited: Jan 20, 2026",https://voz.vn/t/robot-hut-bui-narwal-flow-con-robot-underated-nhat.1196880/,
1196880,1280957,TuanBone,"Jan 14, 2026 at 8:35 PM",Bác bỏ qua v50 chọn con này là sáng suốt ấy,https://voz.vn/t/robot-hut-bui-narwal-flow-con-robot-underated-nhat.1196880/,
1196880,1970912,Cà Là Tê,"Jan 15, 2026 at 11:13 AM","bữa thấy cu hiệp tinhte cũng xài narwal thay vì mấy hãng rầm rộ nhiều người xài, tên nghe lạ quá mà thằng nhập về bán nó cũng chẳng chạy truyền thông gì luôn, chắc đồ ngon giữ chơi 1 mình",https://voz.vn/t/robot-hut-bui-narwal-flow-con-robot-underated-nhat.1196880/,
1196880,2165323,charger23,"Jan 15, 2026 at 3:22 PM","Cà Là Tê said:



			bữa thấy cu hiệp tinhte cũng xài narwal thay vì mấy hãng rầm rộ nhiều người xài, tên nghe lạ quá mà thằng nhập về bán nó cũng chẳng chạy truyền thông gì luôn, chắc đồ ngon giữ chơi 1 mình
		
Click to expand...

Mình cũng ko hiểu sao hãng ít truyền thông như vậy. Lúc săn sale trên sàn cam, mình thấy mall của shop chỉ có đúng 1 con, mình đặt xong là out of stock luôn, chả hiểu",https://voz.vn/t/robot-hut-bui-narwal-flow-con-robot-underated-nhat.1196880/,
1196880,1885119,abc25339_2,"Jan 15, 2026 at 5:54 PM","Lật ngửa robot rác rơi ra là bình thường, các con robot hãng khác nó cũng thế thôi, vì cái họng từ chổi chính đến hộp rác trên thân robot nó không có nắp đóng.

Việc [thường xuyên có cập nhật phần mềm] chỉ cho thấy là hãng hỗ trợ về phần mềm tốt, chứ thực ra công bằng mà nói thì cái gì càng phải cập nhật nhiều thì nó càng ... bất ổn 
Vì có lỗi gì đó về phần mềm nên hãng phải fix và release bản update mà thôi 
Mình đang dùng Ecovacs T80 có lau con lăn, săn saleoff được giá 13tr6 trên sàn cam. Đúng là thấy thi thoảng nó đi hơi ngu xíu nhưng lau vẫn sạch, chỉnh được mức nước giẻ lau nên chuyện có vệt nước hay không có thì hoàn toàn là mình tự kiểm soát, thích không thì không mà thích có thì có. Bù lại phụ kiện dễ mua dễ kiếm và cũng không đắt 

Con của mình cũng vẽ map chính xác chỉ bằng 1 lần chạy, cũng chạy lòng vòng quanh chân ghế để lau )
Nói chung nghe mô tả của thớt thì mình chưa thấy có gì đáng tiền hơn Ecovacs T80 của mình",https://voz.vn/t/robot-hut-bui-narwal-flow-con-robot-underated-nhat.1196880/,
1196880,385580,nhocgaqn,"Jan 16, 2026 at 7:39 AM",mình cũng  đang tính xúc narwal dạng con lăn. mà nghe nói narwal nội địa mua về VN cũng bị khóa app,https://voz.vn/t/robot-hut-bui-narwal-flow-con-robot-underated-nhat.1196880/,
1196880,1280957,TuanBone,"Jan 16, 2026 at 10:30 AM","nhocgaqn said:



			mình cũng  đang tính xúc narwal dạng con lăn. mà nghe nói narwal nội địa mua về VN cũng bị khóa app  

Click to expand...

nội địa hãng nào về cũng bị khóa app hết bác",https://voz.vn/t/robot-hut-bui-narwal-flow-con-robot-underated-nhat.1196880/,
1196880,385580,nhocgaqn,"Jan 16, 2026 at 11:00 AM","TuanBone said:



			nội địa hãng nào về cũng bị khóa app hết bác
		
Click to expand...


mình có DNS với VPN china rồi mà ko biết có chạy được không. Vì nghe nói giờ nó còn check cả gps",https://voz.vn/t/robot-hut-bui-narwal-flow-con-robot-underated-nhat.1196880/,
1196880,1280957,TuanBone,"Jan 16, 2026 at 11:16 AM","nhocgaqn said:



			mình có DNS với VPN china rồi mà ko biết có chạy được không. Vì nghe nói giờ nó còn check cả gps 

Click to expand...

chập chờn lắm bác, đăng nhập vào cài đặt, hẹn giờ thôi, muốn làm việc thì bấm nút",https://voz.vn/t/robot-hut-bui-narwal-flow-con-robot-underated-nhat.1196880/,
1196880,1111890,little duck,"Jan 16, 2026 at 11:21 AM",Con này leo thảm không không bác?,https://voz.vn/t/robot-hut-bui-narwal-flow-con-robot-underated-nhat.1196880/,
1196880,2165323,charger23,"Jan 16, 2026 at 3:23 PM","little duck said:



			Con này leo thảm không không bác?
		
Click to expand...

Leo thảm là sao bác? Mình chưa hiểu ý câu hỏi lắm.

Về khả năng leo: thì nó leo qua đc bậc nha, mình chưa test tính năng này, nhưng trên vaccumwars có test
Còn về thảm: nó nâng giẻ lau lên khi đi lên thảm bình thường nhé, cái này dường như robot nào cũng phải làm dc",https://voz.vn/t/robot-hut-bui-narwal-flow-con-robot-underated-nhat.1196880/,
1196880,354216,damacus,"Jan 16, 2026 at 4:37 PM",Con này muốn lắp cấp thoát nước tự động dễ không bác? Và cái thảm xốp của trẻ con nó nhận diện có chuẩn không ạ? Nhà em có cái thảm xốp mà con roborock không nhận ra được,https://voz.vn/t/robot-hut-bui-narwal-flow-con-robot-underated-nhat.1196880/,
1196880,2165323,charger23,"Jan 16, 2026 at 5:09 PM","damacus said:



			Con này muốn lắp cấp thoát nước tự động dễ không bác? Và cái thảm xốp của trẻ con nó nhận diện có chuẩn không ạ? Nhà em có cái thảm xốp mà con roborock không nhận ra được
		
Click to expand...






Con này bản dock cấp xả tự động ko có bán ở VN bác ơi. 
Còn thảm thì mình ko rành, do nhà mình cũng ko có thảm. Mà điểm khác của con Flow này là nó ko có cảm biến thảm, mà nó dùng camera AI để nhận diện thảm, nên có thể sẽ tốt hơn hoặc kém hơn tuỳ tình huống.",https://voz.vn/t/robot-hut-bui-narwal-flow-con-robot-underated-nhat.1196880/,
1196880,354216,damacus,"Jan 16, 2026 at 5:50 PM","charger23 said:



View attachment 3435719

Con này bản dock cấp xả tự động ko có bán ở VN bác ơi.
Còn thảm thì mình ko rành, do nhà mình cũng ko có thảm. Mà điểm khác của con Flow này là nó ko có cảm biến thảm, mà nó dùng camera AI để nhận diện thảm, nên có thể sẽ tốt hơn hoặc kém hơn tuỳ tình huống.
		
Click to expand...

Thank bác, em lại đang dùng nước auto nên rất tiện, giờ bảo xách đi đổ thì ngại lắm ạ",https://voz.vn/t/robot-hut-bui-narwal-flow-con-robot-underated-nhat.1196880/,
1196880,1111890,little duck,"Jan 17, 2026 at 12:09 AM","charger23 said:



			Leo thảm là sao bác? Mình chưa hiểu ý câu hỏi lắm.

Về khả năng leo: thì nó leo qua đc bậc nha, mình chưa test tính năng này, nhưng trên vaccumwars có test
Còn về thảm: nó nâng giẻ lau lên khi đi lên thảm bình thường nhé, cái này dường như robot nào cũng phải làm dc


Click to expand...

Con t30e nhà mình nó cứ thấy thảm là nó lùi lại đi xung quanh.",https://voz.vn/t/robot-hut-bui-narwal-flow-con-robot-underated-nhat.1196880/,
1196880,1793795,Toni.Adam,"Jan 19, 2026 at 1:16 AM","Em cũng đang có ngân sách như bác. Em đang phân vân con Roborock Qrevo Curv 2 Pro. Nhưng ngó qua con E28 của Eufy thì thấy bọn nước ngoài khen lắm mà rẻ hơn kha khá. Để em tham khảo thêm con này nữa ạ. 

Em đang thích con E28 vì tiết kiệm được khá nhiều xiền. Nhưng đọc qua thì hình như nó không có giặt rẻ nước nóng.",https://voz.vn/t/robot-hut-bui-narwal-flow-con-robot-underated-nhat.1196880/,
1196880,2181253,quangkts,"Jan 19, 2026 at 3:35 PM","charger23 said:



			Mình cũng ko hiểu sao hãng ít truyền thông như vậy. Lúc săn sale trên sàn cam, mình thấy mall của shop chỉ có đúng 1 con, mình đặt xong là out of stock luôn, chả hiểu
		
Click to expand...

Con Narwal Flow em thấy trên shop này sale giá gần 18tr thôi
Rẻ hơn của bác.
Mà thấy shop họ báo kho đang sẵn nhiều hàng mà:
https://shopee.vn/Robot-Hút-Bụi-Lau-Nhà-Narwal-Freo-(Narwal-Flow)-Lực-Hút-3000Pa-Tự-Giặt-Giẻ-Sấy-Khô-BH-24T-Hàng-Chính-Hãng-i.358099576.54653350237?extraParams=%7B""display_model_id""%3A425321365989%2C""model_selection_logic""%3A3%7D&sp_atk=e8b787d3-8202-4e18-b82f-97dc4c080702&xptdk=e8b787d3-8202-4e18-b82f-97dc4c080702

 



			
				Last edited: Mar 20, 2026",https://voz.vn/t/robot-hut-bui-narwal-flow-con-robot-underated-nhat.1196880/,
1196880,1280957,TuanBone,"Jan 19, 2026 at 3:54 PM","Toni.Adam said:



			Em cũng đang có ngân sách như bác. Em đang phân vân con Roborock Qrevo Curv 2 Pro. Nhưng ngó qua con E28 của Eufy thì thấy bọn nước ngoài khen lắm mà rẻ hơn kha khá. Để em tham khảo thêm con này nữa ạ.

Em đang thích con E28 vì tiết kiệm được khá nhiều xiền. Nhưng đọc qua thì hình như nó không có giặt rẻ nước nóng.
		
Click to expand...

ko nên mua eufy vì hãng này ít phụ kiện ở VN mà robot là cái cần thay phụ kiện định kỳ. curv 2 pro ngon, tương đối toàn diện, rẻ hơn thì có curv 2 flow. Mình có bán roborock hàng chính hãng bh 2 năm nhé.",https://voz.vn/t/robot-hut-bui-narwal-flow-con-robot-underated-nhat.1196880/,
1196880,292616,H.ws,"Jan 19, 2026 at 5:00 PM",Con này bị cái khay nc bẩn ở trong ko tháo đc. Để lâu có thể có mùi. Loại ngay từ vòng gửi xe.,https://voz.vn/t/robot-hut-bui-narwal-flow-con-robot-underated-nhat.1196880/,
1196880,95014,tho80,"Jan 20, 2026 at 6:41 PM",giá gần 30 củ khoai thì nan giải . nhà giàu mới chơi thứ này,https://voz.vn/t/robot-hut-bui-narwal-flow-con-robot-underated-nhat.1196880/,
1196880,2165323,charger23,"Jan 20, 2026 at 9:28 PM","tho80 said:



			giá gần 30 củ khoai thì nan giải . nhà giàu mới chơi thứ này
		
Click to expand...

Giá amazon thôi bác, chứ VN tầm 20tr, săn sale thì 18-19tr",https://voz.vn/t/robot-hut-bui-narwal-flow-con-robot-underated-nhat.1196880/page-2,
1196880,2165323,charger23,"Jan 20, 2026 at 9:53 PM","H.ws said:



			Con này bị cái khay nc bẩn ở trong ko tháo đc. Để lâu có thể có mùi. Loại ngay từ vòng gửi xe.
		
Click to expand...

Bác nói đúng, mình quên cái này, để mình update vào phần nhược điểm",https://voz.vn/t/robot-hut-bui-narwal-flow-con-robot-underated-nhat.1196880/page-2,
1196880,1872039,Happy guy,"Jan 21, 2026 at 12:22 AM","abc25339_2 said:



			Bù lại phụ kiện dễ mua dễ kiếm và cũng không đắt 

Con của mình cũng vẽ map chính xác chỉ bằng 1 lần chạy, cũng chạy lòng vòng quanh chân ghế để lau )
Nói chung nghe mô tả của thớt thì mình chưa thấy có gì đáng tiền hơn Ecovacs T80 của mình 

Click to expand...

đúng là ngoài việc tự động vệ sinh ra chả có gì hay hơn con Xiaomi S20+ giá 5tr tôi mua đc 2 năm",https://voz.vn/t/robot-hut-bui-narwal-flow-con-robot-underated-nhat.1196880/page-2,
1196880,1885119,abc25339_2,"Jan 21, 2026 at 9:08 AM","Happy guy said:



			đúng là ngoài việc tự động vệ sinh ra chả có gì hay hơn con Xiaomi S20+ giá 5tr tôi mua đc 2 năm 

Click to expand...

khỏi cần kháy, tập trung vào sự thật đi  
Xiaomi S20+ công nghệ lau cũ nhất, lực hút yếu nhất, vệ sinh khăn lau kém nhất, không có giặt khăn bằng nước nóng, không có sấy khăn khí nóng, không có cam....",https://voz.vn/t/robot-hut-bui-narwal-flow-con-robot-underated-nhat.1196880/page-2,
1196880,1872039,Happy guy,"Jan 21, 2026 at 9:59 AM","abc25339_2 said:



			khỏi cần kháy, tập trung vào sự thật đi  
Xiaomi S20+ công nghệ lau cũ nhất, lực hút yếu nhất, vệ sinh khăn lau kém nhất, không có giặt khăn bằng nước nóng, không có sấy khăn khí nóng, không có cam....
		
Click to expand...

Tôi dùng ổn, thế là đc!",https://voz.vn/t/robot-hut-bui-narwal-flow-con-robot-underated-nhat.1196880/page-2,
1196880,1885119,abc25339_2,"Jan 21, 2026 at 10:09 AM","Happy guy said:



			Tôi dùng ổn, thế là đc!
		
Click to expand...

ông dùng ổn thì mặc xác ông, cứ thế mà dùng
bài của thớt là đi vào chi tiết, nếu thớt chỉ nói gọn như ông thì tôi cũng chả feedback làm gì cho mỏi tay!",https://voz.vn/t/robot-hut-bui-narwal-flow-con-robot-underated-nhat.1196880/page-2,
1196880,2165323,charger23,"Jan 21, 2026 at 4:20 PM","TuanBone said:



			Bác bỏ qua v50 chọn con này là sáng suốt ấy 

Click to expand...

Sao sáng suốt vậy bác? Con này mình tìm hiểu cũng kỹ lắm, nó chỉ có mỗi 1 nhược điểm là chổi lau dạng xoay thôi",https://voz.vn/t/robot-hut-bui-narwal-flow-con-robot-underated-nhat.1196880/page-2,
1196880,1280957,TuanBone,"Jan 21, 2026 at 4:43 PM","charger23 said:



			Sao sáng suốt vậy bác? Con này mình tìm hiểu cũng kỹ lắm, nó chỉ có mỗi 1 nhược điểm là chổi lau dạng xoay thôi
		
Click to expand...

v50 chất lượng kém lắm, robot hút bụi thì né dreame, mova ra",https://voz.vn/t/robot-hut-bui-narwal-flow-con-robot-underated-nhat.1196880/page-2,
1196880,385580,nhocgaqn,"Jan 24, 2026 at 11:37 PM","charger23 said:



			Bác nói đúng, mình quên cái này, để mình update vào phần nhược điểm
		
Click to expand...


nhưng mà bác dùng có thấy bị hôi không. Mình nghĩ cơ chế rửa của nó là cho nước sạch vào để rửa khay nước bẩn.",https://voz.vn/t/robot-hut-bui-narwal-flow-con-robot-underated-nhat.1196880/page-2,
1196880,1280957,TuanBone,"Jan 25, 2026 at 9:34 AM","charger23 said:



			Bác nói đúng, mình quên cái này, để mình update vào phần nhược điểm
		
Click to expand...

ồ con này ko có khay chứa nước bẩn tháo rời à. Con curv 2 flow của mình 2 tháng rồi chưa vệ sinh bình nước bẩn trên robot mà thấy vẫn chưa hôi cơ mà thiết kế như con flaw hơi rén nhỉ",https://voz.vn/t/robot-hut-bui-narwal-flow-con-robot-underated-nhat.1196880/page-2,
1196880,2165323,charger23,"Jan 26, 2026 at 1:25 PM","nhocgaqn said:



			nhưng mà bác dùng có thấy bị hôi không. Mình nghĩ cơ chế rửa của nó là cho nước sạch vào để rửa khay nước bẩn.
		
Click to expand...

Mình xài đến hiện tại ko thấy hôi nhe bác, lật robot lên cũng ko thấy hôi",https://voz.vn/t/robot-hut-bui-narwal-flow-con-robot-underated-nhat.1196880/page-2,
1196880,1756356,HoanĐoan,"Jan 27, 2026 at 3:13 PM","TuanBone said:



			ko nên mua eufy vì hãng này ít phụ kiện ở VN mà robot là cái cần thay phụ kiện định kỳ. curv 2 pro ngon, tương đối toàn diện, rẻ hơn thì có curv 2 flow. Mình có bán roborock hàng chính hãng bh 2 năm nhé.
		
Click to expand...

QR 798 giá sao bác, đc thì ib giá e phát",https://voz.vn/t/robot-hut-bui-narwal-flow-con-robot-underated-nhat.1196880/page-2,
1196880,1302178,lifeistooshorttoworry,"Feb 28, 2026 at 8:00 AM","Thấy báo cái lỗi này, robot chạy ra được 1 đoạn rồi lại chạy vào dock, fen nào bị chưa.",https://voz.vn/t/robot-hut-bui-narwal-flow-con-robot-underated-nhat.1196880/page-2,
1196880,2165323,charger23,"Feb 28, 2026 at 10:06 PM","lifeistooshorttoworry said:



			Thấy báo cái lỗi này, robot chạy ra được 1 đoạn rồi lại chạy vào dock, fen nào bị chưa.
View attachment 3492667

Click to expand...

Thử reset bằng cách số 1 đi bác",https://voz.vn/t/robot-hut-bui-narwal-flow-con-robot-underated-nhat.1196880/page-2,
1196880,1302178,lifeistooshorttoworry,"Mar 1, 2026 at 6:37 PM","charger23 said:



			Thử reset bằng cách số 1 đi bác
		
Click to expand...

Reset rồi, cả robot cả trạm mà vẫn bị. Giặt dẻ xong chạy ra lại chạy vào. Để gửi bảo hành thôi.",https://voz.vn/t/robot-hut-bui-narwal-flow-con-robot-underated-nhat.1196880/page-2,
1196880,1433483,watdafug,"Apr 13, 2026 at 12:00 AM","TuanBone said:



			ko nên mua eufy vì hãng này ít phụ kiện ở VN mà robot là cái cần thay phụ kiện định kỳ. curv 2 pro ngon, tương đối toàn diện, rẻ hơn thì có curv 2 flow. Mình có bán roborock hàng chính hãng bh 2 năm nhé.
		
Click to expand...

con pro nó lau xoay có ngon = con flow con lăn ko bác?
tiện hỏi bác con saros 20 lau rung có ngon nghẻ k bác đang phân vân quá, tiện bác cho xin giá 3 con này bên bác với",https://voz.vn/t/robot-hut-bui-narwal-flow-con-robot-underated-nhat.1196880/page-2,
1196880,1280957,TuanBone,"Apr 13, 2026 at 12:17 AM","watdafug said:



			con pro nó lau xoay có ngon = con flow con lăn ko bác?
tiện hỏi bác con saros 20 lau rung có ngon nghẻ k bác đang phân vân quá, tiện bác cho xin giá 3 con này bên bác với
		
Click to expand...

curv 2 pro hiệu năng lau nhà nó cũng tầm ngang với con flow, thua con flow khi nền nhà dơ quá cơ mà con flow lại phải vệ sinh thường xuyên hơn.
Lau rung nó ngon hồi xưa thôi chứ so với flow, curv 2 pro, saros 10r, saros 20 thì quan điểm mình nó ko ngon nhất là những góc kiểu dưới chân ghế, sàn gạch men nó cũng ko ngon chỉ có sàn gỗ là hợp, với nhanh hư.
Nếu nhà bác thuộc dạng dơ nhiều hàng ngày thì con flow, còn ko thì xài lau xoay như curv 2 pro, saros 10r, saros 20 hay như con edge 2 mới ra giá mềm hơn pro xíu mà hiệu năng lau vẫn ngon ghẻ.",https://voz.vn/t/robot-hut-bui-narwal-flow-con-robot-underated-nhat.1196880/page-2,
1196880,983349,vkz,"Apr 29, 2026 at 9:21 AM","lifeistooshorttoworry said:



			Reset rồi, cả robot cả trạm mà vẫn bị. Giặt dẻ xong chạy ra lại chạy vào. Để gửi bảo hành thôi. 

Click to expand...

Này là phải bh chứ reset không được đâu",https://voz.vn/t/robot-hut-bui-narwal-flow-con-robot-underated-nhat.1196880/page-2,
1196880,1302178,lifeistooshorttoworry,"Apr 29, 2026 at 11:34 AM","vkz said:



			Này là phải bh chứ reset không được đâu
		
Click to expand...

Đen. Đến giờ vẫn chưa sửa đc.",https://voz.vn/t/robot-hut-bui-narwal-flow-con-robot-underated-nhat.1196880/page-2,
1196880,1280957,TuanBone,"Apr 29, 2026 at 2:48 PM","lifeistooshorttoworry said:



			Đen. Đến giờ vẫn chưa sửa đc.
		
Click to expand...

2 tháng rồi vẫn ko đc à bác, hãng có đổi con mới ko",https://voz.vn/t/robot-hut-bui-narwal-flow-con-robot-underated-nhat.1196880/page-2,
1196880,1302178,lifeistooshorttoworry,"Apr 29, 2026 at 2:50 PM","TuanBone said:



			2 tháng rồi vẫn ko đc à bác, hãng có đổi con mới ko
		
Click to expand...

Dùng 1 tháng, sửa 3 tháng. Ko có đổi mới. Đầu tiên sửa robot gửi lại vẫn lỗi, hãng đổi trạm lại lỗi tiếp. Giờ đang chờ quá tam 3 bận. Oải.",https://voz.vn/t/robot-hut-bui-narwal-flow-con-robot-underated-nhat.1196880/page-3,
1196880,1280957,TuanBone,"Apr 29, 2026 at 2:55 PM","lifeistooshorttoworry said:



			Dùng 1 tháng, sửa 3 tháng. Ko có đổi mới. Đầu tiên sửa robot gửi lại vẫn lỗi, hãng đổi trạm lại lỗi tiếp. Giờ đang chờ quá tam 3 bận. Oải.
		
Click to expand...

èo thua, 2 chục củ nằm 1 đống, thôi rút kn chuyển sang xài roborock đi bác, mình bh cho khách hãng thiếu lk là mình chấp nhận rã xác con khác ra thay cho khách luôn",https://voz.vn/t/robot-hut-bui-narwal-flow-con-robot-underated-nhat.1196880/page-3,
1196880,1209755,badguy90,"Apr 29, 2026 at 3:09 PM","Bác chưa dùng các hãng khác mà chê cả đám còn lại, tôn con này lên thì nhìn giống Seeder hơn là review rồi

Ko phải tự dưng hãng khác nó top doanh số đâu, người dùng khen chê thì đâu cũng có.
Cái bản đồ kia mà bác khen nức nở thì con Ecovasc đời tống của mình mua 2020 nó vẽ chả khác gì, thậm chí vẽ đẹp thì bọn Xiaomi cùng thời nó vẽ còn đẹp hơn.
Bác bỏ 20 triệu mua 1 con robot ko bán ở VN dc bao nhiêu thì phụ tùng thay thế kiểu gì nhất là phụ tùng robot là tiêu hao như chổi hút, chổi cạnh, con lăn... mỗi lần mua lại order chờ đợi rất mệt mỏi.
Mấy cái ưu điểm bác kể mình thấy chưa có gì nổi trội cả, nhất là vụ 1 tuần update firmwảe 1 lần thì chỉ thể hiện nó là lỗi triền miên chả xử lý dứt điểm đc thôi",https://voz.vn/t/robot-hut-bui-narwal-flow-con-robot-underated-nhat.1196880/page-3,
1196880,2206032,Vn_Maxx,"Apr 29, 2026 at 11:31 PM","badguy90 said:



			Bác chưa dùng các hãng khác mà chê cả đám còn lại, tôn con này lên thì nhìn giống Seeder hơn là review rồi

Ko phải tự dưng hãng khác nó top doanh số đâu, người dùng khen chê thì đâu cũng có.
Cái bản đồ kia mà bác khen nức nở thì con Ecovasc đời tống của mình mua 2020 nó vẽ chả khác gì, thậm chí vẽ đẹp thì bọn Xiaomi cùng thời nó vẽ còn đẹp hơn.
Bác bỏ 20 triệu mua 1 con robot ko bán ở VN dc bao nhiêu thì phụ tùng thay thế kiểu gì nhất là phụ tùng robot là tiêu hao như chổi hút, chổi cạnh, con lăn... mỗi lần mua lại order chờ đợi rất mệt mỏi.
Mấy cái ưu điểm bác kể mình thấy chưa có gì nổi trội cả, nhất là vụ 1 tuần update firmwảe 1 lần thì chỉ thể hiện nó là lỗi triền miên chả xử lý dứt điểm đc thôi
		
Click to expand...


Thanh niên chửi khỏe thế sale dreame hay roborock",https://voz.vn/t/robot-hut-bui-narwal-flow-con-robot-underated-nhat.1196880/page-3,
1196880,1209755,badguy90,"Apr 30, 2026 at 1:00 PM","Vn_Maxx said:



			Thanh niên chửi khỏe thế sale dreame hay roborock
		
Click to expand...

Có câu nào chửi à",https://voz.vn/t/robot-hut-bui-narwal-flow-con-robot-underated-nhat.1196880/page-3,
1197366,1685523,chimlongamtoi,"Jan 15, 2026 at 2:12 PM","Đến hẹn lại lên, sau khi thẩm neo 10 1 năm thì tôi đổi tiếp qua Honor 400 bản tàu khựa  
Lí do là neo 10 sau 1 năm thì pin có vẻ bắt đầu sụt nhanh hơn dù hiển thị còn 98% (chắc do OS update xong lỏ), xài hết phê + tranh thủ mua máy trước khi bị vợ chưa cưới cho vô xích  ,tôi tìm máy tầm 7,8tr có pin trâu, cấu hình tạm tạm, cam tàm tạm và gọn nhẹ, dưới 210g để xài. Sau khi ngó qua ace 5 ultra, neo 11, k80u, k13 turbo, honor 400 chính hãng, honox x9d thì tôi thấy cái thì pin ko quá khỏe, cái thì quá nặng, cái thì cam quá thọt 
Lướt fb có 1 ông nào đấy pass con honor 400 nd với lời khen ngon gấp n lần chính hãng . Chekc thông số thì thấy ngon hơn thật, nhưng giá khá cao, 8.5 sang tay người dùng. Trả giá thì méo chịu với lí do máy ngon, hiếm nên giá vậy (dù rao bán 10 ngày chưa bay) . Thấy phí tiền nên thôi, éo thèm đổi nữa. Đùng phát cách đây gần tuần pee nó thả cho mã 24%, app nó gợi ý con honor 400 như mới giá sau áp 7tr4 của sơn pixel, thấy có vẻ thơm nên nổi hứng mua tiếp.  Hơi rén vì lần đầu mua đt likenew qua mạng nhưng thôi bấm bụng chơi luôn, shop thằng này phốt cũng ko nhiều, rep ib nhiệt tình 
2 ngày sau nhận hàng, ơn giời máy leng keng, pin 100%, kích hoạt gần 2 tháng, gần như mới. Sau vài ngày thẩm với neo 10 thì quyết định đẩy neo 10 đi rồi review cho các fen con honor 400 nd siêu cấp vũ trụ mà một số fanboy trên fb hay khen như sau: 
1. Build, cầm nắm: Máy nhỏ gọn, 6.55, viền mỏng, tỉ lệ màn hình 19.5 : 9 thay vì 20:9 như nhiều máy khác nên cầm rất sướng. Dù màn nhỏ hơn nhưng kích thước thực khi xem youtube ko thua con neo 10 màn 6.78 là bao. Vốn máy cũng gần mid end nên build ngon hơn nhiều so với neo 10 vỏ nhựa, lưng nhựa 
2. Hiệu năng, phần mềm: vừa đủ xài với người ko game. Nhưng animation của magic os thì đúng phèn hơn so với oringin, tôi chấm nó chỉ nhỉnh hơn hyper os 2.0. tính năng cũng ko phong phú, khó xài hơn so với hyper, origin. Nhìn chung, xét tổng thể thì origin 10, color 9, magic 8.5/9, hyper = one ui = 8. Tuy nhiên thì cũng có lời khen là tương thích app quốc tế ok, hơn origin, same same hyper. Thông báo same same origin, mặc định thì tầm 80%, max hết mọi thứ thì 90% với zalo. GPS ngon, định vị chuẩn và ổn định hơn hẳn neo 10 khi dùng app ship 
3. Loa, màn: loa mới đầu chỉ thấy to mồm, ko thấy bass bủng mịa gì hết. Sau khi update lên thì nó lại ngon 1 cách lạ thường, ăn đứt neo 10, cảm giác nó gần đạt mức mi 10s hồi xưa. Màn đẹp, quá sáng, chỉnh sáng tự động đôi lúc cao hơn mức cần thiết. Nhìn chung loa màn này xem youtube là bá cháy 
4. Cam: 200mp giống con redmi note 13 pro hồi xưa xài, khá ngon, thuật toán có vẻ ok hơn, dĩ nhiên ngon hơn cam trên neo 10. Cam neo 10 chụp cảnh ok nhưng chụp người thì lạm dụng AI quá đà gây giả.  Quay cũng ổn, vừa đủ tốt. Cam siêu rộng cũng là điểm cộng, cam 12mp có AF nên ngon hơn hẳn đám máy cỏ 8mp thông thường. Có trò chụp macro vui vẻ. Cam selfie bao ngon, 50mp, quay dc 4k, như đám flagship 
5. Pin sạc: pin 7k2, so với pin 6k1 của neo 10 thì ko hơn quá nhiều dù màn nhỏ hơn. Cảm giác tối ưu pin ko thực sự tốt như mong đợi. Xài cơ bản vẫn dc gần 2 ngày. Điểm cộng là cục sạc nhỏ gọn dù 80w, sạc rất mát, xin nhấn mạnh là cực mát, cả cục sạc lẫn máy, hơn sạc vivo, oppo, xiaomi kha khá 
Phần chê chung: magic OS ko hype như fan khen, tính năng ko có gì đặc sắc. Font chữ hơi khó nhìn. Phụ kiện đồ chơi hơi khó kiếm 
Phần khen chung: cam đẹp, trước sau, cam UW gì cũng ngon, 7,8tr chỉ có flagship cũ mới ăn dc, chứ đám chuyên cấu hình kiểu ace 5,6, neo 10, 11 thì con này chắc xin cái tuổi về cam. Loa màn ngon. Rất phù hợp xài cơ bản ít game, chụp choẹt, youtube...ngon lành, có thể xem xét mua cho gái xài dc vì tính nhỏ gọn, cam đẹp",https://voz.vn/t/honor-400-noi-dia.1197366/,
1197366,1032626,azbinhaz,"Jan 15, 2026 at 2:48 PM","8,5tr tìm con oneplus ace 6t có rom quốc tế siêu ngon, xài chi mấy con kia bác",https://voz.vn/t/honor-400-noi-dia.1197366/,
1197366,1788445,huyndx,"Jan 15, 2026 at 2:59 PM","Tôi thấy cây 400 Lite phần cam nhìn ưng
 Giá thì êm",https://voz.vn/t/honor-400-noi-dia.1197366/,
1197366,1866504,penguinvt11,"Jan 18, 2026 at 8:57 AM","azbinhaz said:



			8,5tr tìm con oneplus ace 6t có rom quốc tế siêu ngon, xài chi mấy con kia bác
		
Click to expand...

Con này có gì ngon",https://voz.vn/t/honor-400-noi-dia.1197366/,
1197366,1956329,tg_sunkener,"Jan 24, 2026 at 10:24 AM","azbinhaz said:



			8,5tr tìm con oneplus ace 6t có rom quốc tế siêu ngon, xài chi mấy con kia bác
		
Click to expand...

Nghe đồn đến tháng 3 mấy máy cài rom là không sài được app Bank bác ạ",https://voz.vn/t/honor-400-noi-dia.1197366/,
1197366,1685523,chimlongamtoi,"Jan 24, 2026 at 10:34 AM","azbinhaz said:



			8,5tr tìm con oneplus ace 6t có rom quốc tế siêu ngon, xài chi mấy con kia bác
		
Click to expand...

Máy to - nặng  - cái này quan trọng với tôi 
Cam ko đẹp bằng
Giá chênh nhau hơn 1tr
Tôi ko chơi game, chỉ xài cơ bản, chụp ảnh
Thế nên con này phù hợp hơn hẳn",https://voz.vn/t/honor-400-noi-dia.1197366/,
1197366,1718011,dinhtienbang0706,"Jan 27, 2026 at 9:09 AM","T chỉ có 1 chút thắc mắc và góp ý về bài viết thôi:
"" Thông báo same same origin, mặc định thì tầm 80%, max hết mọi thứ thì 90% với zalo"" - Thông báo của Honor ngon nhất trong đám nội địa, hơn origin và hơn cả coloros. Fix chuẩn phải được cỡ 95% trở lên
""loa mới đầu chỉ thấy to mồm, ko thấy bass bủng mịa gì hết. Sau khi update lên thì nó lại ngon 1 cách lạ thường, ăn đứt neo 10, cảm giác nó gần đạt mức mi 10s hồi xưa"" biết là do cảm nhận của a nhưng có vẻ hơi quá, dòng magic loa mới ngon hẳn được :3
""Điểm cộng là cục sạc nhỏ gọn dù 80w, sạc rất mát, xin nhấn mạnh là cực mát, cả cục sạc lẫn máy, hơn sạc vivo, oppo, xiaomi kha khá"" Cái này tôi đồng tình, đám BBK thì củ sạc cực nóng, máy tương đối mát, Ximi thì ngược lại. Honor mát cả máy lẫn củ sạc mà sạc vẫn nhanh thế mới ảo
""magic OS ko hype như fan khen, tính năng ko có gì đặc sắc. Font chữ hơi khó nhìn. Phụ kiện đồ chơi hơi khó kiếm"" Nói như nào chỉ, magicos nó làm theo kiểu IOS á cho dễ hình dung nên khi a đang quen với các giao diện android tùy biến khác sẽ thấy nó hơi lạ lạ, và đúng là ít tính năng hơn đám tùy biến khác thật, nhưng a dùng sẽ thấy vì nó ít tùy biến nên độ ổn định sẽ cao hơn đám còn lại
Còn 1 cái nữa t muốn bổ sung là cái AI của Honor làm kém thật, vì là máy nội địa nên t chả đòi hỏi j, chỉ cần mỗi cái AI chỉnh sửa ảnh nhưng mà phải bật 4G và VPN mới chạy được, mà cũng k ổn định và hiệu quả. Chán thiệt",https://voz.vn/t/honor-400-noi-dia.1197366/,
1197366,2181927,mrhoang2026,"Jan 27, 2026 at 9:30 AM",loa con này mà bảo gần bằng mi10s hồi xưa là thấy điêu rồi,https://voz.vn/t/honor-400-noi-dia.1197366/,
1197366,1685523,chimlongamtoi,"Jan 29, 2026 at 4:11 PM","dinhtienbang0706 said:



			T chỉ có 1 chút thắc mắc và góp ý về bài viết thôi:
"" Thông báo same same origin, mặc định thì tầm 80%, max hết mọi thứ thì 90% với zalo"" - Thông báo của Honor ngon nhất trong đám nội địa, hơn origin và hơn cả coloros. Fix chuẩn phải được cỡ 95% trở lên
""loa mới đầu chỉ thấy to mồm, ko thấy bass bủng mịa gì hết. Sau khi update lên thì nó lại ngon 1 cách lạ thường, ăn đứt neo 10, cảm giác nó gần đạt mức mi 10s hồi xưa"" biết là do cảm nhận của a nhưng có vẻ hơi quá, dòng magic loa mới ngon hẳn được :3
""Điểm cộng là cục sạc nhỏ gọn dù 80w, sạc rất mát, xin nhấn mạnh là cực mát, cả cục sạc lẫn máy, hơn sạc vivo, oppo, xiaomi kha khá"" Cái này tôi đồng tình, đám BBK thì củ sạc cực nóng, máy tương đối mát, Ximi thì ngược lại. Honor mát cả máy lẫn củ sạc mà sạc vẫn nhanh thế mới ảo
""magic OS ko hype như fan khen, tính năng ko có gì đặc sắc. Font chữ hơi khó nhìn. Phụ kiện đồ chơi hơi khó kiếm"" Nói như nào chỉ, magicos nó làm theo kiểu IOS á cho dễ hình dung nên khi a đang quen với các giao diện android tùy biến khác sẽ thấy nó hơi lạ lạ, và đúng là ít tính năng hơn đám tùy biến khác thật, nhưng a dùng sẽ thấy vì nó ít tùy biến nên độ ổn định sẽ cao hơn đám còn lại
Còn 1 cái nữa t muốn bổ sung là cái AI của Honor làm kém thật, vì là máy nội địa nên t chả đòi hỏi j, chỉ cần mỗi cái AI chỉnh sửa ảnh nhưng mà phải bật 4G và VPN mới chạy được, mà cũng k ổn định và hiệu quả. Chán thiệt
		
Click to expand...

1. Thông báo. Gần như ko khác gì origin cả. Máy nd thì ngưỡng nó cũng chỉ có thế, tôi cũng ko đòi hỏi cao
2. So sánh tương đối thôi, 10s lâu quá rồi nên chỉ cảm nhận như vậy. Còn so loa với vivo hay oppo xài gần đây thì con này ăn đứt. Kể cả con iqoo 15 mới ra
3. Pin/sạc: Update thêm chỗ này. Con này mặc định nó giới hạn cỡ 80,90% nên mới đầu xài thấy ko trâu như tưởng tượng, tối ưu pin ko tốt. Tắt đi cho sạc full 100% thì nó trâu thật, thêm phải 1,2 tiếng sử dụng bt. Sạc mở max tua thì nó nóng chả khác gì sạc hãng khác, cả máy cả củ sạc
4. Cái OS ko hơn origin hay hyper về ổn định đâu. T vẫn thấy còn tình trạng crash app dù đã xài 2 tuần. Và đúng là cái animation copy giống ios, khá là ghét vụ này. Tính năng quá nghèo so với hyper, one ui, so với origin thì gọi là hơi nghèo xíu
5. AI hên xui, lúc nhanh lúc chậm ko chỉnh dc. Mới đầu tưởng mạng lỏ, xài vài lần mới xác định dc do máy
Tóm lại tôi thích cái animation của origin, tương thích app, tính năng nhiều của hyper. Magic OS nó nằm giữa 2 thằng này. Ko mượt như origin, ko nhiều tính năng như hyper. Đánh giá ngang color, ko quá đặc sắc",https://voz.vn/t/honor-400-noi-dia.1197366/,
1197366,1144567,thanhlh9x,"Jan 29, 2026 at 10:19 PM","dự định mua honor 400 lite chính hãng, các bác có cho xin ý kiến",https://voz.vn/t/honor-400-noi-dia.1197366/,
1197366,764689,skynet01,"Jan 31, 2026 at 10:50 PM","thanhlh9x said:



			dự định mua honor 400 lite chính hãng, các bác có cho xin ý kiến
		
Click to expand...

 Honor đừng mua dòng Lite
Con 400 là con 200 bị cắt camera tele. Phải chơi 400 Pro.

Ít tiền thì săn 200 hàng chính hãng, cũ dùng sướng rướn người.",https://voz.vn/t/honor-400-noi-dia.1197366/,
1197366,1921964,balateo,"Feb 10, 2026 at 12:05 AM","thanhlh9x said:



			dự định mua honor 400 lite chính hãng, các bác có cho xin ý kiến
		
Click to expand...

lite ko ngon. ma' cái da hay cao su gì đó ở chỗ cụm cam 1 tgian nó nổ nhìn bẩn vcl. t xem rv bên tgdd thì thấy",https://voz.vn/t/honor-400-noi-dia.1197366/,
1197366,1921964,balateo,"Feb 10, 2026 at 12:06 AM","skynet01 said:



 Honor đừng mua dòng Lite
Con 400 là con 200 bị cắt camera tele. Phải chơi 400 Pro.

Ít tiền thì săn 200 hàng chính hãng, cũ dùng sướng rướn người.
		
Click to expand...

400 200 hàng chính hãng cũ chênh nhau 1 củ nên lấy cái nào bác",https://voz.vn/t/honor-400-noi-dia.1197366/,
1197366,764689,skynet01,"Feb 10, 2026 at 12:09 AM","balateo said:



			400 200 hàng chính hãng cũ chênh nhau 1 củ nên lấy cái nào bác
		
Click to expand...

Honor sắp cắt vòng đời con 200 rồi. Nên nếu chỉ lệch nhau 1 triệu thì vote Honor 400, dù mình chẳng ưa gì mã này nhưng thực tế thì nó được hỗ trợ lâu dài hơn Honor 200, sẽ có thêm nhiều tính năng AI sau này.

Chỉ mua Honor 200 nếu bạn săn dc bản 512 GB giá quá rẻ so với Honor 400 256 GB",https://voz.vn/t/honor-400-noi-dia.1197366/,
1197366,1761555,mieuboy,"Feb 15, 2026 at 1:18 PM",Cũng phân vân con này với con oppo reno 14. Cuối cùng chốt reno 14 chính hãng. Thấy hài lòng. Mấy khoản fen nói chắc nó khắc phục được cả. Chụp ảnh đẹp vãi luôn ))),https://voz.vn/t/honor-400-noi-dia.1197366/,
1197366,2087646,Fang Eric,"Feb 15, 2026 at 1:55 PM","mieuboy said:



			Cũng phân vân con này với con oppo reno 14. Cuối cùng chốt reno 14 chính hãng. Thấy hài lòng. Mấy khoản fen nói chắc nó khắc phục được cả. Chụp ảnh đẹp vãi luôn )))
		
Click to expand...

fen mua nhiêu thế, mình cũng phân vân reno 13 với 14. Mà kiếm dc deal reno 13 mới kích ngày 30/1/2026 có 7tr3 nên quất luôn. Có deal 14T 512gb 7tr3 luôn mà ko thẩm nổi nước ảnh tụi xiaomi với OS hyper quốc tế lỏ vl",https://voz.vn/t/honor-400-noi-dia.1197366/,
1197366,1761555,mieuboy,"Feb 15, 2026 at 4:38 PM",Mua 8m2 cũ đổi trả tgdd fen. Chủ cũ dùng 25 ngày. Nghe bảo báo lỗi nóng. Mà mình dùng lâu nay chả thấy nóng gì. Reno chụp ảnh đẹp lắm fen.,https://voz.vn/t/honor-400-noi-dia.1197366/,
1197366,1761555,mieuboy,"Feb 15, 2026 at 7:15 PM","Đợt đó mình có deal reno 15 chủ cũ dùng nữa ngày k hợp trả luôn. 11 củ. Mà thấy nó còn thua reno 14 nên k lấy. 15 thiết kế đẹp hơn xíu, nhưng mà hiệu năng thua",https://voz.vn/t/honor-400-noi-dia.1197366/,
1197366,2087646,Fang Eric,"Feb 15, 2026 at 7:45 PM","mieuboy said:



			Đợt đó mình có deal reno 15 chủ cũ dùng nữa ngày k hợp trả luôn. 11 củ. Mà thấy nó còn thua reno 14 nên k lấy. 15 thiết kế đẹp hơn xíu, nhưng mà hiệu năng thua
		
Click to expand...

11 củ thì lấy dc xiaomi 15 rồi hoặc thêm xíu lấy dc con ip 14 pro ngon hơn. Mình thấy p/p nhất là con reno 13,13pro, 14  con reno 13 với 14 chênh nhau 1tr dc thêm cam tele với pin",https://voz.vn/t/honor-400-noi-dia.1197366/,
1197366,1761555,mieuboy,"Feb 15, 2026 at 8:04 PM","Fang Eric said:



			11 củ thì lấy dc xiaomi 15 rồi hoặc thêm xíu lấy dc con ip 14 pro ngon hơn. Mình thấy p/p nhất là con reno 13,13pro, 14  con reno 13 với 14 chênh nhau 1tr dc thêm cam tele với pin
		
Click to expand...

Xiaomi 15 thấy hàng cũ đổi trả toàn 15m mà nhỉ. 
Còn ip thì thôi. Mình có so sánh ảnh chụp vr ip 15 pro max của đồng nghiệp vr reno 14 của mình thì nói thật cam chính ip k có cửa, còn zoom thì khỏi cần so sánh luôn. Tất nhiên vr nhiều ng thích ip thì ng ta vẫn chọn ip thôi, nhưng vr mình thì... Vẫn chọn ip rồi bán mua android thôi fen.",https://voz.vn/t/honor-400-noi-dia.1197366/,
1197366,2087646,Fang Eric,"Feb 15, 2026 at 8:20 PM","mieuboy said:



			Xiaomi 15 thấy hàng cũ đổi trả toàn 15m mà nhỉ.
Còn ip thì thôi. Mình có so sánh ảnh chụp vr ip 15 pro max của đồng nghiệp vr reno 14 của mình thì nói thật cam chính ip k có cửa, còn zoom thì khỏi cần so sánh luôn. Tất nhiên vr nhiều ng thích ip thì ng ta vẫn chọn ip thôi, nhưng vr mình thì... Vẫn chọn ip rồi bán mua android thôi fen.
		
Click to expand...

trên fb bán xiaomi 15 cỡ 11,12 thôi fen. Hàng chính hãng còn bh nhé. Đợt tháng 1 sọp pe sale còn 13 củ cho máy new seal ngon choét",https://voz.vn/t/honor-400-noi-dia.1197366/page-2,
1197366,1761555,mieuboy,"Feb 15, 2026 at 8:23 PM","Fang Eric said:



			trên fb bán xiaomi 15 cỡ 11,12 thôi fen. Hàng chính hãng còn bh nhé. Đợt tháng 1 sọp pe sale còn 13 củ cho máy new seal ngon choét
		
Click to expand...

Vậy k biết chứ thấy mấy chỗ bánđồ xách tay để giá máy cũ 10tr.chắc máy xt. Còn tgdd bán máy cũ tận 15m",https://voz.vn/t/honor-400-noi-dia.1197366/page-2,
1197366,2183168,sataru,"Mar 6, 2026 at 3:29 PM","Mới săn sale được con Honor 400 Pro
Shop này họ sale giảm giá ngon choét luôn, lại được tặng thêm tai nghe nữa:
https://shopee.vn/product/981287673/42354098148?

 



			
				Last edited: Mar 15, 2026",https://voz.vn/t/honor-400-noi-dia.1197366/page-2,
1197366,1051629,Qin's moon,"Mar 6, 2026 at 3:42 PM","mieuboy said:



			Vậy k biết chứ thấy mấy chỗ bánđồ xách tay để giá máy cũ 10tr.chắc máy xt. Còn tgdd bán máy cũ tận 15m
		
Click to expand...

Xiaomi 15 12/512GB shopee có 14m8.


Sent from Xiaomi 24129PN74G via VOZVNApp",https://voz.vn/t/honor-400-noi-dia.1197366/page-2,
1197366,1977179,Phạm Nhân Nam,"Mar 6, 2026 at 4:10 PM",Mấy con honor ngon mà không biết về Việt Nam còn dùng được ngân hàng không,https://voz.vn/t/honor-400-noi-dia.1197366/page-2,
1197366,2184057,phaothu36,"Mar 6, 2026 at 8:10 PM","Phạm Nhân Nam said:



			Mấy con honor ngon mà không biết về Việt Nam còn dùng được ngân hàng không
		
Click to expand...

Dùng được thì đúng ngon",https://voz.vn/t/honor-400-noi-dia.1197366/page-2,
1197366,1741913,La Viola 2,"Mar 7, 2026 at 12:45 AM",Mình có dư con Honor 200 Pro 12/256 muốn pass,https://voz.vn/t/honor-400-noi-dia.1197366/page-2,
1197366,1866504,penguinvt11,"Mar 8, 2026 at 10:38 AM","phaothu36 said:



			Dùng được thì đúng ngon
		
Click to expand...

Dùng hoàn toàn bt nha các fen",https://voz.vn/t/honor-400-noi-dia.1197366/page-2,
1197366,93094,nem_da_huu_nghi,"Mar 9, 2026 at 3:59 PM","La Viola 2 said:



			Mình có dư con Honor 200 Pro 12/256 muốn pass
		
Click to expand...

xin thông tin với thím",https://voz.vn/t/honor-400-noi-dia.1197366/page-2,
1197366,1741913,La Viola 2,"Mar 9, 2026 at 11:21 PM","nem_da_huu_nghi said:



			xin thông tin với thím
		
Click to expand...

Máy đẹp, pin 99% tôi ở HCM, được thì ib nha",https://voz.vn/t/honor-400-noi-dia.1197366/page-2,
1197366,1868419,ChuSyThang21,"Mar 22, 2026 at 10:37 AM","có thím nào có honor 400 nd muốn trade qua turbo 4 pro ko? Máy ko xước xát gì, box, ốp theo máy sạc còn nguyên.",https://voz.vn/t/honor-400-noi-dia.1197366/page-2,
1197366,2195296,ngoc.ami,"Apr 8, 2026 at 9:57 AM","Mình đang dùng HONOR 400 5G 12GB/256GB nội địa, thấy máy chạy Snapdragon 7 Gen 3 mượt, pin 6000mAh trâu thật sự dùng cả ngày vẫn dư, camera chụp cũng khá nét.
Con Honor 400 nội địa mình săn Sale ở shop này, áp voucher được giá đáy khá là ngon:
https://s.shopee.vn/3Vg2YrY5qM

 



			
				Last edited: Apr 9, 2026",https://voz.vn/t/honor-400-noi-dia.1197366/page-2,
1197366,1868419,ChuSyThang21,"Apr 8, 2026 at 11:37 AM","ngoc.ami said:



			ib ạ
		
Click to expand...

Thím nhắn mình, minh ko ib đc",https://voz.vn/t/honor-400-noi-dia.1197366/page-2,
1187836,2170736,Lục Mạch-Thần Kiếm,"Dec 24, 2025 at 10:18 AM","Mình dùng nhiều đời iphone rồi, từ 4s -> 16 promax, đổi liên tục (nhưng chủ yếu đổi cho vợ), nhưng mình chỉ mua hàng sau khi ra mắt 1-2 năm trở đi cho rẻ, ví dụ ra iphone 17 thì mua 15 hoặc 16.

Nay mới hạ cấp con iphone về con 16e, thì con này nhiều người chê và nhận xét không tốt, nhưng với quan điểm cá nhân của mình, thì mình thấy như sau:

Ưu điểm (chi tiết):
1. Nhỏ gọn - Như dòng 13/14 thường
2. Chip khỏe với giá tiền và kích thước
3. Máy siêu mát 
4. Sóng điện thoại khỏe, vì có chip C1, rất thích hợp cho ai hay cắm đít ở nhà vệ sinh công ty, nơi thường 4G/5G yếu
5. Pin khỏe, mình dùng gần như 10 tiếng liên tục đủ tác vụ với wifi và không game.
6. Tai thỏ, mình thích hơn đảo động, vì đảo động nhìn ngứa mắt và nếu ngồi ở phòng sáng thì thấy nó có 2 nốt bị tách khỏi nhau
7. Không sợ đụng hàng vì bên ngoài kia toàn 2-3 mắt
8. Kiểu dáng đơn giản, không cầu kỳ, phù hợp với mình
9. Không kén cường lực vì viền khá dày, đa phần dòng 16 pro trở lên dán cường lực phải loại xịn, hoặc chấp nhận óng ánh 7  màu ở mép viền + bám đầy bụi
10. Dùng không cần nâng như nâng trứng như những máy đắt tiền, mình kỹ tính, nên chỉ cần 1 vết móp hay xước cũng sót ruột.
11. Loa nghe hay như ip 15, 16
12. Máy nhẹ nhàng, đút túi gọn và không mỏi tay


Nhược điểm (chê chi tiết):
1. Dĩ nhiên là màn hình 60hz, nhưng vì thế mới giúp pin khỏe hơn.
2. Viền màn hình dày, nhưng mình chấp nhận được, vì đeo ốp thì như nhau
3. Camera 1 mắt, nhưng mình ít chụp ảnh nên không quan trọng
4. Không có camera control, như nói ở trên, mình ít chụp nên không cần, và có camera control thì khi đeo ốp vào cầm không được chắc tay, vì chỗ đó nó cứ lỏng lỏng và trơn
5. Bị hạ xung CPU và cắt giảm nhân GPU, nhưng như mình nói, mình không game, không chạy app nặng nên vẫn thừa khỏe với mình


Nhưng nhiều thím nói mua con này là thừa tiền hoặc tiêu tiền ngu thì mình cũng xin ghi nhận.",https://voz.vn/t/review-chiec-iphone-16e-top-1-e-va-tranh-cai.1187836/,
1187836,2055275,UR.Hari,"Dec 24, 2025 at 10:38 AM","Thím mua ở đâu thế, t cũng đang nghía em này để nâng từ con 7plus lên.",https://voz.vn/t/review-chiec-iphone-16e-top-1-e-va-tranh-cai.1187836/,
1187836,1475314,anhbtit,"Dec 24, 2025 at 10:57 AM","Thím đang dùng iOS mấy thế, m dùng 18.3 mà dùng nhiều khi thấy máy ấm ấm.",https://voz.vn/t/review-chiec-iphone-16e-top-1-e-va-tranh-cai.1187836/,
1187836,2170736,Lục Mạch-Thần Kiếm,"Dec 24, 2025 at 10:58 AM","UR.Hari said:



			Thím mua ở đâu thế, t cũng đang nghía em này để nâng từ con 7plus lên.
		
Click to expand...

Gian thương voz và fb bán toàn 12.5 - 12.9 cho bản VN/A fullbox sạc ít, màu đen.

Nhưng thím nếu mua, tôi nghĩ nên lên sàn cam săn sale, chỉ còn 13.3 mà nguyên seal. Lại được chọn màu trắng/đen tùy ý.",https://voz.vn/t/review-chiec-iphone-16e-top-1-e-va-tranh-cai.1187836/,
1187836,2170736,Lục Mạch-Thần Kiếm,"Dec 24, 2025 at 10:59 AM","anhbtit said:



			Thím đang dùng iOS mấy thế, m dùng 18.3 mà dùng nhiều khi thấy máy ấm ấm.
		
Click to expand...

26.2 thím, mát vãi, kể cả 4G dùng ngoài trời.",https://voz.vn/t/review-chiec-iphone-16e-top-1-e-va-tranh-cai.1187836/,
1187836,531184,jupiter128,"Dec 24, 2025 at 11:00 AM","3. Máy siêu mát

Thật hả fen, nghe hơi cấn cấn. Cùng con chip, máy mỏng hơn bọn pro, promax thì nó tản nhiệt bằng cách nào mà mát hơn được nhỉ ?",https://voz.vn/t/review-chiec-iphone-16e-top-1-e-va-tranh-cai.1187836/,
1187836,2170736,Lục Mạch-Thần Kiếm,"Dec 24, 2025 at 11:01 AM","jupiter128 said:



			3. Máy siêu mát

Thật hả fen, nghe hơi cấn cấn. Cùng con chip, máy mỏng hơn bọn pro, promax thì nó tản nhiệt bằng cách nào mà mát hơn được nhỉ ?
		
Click to expand...

Nó hạ xung CPU mà, tôi rất để ý cái vấn đề máy nóng, dùng 16pro nóng vãi, sang con này khác hẳn.",https://voz.vn/t/review-chiec-iphone-16e-top-1-e-va-tranh-cai.1187836/,
1187836,2060330,michael_lọ,"Dec 24, 2025 at 11:11 AM","Lục Mạch-Thần Kiếm said:



			1. Dĩ nhiên là màn hình 60hz, nhưng vì thế mới giúp pin khỏe hơn.
2. Viền màn hình dày, nhưng mình chấp nhận được, vì đeo ốp thì như nhau
		
Click to expand...

Khắc phục được 2 cái này đúng là quá ngon cho người thực dụng. Xài màn 120hz quay lại 60hz rất khó chịu luôn còn cầm mấy con viền mỏng sexy xong thấy đám viền dày là muốn quăng luôn cái đt",https://voz.vn/t/review-chiec-iphone-16e-top-1-e-va-tranh-cai.1187836/,
1187836,1871151,Deptraitube.,"Dec 24, 2025 at 2:25 PM","Con 16e này ngon vcl, mấy con gà biết gì",https://voz.vn/t/review-chiec-iphone-16e-top-1-e-va-tranh-cai.1187836/,
1187836,1950955,PKRaincoat,"Dec 24, 2025 at 2:41 PM","Hồi mới ra 17 củ thì chê chứ về 12-13tr lại thơm phức, tôi còn muốn nó bỏ màn OLED xài LCD, bỏ sạc không dây luôn để cắt giảm chi phí xuống còn 9-10tr thì tôi thấy ngon nữa  . OLED thì sợ sọc, chảy mực, còn sạc không dây thì tôi không xài bao giờ",https://voz.vn/t/review-chiec-iphone-16e-top-1-e-va-tranh-cai.1187836/,
1187836,1871151,Deptraitube.,"Dec 24, 2025 at 2:47 PM","PKRaincoat said:



			Hồi mới ra 17 củ thì chê chứ về 12-13tr lại thơm phức, tôi còn muốn nó bỏ màn OLED xài LCD, bỏ sạc không dây luôn để cắt giảm chi phí xuống còn 9-10tr thì tôi thấy ngon nữa  . OLED thì sợ sọc, chảy mực, còn sạc không dây thì tôi không xài bao giờ 

Click to expand...

Máy lock mới có giá 12tr5 hoặc săn sale shopee mới có giá 14 chứ đã xuống 12-13 đâu b",https://voz.vn/t/review-chiec-iphone-16e-top-1-e-va-tranh-cai.1187836/,
1187836,551881,sos123,"Dec 24, 2025 at 2:48 PM",viettel có bản lock kìa ae,https://voz.vn/t/review-chiec-iphone-16e-top-1-e-va-tranh-cai.1187836/,
1187836,1950955,PKRaincoat,"Dec 24, 2025 at 2:51 PM","Deptraitube. said:



			Máy lock mới có giá 12tr5 hoặc săn sale shopee mới có giá 14 chứ đã xuống 12-13 đâu b
		
Click to expand...

Chính hãng thì săn sale có thể tầm hơn 13tr chút ấy, xách tay thì có mấy máy new active mỹ giá tầm 12tr hơn.",https://voz.vn/t/review-chiec-iphone-16e-top-1-e-va-tranh-cai.1187836/,
1187836,1219842,clonelandau,"Dec 24, 2025 at 3:47 PM",với nhu cầu của chủ thread thì mua con đt >10tr là phí tiền. COn này giá 10tr thì ok chứ 13tr thì next,https://voz.vn/t/review-chiec-iphone-16e-top-1-e-va-tranh-cai.1187836/,
1187836,2060330,michael_lọ,"Dec 24, 2025 at 3:48 PM","PKRaincoat said:



			Hồi mới ra 17 củ thì chê chứ về 12-13tr lại thơm phức, tôi còn muốn nó bỏ màn OLED xài LCD, bỏ sạc không dây luôn để cắt giảm chi phí xuống còn 9-10tr thì tôi thấy ngon nữa  . OLED thì sợ sọc, chảy mực, còn sạc không dây thì tôi không xài bao giờ 

Click to expand...

con này có sạc không dây đâu mà bỏ fen",https://voz.vn/t/review-chiec-iphone-16e-top-1-e-va-tranh-cai.1187836/,
1187836,1950955,PKRaincoat,"Dec 24, 2025 at 3:53 PM","michael_lọ said:



			con này có sạc không dây đâu mà bỏ fen
		
Click to expand...

Có sạc không dây 7.5W mà, không có magsafe thôi.",https://voz.vn/t/review-chiec-iphone-16e-top-1-e-va-tranh-cai.1187836/,
1187836,2060330,michael_lọ,"Dec 24, 2025 at 3:55 PM","PKRaincoat said:



			Có sạc không dây 7.5W mà, không có magsafe thôi.
		
Click to expand...

à đúng rồi fen vậy chỉ có để nằm ngửa để sạc không xài được màn hình ngang để coi giờ nữa",https://voz.vn/t/review-chiec-iphone-16e-top-1-e-va-tranh-cai.1187836/,
1187836,1134494,vamopire,"Dec 24, 2025 at 4:14 PM","Deptraitube. said:



			Máy lock mới có giá 12tr5 hoặc săn sale shopee mới có giá 14 chứ đã xuống 12-13 đâu b
		
Click to expand...

Săn sale thì 12,7 giá đáy mà có mỗi minh tuấn bán lại chỉ có màu đen, lock viettel thanh toán cước 1 năm thì 72h sau mở lock. Nói chung giá iphone giờ cao vl so với hồi tháng 9 trừ tụi 17.",https://voz.vn/t/review-chiec-iphone-16e-top-1-e-va-tranh-cai.1187836/,
1187836,1673982,thanhdonguyen01,"Dec 24, 2025 at 9:27 PM","Lục Mạch-Thần Kiếm said:



			Nhưng nhiều thím nói mua con này là thừa tiền hoặc tiêu tiền ngu thì mình cũng xin ghi nhận.
		
Click to expand...

Mua iPhone 16e tầm giá từ 13.5 đổ xuống thì đúng là ngon thật thím
Mà ngon nhất trong tầm giá luôn. Chiếc điện thoại mà có p/p ngon nhất dưới 15 bây giờ thì có mỗi Pixel 9a, nhưng cũng phải sang tận nước ngoài mua mới có giá ngon chứ mua hàng xách tay về VN thì giá cũng không ngon lắm",https://voz.vn/t/review-chiec-iphone-16e-top-1-e-va-tranh-cai.1187836/,
1187836,1673982,thanhdonguyen01,"Dec 24, 2025 at 9:31 PM","Lục Mạch-Thần Kiếm said:



			9. Không kén cường lực vì viền khá dày, đa phần dòng 16 pro trở lên dán cường lực phải loại xịn, hoặc chấp nhận óng ánh 7 màu ở mép viền + bám đầy bụi
10. Dùng không cần nâng như nâng trứng như những máy đắt tiền, mình kỹ tính, nên chỉ cần 1 vết móp hay xước cũng sót ruột.
		
Click to expand...

À tiện thể thím có dùng case cho máy không nhỉ
Em thấy tự dưng lồi ra cụm cam cứ vướng vướng nên muốn hỏi xem có case ngon không, ra hàng thấy 1 là case trong suốt (loại này dễ bị đục theo thời gian nhìn bẩn bẩn), 2 là case silicon nhưng mà mất cái màu trắng khi dùng trần nên cũng phân vân có dùng case hay không",https://voz.vn/t/review-chiec-iphone-16e-top-1-e-va-tranh-cai.1187836/,
1187836,1950955,PKRaincoat,"Dec 24, 2025 at 9:35 PM","thanhdonguyen01 said:



			Mua iPhone 16e tầm giá từ 13.5 đổ xuống thì đúng là ngon thật thím
Mà ngon nhất trong tầm giá luôn. Chiếc điện thoại mà có p/p ngon nhất dưới 15 bây giờ thì có mỗi Pixel 9a, nhưng cũng phải sang tận nước ngoài mua mới có giá ngon chứ mua hàng xách tay về VN thì giá cũng không ngon lắm 

Click to expand...

Con Pixel 9a mà new mà giá phải tầm 8-9tr tôi mới thấy hấp dẫn để mua.",https://voz.vn/t/review-chiec-iphone-16e-top-1-e-va-tranh-cai.1187836/page-2,
1187836,1241374,vietanhtommy2,"Dec 25, 2025 at 4:58 AM","Mình cũng vừa xúc 16e đc 2 tuần, cảm nhận là rất ưng.

Màn hình như iphone 13 14, 1 camera đủ dùng ko như bọn 345 mắt nhìn kinh tởm lợm, nhỏ gọn mà lại pin dùng đc gần nửa ngày là quá ok, giá lại tốt hơn iphone air. Chip cũng không cũ, dùng đc ít nhất là 4 năm sau để lên đời mới

Ai theo trường phái gu đơn giản thì sẽ mua. Còn về hiệu năng thì đt android p/p hơn, cùng tầm giá cùng dòng   họ ios thì sẽ chọn ip 15 mới hoặc pro max cũ.",https://voz.vn/t/review-chiec-iphone-16e-top-1-e-va-tranh-cai.1187836/page-2,
1187836,934411,Lingzo,"Dec 25, 2025 at 5:00 AM","thanhdonguyen01 said:



			À tiện thể thím có dùng case cho máy không nhỉ
Em thấy tự dưng lồi ra cụm cam cứ vướng vướng nên muốn hỏi xem có case ngon không, ra hàng thấy 1 là case trong suốt (loại này dễ bị đục theo thời gian nhìn bẩn bẩn), 2 là case silicon nhưng mà mất cái màu trắng khi dùng trần nên cũng phân vân có dùng case hay không 

Click to expand...

Máy mới mua thì dán mỗi màn hình, xài trần cho sướng đi. Bao giờ xước viền, lưng tè le thì mới đeo ốp che lại. Tự nhiên mua cái điện thoại đẹp về xong lại đeo ốp vào chắc tính giữ cho thằng sau xài hả . Còn bình thường thì đặt cái màn hình xuống dưới, ko bao giờ bị cấn, màn hình xước nhiều quá thì đi dán lại cường lực thôi.",https://voz.vn/t/review-chiec-iphone-16e-top-1-e-va-tranh-cai.1187836/page-2,
1187836,1950955,PKRaincoat,"Dec 25, 2025 at 8:17 AM","Lingzo said:



			Máy mới mua thì dán mỗi màn hình, xài trần cho sướng đi. Bao giờ xước viền, lưng tè le thì mới đeo ốp che lại. Tự nhiên mua cái điện thoại đẹp về xong lại đeo ốp vào chắc tính giữ cho thằng sau xài hả . Còn bình thường thì đặt cái màn hình xuống dưới, ko bao giờ bị cấn, màn hình xước nhiều quá thì đi dán lại cường lực thôi.
		
Click to expand...

Tôi thì thích đeo cái ốp cầm cho nó bám tay còn màn hình thì không thích dán",https://voz.vn/t/review-chiec-iphone-16e-top-1-e-va-tranh-cai.1187836/page-2,
1187836,1871151,Deptraitube.,"Dec 25, 2025 at 8:36 AM","Lingzo said:



			Máy mới mua thì dán mỗi màn hình, xài trần cho sướng đi. Bao giờ xước viền, lưng tè le thì mới đeo ốp che lại. Tự nhiên mua cái điện thoại đẹp về xong lại đeo ốp vào chắc tính giữ cho thằng sau xài hả . Còn bình thường thì đặt cái màn hình xuống dưới, ko bao giờ bị cấn, màn hình xước nhiều quá thì đi dán lại cường lực thôi.
		
Click to expand...

Tùy máy, con 16e dùng trần ko sướng lắm, nó hơi trơn, dùng trần iphone sướng nhất chỉ có các dòng viền bo cong như iphone X, Iphone Air",https://voz.vn/t/review-chiec-iphone-16e-top-1-e-va-tranh-cai.1187836/page-2,
1187836,425020,Zra,"Dec 25, 2025 at 8:49 AM",sàn cam hiện 13.2 mua được chưa mấy phen.,https://voz.vn/t/review-chiec-iphone-16e-top-1-e-va-tranh-cai.1187836/page-2,
1187836,652249,anhbx1992,"Dec 25, 2025 at 9:05 AM","thanhdonguyen01 said:



			À tiện thể thím có dùng case cho máy không nhỉ
Em thấy tự dưng lồi ra cụm cam cứ vướng vướng nên muốn hỏi xem có case ngon không, ra hàng thấy 1 là case trong suốt (loại này dễ bị đục theo thời gian nhìn bẩn bẩn), 2 là case silicon nhưng mà mất cái màu trắng khi dùng trần nên cũng phân vân có dùng case hay không 

Click to expand...

hồi còn dùng 16e thì mua cái case likgus 25k dùng ngon lành.",https://voz.vn/t/review-chiec-iphone-16e-top-1-e-va-tranh-cai.1187836/page-2,
1187836,2170736,Lục Mạch-Thần Kiếm,"Dec 25, 2025 at 10:29 AM","thanhdonguyen01 said:



			À tiện thể thím có dùng case cho máy không nhỉ
Em thấy tự dưng lồi ra cụm cam cứ vướng vướng nên muốn hỏi xem có case ngon không, ra hàng thấy 1 là case trong suốt (loại này dễ bị đục theo thời gian nhìn bẩn bẩn), 2 là case silicon nhưng mà mất cái màu trắng khi dùng trần nên cũng phân vân có dùng case hay không 

Click to expand...

Giống tôi, tôi không mua ốp trong, vì nhanh ố, mà loại lâu ố thì đắt, nên tôi mua ốp khoảng 50k trên sàn cam",https://voz.vn/t/review-chiec-iphone-16e-top-1-e-va-tranh-cai.1187836/page-2,
1187836,1679471,khongancomsuon,"Dec 25, 2025 at 10:37 AM","Zra said:



			sàn cam hiện 13.2 mua được chưa mấy phen.
		
Click to expand...

em ở tỉnh miền trung. giờ mua shopee. thì bảo hành ở đâu đc ta. kiểu như thay pin đồ.",https://voz.vn/t/review-chiec-iphone-16e-top-1-e-va-tranh-cai.1187836/page-2,
1187836,1804096,sonnghiem,"Dec 25, 2025 at 10:50 AM","michael_lọ said:



			à đúng rồi fen vậy chỉ có để nằm ngửa để sạc không xài được màn hình ngang để coi giờ nữa 
		
		
	


	




Click to expand...

sạc ko dây ko lắp thêm vào dc chứ magsafe chỉ là nam châm thôi có gì đâu, mua cái ốp 100k là có magsafe rồi",https://voz.vn/t/review-chiec-iphone-16e-top-1-e-va-tranh-cai.1187836/page-2,
1187836,1928133,55554444,"Dec 25, 2025 at 2:23 PM","Deptraitube. said:



			Tùy máy, con 16e dùng trần ko sướng lắm, nó hơi trơn, dùng trần iphone sướng nhất chỉ có các dòng viền bo cong như iphone X, Iphone Air
		
Click to expand...

thử ra quán dán pdf nhám xem cầm có đỡ trơn ko, con này viền vuông cầm cũng cấn tay, viền vuông nhìn đẹp thôi",https://voz.vn/t/review-chiec-iphone-16e-top-1-e-va-tranh-cai.1187836/page-2,
1187836,1588,SeiferAlmasy,"Dec 25, 2025 at 2:32 PM","Lục Mạch-Thần Kiếm said:



			Giống tôi, tôi không mua ốp trong, vì nhanh ố, mà loại lâu ố thì đắt, nên tôi mua ốp khoảng 50k trên sàn cam
		
Click to expand...

Có mấy cái ốp ko ố cũng rẻ, chỉ ố cái phần khung viền ốp thôi, phần lưng ko bị ố.
Giá 20-30k, mình xài 1 năm thay 1 lần nên chưa kịp ố là có cái mới.

Chủ yếu cái ốp trong suốt có cái Mag safe để mình dùng cục sạc ko dây tiện hơn.",https://voz.vn/t/review-chiec-iphone-16e-top-1-e-va-tranh-cai.1187836/page-2,
1187836,2170736,Lục Mạch-Thần Kiếm,"Dec 25, 2025 at 3:03 PM","SeiferAlmasy said:



			Có mấy cái ốp ko ố cũng rẻ, chỉ ố cái phần khung viền ốp thôi, phần lưng ko bị ố.
Giá 20-30k, mình xài 1 năm thay 1 lần nên chưa kịp ố là có cái mới.

Chủ yếu cái ốp trong suốt có cái Mag safe để mình dùng cục sạc ko dây tiện hơn.
		
Click to expand...

Tôi bị mồ hôi tay, nên cũng không chơi ốp trong, vì nó trơn, nên luôn chọn loại nhám hoặc có gờ ở 2 viền. Mất công tìm vl luôn.",https://voz.vn/t/review-chiec-iphone-16e-top-1-e-va-tranh-cai.1187836/page-2,
1187836,16010,jerryno6,"Dec 25, 2025 at 3:15 PM","Ok, tks chủ thớt đã gợi ý.  Nếu con hiện tại mà tèo thì múc con 16e xài cho ổn. Ram 16e được tới tận 8Gb ổn phết. Hàng đời đầu Vụ chip mới mà tính ra cũng ổn định phết sau khi xem review của bác.",https://voz.vn/t/review-chiec-iphone-16e-top-1-e-va-tranh-cai.1187836/page-2,
1187836,1871151,Deptraitube.,"Dec 25, 2025 at 3:28 PM","55554444 said:



			thử ra quán dán pdf nhám xem cầm có đỡ trơn ko, con này viền vuông cầm cũng cấn tay, viền vuông nhìn đẹp thôi
		
Click to expand...

PPF cũng vậy à fence có thử rồi, căn bản nó bo ko ôm tay nên cầm ko đc chắc tay. Được cái cũng nhỏ gọn. Cầm nắm thì 7/10. Cầm nắm ko ốp ngon nhất vẫn là con Air",https://voz.vn/t/review-chiec-iphone-16e-top-1-e-va-tranh-cai.1187836/page-2,
1187836,1747266,randymarsh,"Dec 25, 2025 at 4:30 PM","vietanhtommy2 said:



			Mình cũng vừa xúc 16e đc 2 tuần, cảm nhận là rất ưng.

Màn hình như iphone 13 14, 1 camera đủ dùng ko như bọn 345 mắt nhìn kinh tởm lợm, nhỏ gọn mà lại pin dùng đc gần nửa ngày là quá ok, giá lại tốt hơn iphone air. Chip cũng không cũ, dùng đc ít nhất là 4 năm sau để lên đời mới

Ai theo trường phái gu đơn giản thì sẽ mua. Còn về hiệu năng thì đt android p/p hơn, cùng tầm giá cùng dòng   họ ios thì sẽ chọn ip 15 mới hoặc pro max cũ.
		
Click to expand...

Ko biết do tôi mắt trâu hay mắt bò mà dùng song song con android 120hz chả thấy khác biệt gì mấy. Còn pin thì mua tới giờ 80 ngày chu kỳ sạc 19, tôi xài ít nên chắc gần 3 ngày mới sạc 1 lần",https://voz.vn/t/review-chiec-iphone-16e-top-1-e-va-tranh-cai.1187836/page-2,
1187836,1871151,Deptraitube.,"Dec 25, 2025 at 4:31 PM","randymarsh said:



			Ko biết do tôi mắt trâu hay mắt bò mà dùng song song con android 120hz chả thấy khác biệt gì mấy. Còn pin thì mua tới giờ 80 ngày chu kỳ sạc 19, tôi xài ít nên chắc gần 3 ngày mới sạc 1 lần  

Click to expand...

Đúng rồi phải mấy đứa dùng đt lướt fb tóp tóp nhiều mới thấy khác biệt rõ",https://voz.vn/t/review-chiec-iphone-16e-top-1-e-va-tranh-cai.1187836/page-2,
1187836,1023828,Thomas William Cleverley,"Dec 25, 2025 at 5:34 PM","con 16e này ngon nếu ai nhu cầu ít, chỉ cần cái điện thoại để nghe gọi lướt tiktok thì ngon, ai muốn trải nghiệm nhiều tính năng hoa lá cành thì nó không có, trước ở 1 bài review trên này tôi ví con 16e với cục gạch thì bị một đống vào cắn chả hiểu kiểu gì",https://voz.vn/t/review-chiec-iphone-16e-top-1-e-va-tranh-cai.1187836/page-2,
1187836,1411306,Kindle Fire HDX 8.9.1,"Dec 25, 2025 at 6:01 PM",Con này lock CNC new giá loanh quanh 8 củ bá đạo luôn,https://voz.vn/t/review-chiec-iphone-16e-top-1-e-va-tranh-cai.1187836/page-2,
1187836,168699,hoanglong0712,"Dec 25, 2025 at 10:33 PM","con này về 12 củ thì cháy cmn hàng luôn . con iphone duy nhất nhỏ gọn mà pin cực trâu , màn 6.1 inch mà pin 4000  . Cam chụp bt nếu không muốn nói là xấu , chụp chống cháy vớ vẩn thôi , đặc biệt chụp tối máy xử lý khá chậm",https://voz.vn/t/review-chiec-iphone-16e-top-1-e-va-tranh-cai.1187836/page-2,
1187836,1928133,55554444,"Dec 25, 2025 at 10:52 PM","Kindle Fire HDX 8.9.1 said:



			Con này lock CNC new giá loanh quanh 8 củ bá đạo luôn 

Click to expand...

con này h có lock cnc luôn à bác, trc trên mấy hội nhóm ko thấy cnc con này",https://voz.vn/t/review-chiec-iphone-16e-top-1-e-va-tranh-cai.1187836/page-3,
1187836,1624237,Michael Bo,"Dec 26, 2025 at 7:13 AM","Test thêm mấy tấm ảnh chụp đi thớt, sẵn so camera của nó so với cam chính của 15-16 luôn

via theNEXTvoz for iPhone",https://voz.vn/t/review-chiec-iphone-16e-top-1-e-va-tranh-cai.1187836/page-3,
1187836,1241374,vietanhtommy2,"Dec 26, 2025 at 7:18 AM","Michael Bo said:



			Test thêm mấy tấm ảnh chụp đi thớt, sẵn so camera của nó so với cam chính của 15-16 luôn

via theNEXTvoz for iPhone

Click to expand...

Con này chụp thiếu sáng và chụp đêm tệ nhé b, camera không có chống rung nên quay video cũng tệ nốt.",https://voz.vn/t/review-chiec-iphone-16e-top-1-e-va-tranh-cai.1187836/page-3,
1187836,1871151,Deptraitube.,"Dec 26, 2025 at 8:18 AM","hoanglong0712 said:



			con này về 12 củ thì cháy cmn hàng luôn . con iphone duy nhất nhỏ gọn mà pin cực trâu , màn 6.1 inch mà pin 4000  . Cam chụp bt nếu không muốn nói là xấu , chụp chống cháy vớ vẩn thôi , đặc biệt chụp tối máy xử lý khá chậm
		
Click to expand...

Cam chính của giống của 16 series, chụp chống cháy vớ vẫn là như nào",https://voz.vn/t/review-chiec-iphone-16e-top-1-e-va-tranh-cai.1187836/page-3,
1187836,1411306,Kindle Fire HDX 8.9.1,"Dec 26, 2025 at 10:21 AM","55554444 said:



			con này h có lock cnc luôn à bác, trc trên mấy hội nhóm ko thấy cnc con này 

Click to expand...

Bạn search với hỏi bên exshopvn thử
Với sắp có bản độ 2 esim ko đục CNC nhưng chắc con 16e này xài chip 5G Apple nên chưa bypass đc",https://voz.vn/t/review-chiec-iphone-16e-top-1-e-va-tranh-cai.1187836/page-3,
1187836,2025163,vietanhh,"Dec 26, 2025 at 10:25 AM","Deptraitube. said:



			Cam chính của giống của 16 series, chụp chống cháy vớ vẫn là như nào
		
Click to expand...

48mgp thì giống thật, nhưng cái chống rung của nó còn thua cả 13",https://voz.vn/t/review-chiec-iphone-16e-top-1-e-va-tranh-cai.1187836/page-3,
1187836,2025163,vietanhh,"Dec 26, 2025 at 10:27 AM","dùng con 16e này trư thấy ấn tượng duy nhất của nó là loa hay vcl, cảm giác loa con 16max còn ko hay bằng, còn lại éo có ấn tượng gì luôn, faceid v1 lỏ, chip lỏ, màn lỏ nốt, con này về 10 củ thì múc được, hiện tại 2nd hàng lướt lla cũng loanh quanh 10x",https://voz.vn/t/review-chiec-iphone-16e-top-1-e-va-tranh-cai.1187836/page-3,
1187836,1411306,Kindle Fire HDX 8.9.1,"Dec 26, 2025 at 10:33 AM","vietanhh said:



			dùng con 16e này trư thấy ấn tượng duy nhất của nó là loa hay vcl, cảm giác loa con 16max còn ko hay bằng, còn lại éo có ấn tượng gì luôn, faceid v1 lỏ, chip lỏ, màn lỏ nốt, con này về 10 củ thì múc được, hiện tại 2nd hàng lướt lla cũng loanh quanh 10x
		
Click to expand...

Nó có vài cái ăn tiền, 1 là iOS chạy với cấu hình OK, 2 là linh kiện đã tối ưu hóa nên ko lỗi quá nhiều, 3 là chip băng tần, 4 là giá đáy xã hội. Ai cần máy đi làm mà ko phải job quay chụp quá nhiều cứ phang con này",https://voz.vn/t/review-chiec-iphone-16e-top-1-e-va-tranh-cai.1187836/page-3,
1187836,1871151,Deptraitube.,"Dec 26, 2025 at 10:39 AM","vietanhh said:



			dùng con 16e này trư thấy ấn tượng duy nhất của nó là loa hay vcl, cảm giác loa con 16max còn ko hay bằng, còn lại éo có ấn tượng gì luôn, faceid v1 lỏ, chip lỏ, màn lỏ nốt, con này về 10 củ thì múc được, hiện tại 2nd hàng lướt lla cũng loanh quanh 10x
		
Click to expand...

Pin xài cơ bản 2 ngày, chip mà anh chê lõ thì tôi cũng chịu.",https://voz.vn/t/review-chiec-iphone-16e-top-1-e-va-tranh-cai.1187836/page-3,
1187836,2025163,vietanhh,"Dec 26, 2025 at 10:55 AM","Deptraitube. said:



			Pin xài cơ bản 2 ngày, chip mà anh chê lõ thì tôi cũng chịu.
		
Click to expand...

với nhu cầu mail và zalo như tôi thì thì 1 ngày thôi, mà dùng cũng nóng chứ ko phải mát mẻ gì nhé, chê chip lỏ là vì nó cắt nhân GPU, còn cái màn hình không những 60hz mà nó còn bị hiện tượng nhấp nháy khi để chế độ sáng thấp nữa, hiện tượng y hệt trên màn con 13 và 14 base. Tuy nhiên thì như tôi đã nói, nó ngon trong tầm giá 10tr, lla lướt giờ 10xx rồi",https://voz.vn/t/review-chiec-iphone-16e-top-1-e-va-tranh-cai.1187836/page-3,
1187836,2025163,vietanhh,"Dec 26, 2025 at 10:57 AM","Kindle Fire HDX 8.9.1 said:



			Nó có vài cái ăn tiền, 1 là iOS chạy với cấu hình OK, 2 là linh kiện đã tối ưu hóa nên ko lỗi quá nhiều, 3 là chip băng tần, 4 là giá đáy xã hội. Ai cần máy đi làm mà ko phải job quay chụp quá nhiều cứ phang con này 

Click to expand...

cái này  công nhận, ngoài con chip a16 và bằng tần ra thì thằng apple bê nguyên đống linh kiện dư thừa lên để dựng con 16e, mà tôi khó chịu cái màn nó nhất, tôi ko chê nó 60hz nhưng nó lỏ kiểu cặ.c gì ấy, rất hay bị nhấp nháy, y hệt như con 13 và 14 base",https://voz.vn/t/review-chiec-iphone-16e-top-1-e-va-tranh-cai.1187836/page-3,
1187836,1871151,Deptraitube.,"Dec 26, 2025 at 11:00 AM","vietanhh said:



			cái này  công nhận, ngoài con chip a16 và bằng tần ra thì thằng apple bê nguyên đống linh kiện dư thừa lên để dựng con 16e, mà tôi khó chịu cái màn nó nhất, tôi ko chê nó 60hz nhưng nó lỏ kiểu cặ.c gì ấy, rất hay bị nhấp nháy, y hệt như con 13 và 14 base
		
Click to expand...

Cái màn con này công nhận 60hz ko phải vấn đề nhưng IOS 26 nó ko tối ưu hay sao ấy. Cảm giác nó lõ lõ",https://voz.vn/t/review-chiec-iphone-16e-top-1-e-va-tranh-cai.1187836/page-3,
1187836,1411306,Kindle Fire HDX 8.9.1,"Dec 26, 2025 at 11:00 AM","vietanhh said:



			cái này  công nhận, ngoài con chip a16 và bằng tần ra thì thằng apple bê nguyên đống linh kiện dư thừa lên để dựng con 16e, mà tôi khó chịu cái màn nó nhất, tôi ko chê nó 60hz nhưng nó lỏ kiểu cặ.c gì ấy, rất hay bị nhấp nháy, y hệt như con 13 và 14 base
		
Click to expand...

Qua Honor/Huawei đi bro. Còn chắc ăn nhất cứ phang LCD. Tôi vẫn thủ con Mate 10 vs Mate 20 đêm lướt tiktok xem vudit đây chứ xem iPhone 1 hồi đau mắt phải lượn gấp",https://voz.vn/t/review-chiec-iphone-16e-top-1-e-va-tranh-cai.1187836/page-3,
1187836,2025163,vietanhh,"Dec 26, 2025 at 11:04 AM","Kindle Fire HDX 8.9.1 said:



			Qua Honor/Huawei đi bro. Còn chắc ăn nhất cứ phang LCD. Tôi vẫn thủ con Mate 10 vs Mate 20 đêm lướt tiktok xem vudit đây chứ xem iPhone 1 hồi đau mắt phải lượn gấp 

Click to expand...

đang dùng 15max rồi fenxy, tại tôi chơi coin củng nên dùng iporn cho chắc cú 
		
		
	


	


 chứ ko qua đội ăn roi tầm giá loanh quanh 10tr nhiều con ngon hơn nhiều",https://voz.vn/t/review-chiec-iphone-16e-top-1-e-va-tranh-cai.1187836/page-3,
1187836,1871151,Deptraitube.,"Dec 26, 2025 at 11:05 AM","Kindle Fire HDX 8.9.1 said:



			Qua Honor/Huawei đi bro. Còn chắc ăn nhất cứ phang LCD. Tôi vẫn thủ con Mate 10 vs Mate 20 đêm lướt tiktok xem vudit đây chứ xem iPhone 1 hồi đau mắt phải lượn gấp 

Click to expand...

Người mua Iphone chỉ so sánh với các dòng IP khác, anh lỗi mấy con đth tàu vô làm gì.",https://voz.vn/t/review-chiec-iphone-16e-top-1-e-va-tranh-cai.1187836/page-3,
1187836,984987,[gadibo],"Dec 26, 2025 at 11:07 AM","theo truyền thống các dòng SE của apple sau khi ế lòi mắt thì tầm 2-3 năm giá sẽ rất thơm, con này dưới 10 củ thì bà cháy",https://voz.vn/t/review-chiec-iphone-16e-top-1-e-va-tranh-cai.1187836/page-3,
1187836,1871151,Deptraitube.,"Dec 26, 2025 at 11:08 AM","[gadibo] said:



			theo truyền thống các dòng SE của apple sau khi ế lòi mắt thì tầm 2-3 năm giá sẽ rất thơm, con này dưới 10 củ thì bà cháy 

Click to expand...

Vì đối tượng xài mấy con SE người ta cũng xài như phá khác với đám xài promax ốp xịn cường lực xịn, 2-3 năm sau mua cũ ko có máy ngon hay keng đâu. Tiền nào của đấy",https://voz.vn/t/review-chiec-iphone-16e-top-1-e-va-tranh-cai.1187836/page-3,
1187836,1241374,vietanhtommy2,"Dec 26, 2025 at 3:26 PM","vietanhh said:



			với nhu cầu mail và zalo như tôi thì thì 1 ngày thôi, mà dùng cũng nóng chứ ko phải mát mẻ gì nhé, chê chip lỏ là vì nó cắt nhân GPU, còn cái màn hình không những 60hz mà nó còn bị hiện tượng nhấp nháy khi để chế độ sáng thấp nữa, hiện tượng y hệt trên màn con 13 và 14 base. Tuy nhiên thì như tôi đã nói, nó ngon trong tầm giá 10tr, lla lướt giờ 10xx rồi
		
Click to expand...

Đa số các app game chuyên mobile thuần thì mấy con chip ko chạy hết công suất đâu. Mấy con game pc port lên ios như resident evil thì mới fullload mới thấy rõ việc bị cắt nhân gpu , mà cơ bản mấy game pc port có mấy ai chơi trên con đt bé tí làm gì cả, nhu cầu đủ dùng",https://voz.vn/t/review-chiec-iphone-16e-top-1-e-va-tranh-cai.1187836/page-3,
1187836,425020,Zra,"Dec 26, 2025 at 3:45 PM","vietanhh said:



			với nhu cầu mail và zalo như tôi thì thì 1 ngày thôi, mà dùng cũng nóng chứ ko phải mát mẻ gì nhé, chê chip lỏ là vì nó cắt nhân GPU, còn cái màn hình không những 60hz mà nó còn bị hiện tượng nhấp nháy khi để chế độ sáng thấp nữa, hiện tượng y hệt trên màn con 13 và 14 base. Tuy nhiên thì như tôi đã nói, nó ngon trong tầm giá 10tr, lla lướt giờ 10xx rồi
		
Click to expand...

Giá này ở đâu trư, đi lanh hoanh toàn 13tr",https://voz.vn/t/review-chiec-iphone-16e-top-1-e-va-tranh-cai.1187836/page-3,
1187836,2025163,vietanhh,"Dec 26, 2025 at 3:46 PM","Zra said:



			Giá này ở đâu trư, đi lanh hoanh toàn 13tr
		
Click to expand...

nọ trư bán con 16e mua lại của vozer trên đây, vn.a bảo hành 11 tháng, bán 11m5, trên phở bò tuần trc cũng có bác bán con tương tự 11m5. hàng lla còn rẻ nữa",https://voz.vn/t/review-chiec-iphone-16e-top-1-e-va-tranh-cai.1187836/page-3,
1187836,425020,Zra,"Dec 26, 2025 at 3:49 PM","vietanhh said:



			nọ trư bán con 16e mua lại của vozer trên đây, vn.a bảo hành 11 tháng, bán 11m5, trên phở bò tuần trc cũng có bác bán con tương tự 11m5. hàng lla còn rẻ nữa
		
Click to expand...

Tui hỏi giang thương trên này lla toàn 12 13",https://voz.vn/t/review-chiec-iphone-16e-top-1-e-va-tranh-cai.1187836/page-4,
1187836,108618,muf,"Dec 26, 2025 at 3:52 PM","thanhdonguyen01 said:



			Mua iPhone 16e tầm giá từ 13.5 đổ xuống thì đúng là ngon thật thím
Mà ngon nhất trong tầm giá luôn. Chiếc điện thoại mà có p/p ngon nhất dưới 15 bây giờ thì có mỗi Pixel 9a, nhưng cũng phải sang tận nước ngoài mua mới có giá ngon chứ mua hàng xách tay về VN thì giá cũng không ngon lắm 

Click to expand...

Bằng giá thì thím chọn 15 hay 16e?",https://voz.vn/t/review-chiec-iphone-16e-top-1-e-va-tranh-cai.1187836/page-4,
1187836,1928133,55554444,"Dec 26, 2025 at 4:24 PM","muf said:



			Bằng giá thì thím chọn 15 hay 16e?
		
Click to expand...

16e cấu hình nó khỏe dùng lâu dài rất 0ke. 
2 năm trc tôi phân vân giữa 13 chính hãng và 15 lock, h thấy hối hận vì cấu hình 13 lỗi thời nhanh quá lên ios 26 giật giật",https://voz.vn/t/review-chiec-iphone-16e-top-1-e-va-tranh-cai.1187836/page-4,
1187836,1673982,thanhdonguyen01,"Dec 26, 2025 at 4:45 PM","muf said:



			Bằng giá thì thím chọn 15 hay 16e?
		
Click to expand...


Em vẫn chọn 16e thôi thím
Nghe gọi đủ dùng.
Mà quan trọng là RAM ấy, 16e có 8 GB, 15 có mỗi 6 GB.
RAM ít dùng Safari mở nhiều tab tí dễ bị reload lắm thím",https://voz.vn/t/review-chiec-iphone-16e-top-1-e-va-tranh-cai.1187836/page-4,
1187836,1936481,camoncuocdoi9999,"Dec 26, 2025 at 6:30 PM","vietanhh said:



			với nhu cầu mail và zalo như tôi thì thì 1 ngày thôi, mà dùng cũng nóng chứ ko phải mát mẻ gì nhé, chê chip lỏ là vì nó cắt nhân GPU, còn cái màn hình không những 60hz mà nó còn bị hiện tượng nhấp nháy khi để chế độ sáng thấp nữa, hiện tượng y hệt trên màn con 13 và 14 base. Tuy nhiên thì như tôi đã nói, nó ngon trong tầm giá 10tr, lla lướt giờ 10xx rồi
		
Click to expand...

đúng thật bác ạ nó nhấp nháy kiểu ảo ma vl , tưởng là mắt e nó có vấn đề hoá ra là do màn dm

via theNEXTvoz for iPhone",https://voz.vn/t/review-chiec-iphone-16e-top-1-e-va-tranh-cai.1187836/page-4,
1187836,2025163,vietanhh,"Dec 26, 2025 at 7:02 PM","camoncuocdoi9999 said:



			đúng thật bác ạ nó nhấp nháy kiểu ảo ma vl , tưởng là mắt e nó có vấn đề hoá ra là do màn dm

via theNEXTvoz for iPhone

Click to expand...

lỏ mà bác, càng dùng lâu cái nháy nó sẽ càng nặng hơn, nhất là để độ sáng thấp nhất trong bóng tối, trc con 13 em bị rồi, lỗi này bọn apple méo bảo hành cho đâu, là tính năng",https://voz.vn/t/review-chiec-iphone-16e-top-1-e-va-tranh-cai.1187836/page-4,
1187836,77149,Lazy Cat!,"Dec 26, 2025 at 7:05 PM","vamopire said:



			Săn sale thì 12,7 giá đáy mà có mỗi minh tuấn bán lại chỉ có màu đen, lock viettel thanh toán cước 1 năm thì 72h sau mở lock. Nói chung giá iphone giờ cao vl so với hồi tháng 9 trừ tụi 17.
		
Click to expand...




clonelandau said:



			với nhu cầu của chủ thread thì mua con đt >10tr là phí tiền. COn này giá 10tr thì ok chứ 13tr thì next
		
Click to expand...

Con này 12 tr còn thấy phí tiền vãi. Xiaomi dòng T còn ngon hơn, hoặc samsung dòng A.",https://voz.vn/t/review-chiec-iphone-16e-top-1-e-va-tranh-cai.1187836/page-4,
1187836,1449903,maixeoduoiduoi2,"Dec 26, 2025 at 7:06 PM",Cam chính mấy dòng này không giống cam chính dòng promax đâu,https://voz.vn/t/review-chiec-iphone-16e-top-1-e-va-tranh-cai.1187836/page-4,
1187836,71504,20404667,"Dec 27, 2025 at 1:14 PM","thanhdonguyen01 said:



			Em vẫn chọn 16e thôi thím
Nghe gọi đủ dùng.
Mà quan trọng là RAM ấy, 16e có 8 GB, 15 có mỗi 6 GB.
RAM ít dùng Safari mở nhiều tab tí dễ bị reload lắm thím 

Click to expand...

Cái ram này cực kỳ quan trọng nhưng các đánh giá toàn lướt qua, OS 26 thì ram 8GB mới dùng tốt, 6GB chỉ tạm và 4Gb là giật lag rồi",https://voz.vn/t/review-chiec-iphone-16e-top-1-e-va-tranh-cai.1187836/page-4,
1187836,1706376,TraiKimThanh,"Dec 27, 2025 at 1:29 PM","Deptraitube. said:



			Cam chính của giống của 16 series, chụp chống cháy vớ vẫn là như nào
		
Click to expand...

Còn này cảm biến cùi mà. Thua cả 15 thì phải. Bỏ qua vụ chống rung gì đó thì kích thước cảm biến nhỏ. Chụp thiếu sáng sẽ sẽ kém hơn. Đọc ở đâu đó quên rồi.

 



			
				Last edited: Dec 27, 2025",https://voz.vn/t/review-chiec-iphone-16e-top-1-e-va-tranh-cai.1187836/page-4,
1187836,2025163,vietanhh,"Dec 27, 2025 at 1:45 PM","TraiKimThanh said:



			Còn này cảm biến cùi mà. Thua cả 15 thì phải. Bỏ qua vụ chống rung gì đó thì kích thước cảm biến nhỏ. Chụp thiếu sẽ sẽ kém hơn. Đọc ở đâu đó quên rồi.
		
Click to expand...

thua cả 13 thường nhé bác",https://voz.vn/t/review-chiec-iphone-16e-top-1-e-va-tranh-cai.1187836/page-4,
1187836,1023828,Thomas William Cleverley,"Dec 27, 2025 at 1:55 PM","Deptraitube. said:



			Cam chính của giống của 16 series, chụp chống cháy vớ vẫn là như nào
		
Click to expand...

Cam của con này là bưng từ 12 lên nâng độ phân giải lên 48mp nhé chụp như đấm vào mắt

via theNEXTvoz for iPhone",https://voz.vn/t/review-chiec-iphone-16e-top-1-e-va-tranh-cai.1187836/page-4,
1187836,425020,Zra,"Dec 27, 2025 at 1:56 PM","vietanhh said:



			thua cả 13 thường nhé bác
		
Click to expand...




TraiKimThanh said:



			Còn này cảm biến cùi mà. Thua cả 15 thì phải. Bỏ qua vụ chống rung gì đó thì kích thước cảm biến nhỏ. Chụp thiếu sẽ sẽ kém hơn. Đọc ở đâu đó quên rồi.
		
Click to expand...

Kích thước cảm biến nó nhỏ hơn. Cam để chống cháy là chính, mua máy này mà so cam là thua. Điểm tệ nhất là giá. Hạ về 10tr cháy là luôn.
Tiếp nối budget phone dòng SE mà giá lại không SE",https://voz.vn/t/review-chiec-iphone-16e-top-1-e-va-tranh-cai.1187836/page-4,
1187836,1624237,Michael Bo,"Dec 27, 2025 at 2:13 PM","đúng là ngoài số chấm cao thì chả có mẹ gì hết, cam chống mù",https://voz.vn/t/review-chiec-iphone-16e-top-1-e-va-tranh-cai.1187836/page-4,
1187836,160575,muquang,"Dec 27, 2025 at 3:33 PM","Mua hồi Viettel ra bản lock, máy mạnh vcl luôn đấy, iOS 26.2 mới nhất không có delay ở bất cứ tác vụ nào. Anh nào không chú trọng ngoại hình + chụp hình + vài tính năng nâng cao thì con này best p/p hiện tại
Bạn nào muốn giảm giá cước tháng Viettel có thể nhờ các gian thương trên này mua gói năm cho rẻ, trả đủ cước 12 tháng đợi khoảng ngày hôm sau reboot lại điện thoại là hết lock, gán thoải mái sim mạng khác",https://voz.vn/t/review-chiec-iphone-16e-top-1-e-va-tranh-cai.1187836/page-4,
1187836,1241374,vietanhtommy2,"Dec 27, 2025 at 10:47 PM","Con này anh tim cook phải set giá cao vì ip 14 15 tồn kho nhiều, 16 cũng phải lên giá để bán đc con ip 17 24 củ. 

Cá nhân mình mua vì nó có chip khoẻ ram ok mặt sau thiết kế đơn giản ko màu mè, sử dụng đúng nghĩa chỉ để nghe gọi với check mail. 

Nếu dùng 1 con đt để chụp choẹt với gaming gủng thì cũng  sẽ kiếm 1 con android làm máy thứ 2 cũng tầm tiền 15 củ",https://voz.vn/t/review-chiec-iphone-16e-top-1-e-va-tranh-cai.1187836/page-4,
1187836,2088312,Keelin007,"Dec 27, 2025 at 11:04 PM",16e game liên quân vs TFT có nóng máy kh mấy thớt đang xài ơi,https://voz.vn/t/review-chiec-iphone-16e-top-1-e-va-tranh-cai.1187836/page-4,
1187836,1241374,vietanhtommy2,"Dec 27, 2025 at 11:13 PM","Keelin007 said:



			16e game liên quân vs TFT có nóng máy kh mấy thớt đang xài ơi
		
Click to expand...

Liên quân chạy bao mát lạnh

TFT ĐTCL thì nóng vkl nhé, màn auto giảm sáng luôn, btw con game này chạy 60 fps trên cả mini 7 cũng bị nóng máy. cùng ios 18.7.3",https://voz.vn/t/review-chiec-iphone-16e-top-1-e-va-tranh-cai.1187836/page-4,
1187836,2088312,Keelin007,"Dec 27, 2025 at 11:37 PM","vietanhtommy2 said:



			Liên quân chạy bao mát lạnh

TFT ĐTCL thì nóng vkl nhé, màn auto giảm sáng luôn, btw con game này chạy 60 fps trên cả mini 7 cũng bị nóng máy. cùng ios 18.7.3
		
Click to expand...

nếu ráng lấy 16pro hoặc s25ul thì nên lấy con nào hơn thím nhỉ, mình cần con máy lành tính k lỗi, còn game thì có TFT vs liên quân thoi. do mình hay đi làm ngoài đường nên chơi game cũng chỉ chơi 4g nên cần con máy mát tí
còn 2 dòng kia mà TFT cũng nóng quá thì thoi chắc bỏ TFT mobile chơi lq trên con 16e thou",https://voz.vn/t/review-chiec-iphone-16e-top-1-e-va-tranh-cai.1187836/page-4,
1187836,1241374,vietanhtommy2,"Dec 28, 2025 at 12:34 AM","Keelin007 said:



			nếu ráng lấy 16pro hoặc s25ul thì nên lấy con nào hơn thím nhỉ, mình cần con máy lành tính k lỗi, còn game thì có TFT vs liên quân thoi. do mình hay đi làm ngoài đường nên chơi game cũng chỉ chơi 4g nên cần con máy mát tí
còn 2 dòng kia mà TFT cũng nóng quá thì thoi chắc bỏ TFT mobile chơi lq trên con 16e thou
		
Click to expand...


2 con máy kia 1 con 6,3 1 con màn 6,8 mình ko có có ý kiến.

TFT Trên android mặc định bị lock 30fps nên ko bị overheat mấy

Nếu bạn thuần gaming thì bếch con samsung đi, chơi emu cũng thích. Hoặc con gì của red magic pro có tính năng cắm sạc chơi game ko qua pin thì phải",https://voz.vn/t/review-chiec-iphone-16e-top-1-e-va-tranh-cai.1187836/page-4,
1187836,2088312,Keelin007,"Dec 28, 2025 at 12:42 AM","vietanhtommy2 said:



			2 con máy kia 1 con 6,3 1 con màn 6,8 mình ko có có ý kiến.

TFT Trên android mặc định bị lock 30fps nên ko bị overheat mấy

Nếu bạn thuần gaming thì bếch con samsung đi, chơi emu cũng thích. Hoặc con gì của red magic pro có tính năng cắm sạc chơi game ko qua pin thì phải
		
Click to expand...

lâu lâu mới chơi đc 1 2 game à, sợ nó nóng thoi fen chứ ko thuần về game đâu",https://voz.vn/t/review-chiec-iphone-16e-top-1-e-va-tranh-cai.1187836/page-5,
1187836,1241374,vietanhtommy2,"Dec 28, 2025 at 12:59 AM","Keelin007 said:



			lâu lâu mới chơi đc 1 2 game à, sợ nó nóng thoi fen chứ ko thuần về game đâu
		
Click to expand...

Dòng 16 pro kể cả proM đã có tiếng ko tốt về nhiệt độ rồi cho nên theo mình nó ko thích hợp để chơi game
Có tiền làm con ip 17 cho mát mẻ 

 


Attachments








the-coldest-iphones-with-vapor-chamber-v0-i1pob4494spf1.webp

					40.8 KB
					
					· Views: 26",https://voz.vn/t/review-chiec-iphone-16e-top-1-e-va-tranh-cai.1187836/page-5,
1187836,2088312,Keelin007,"Dec 28, 2025 at 1:28 AM","vietanhtommy2 said:



			Dòng 16 pro kể cả proM đã có tiếng ko tốt về nhiệt độ rồi cho nên theo mình nó ko thích hợp để chơi game
Có tiền làm con ip 17 cho mát mẻ 

Click to expand...

vậy chắc múc con 16e chơi mỗi liên quân 4g thì vẫn mát mẻ bác nhỉ, bỏ con tft thoi",https://voz.vn/t/review-chiec-iphone-16e-top-1-e-va-tranh-cai.1187836/page-5,
1187836,1241374,vietanhtommy2,"Dec 28, 2025 at 1:36 AM","Keelin007 said:



			vậy chắc múc con 16e chơi mỗi liên quân 4g thì vẫn mát mẻ bác nhỉ, bỏ con tft thoi
		
Click to expand...

Mình vẫn cài tft trên em  16e đề phòng hờ con android cùi hay máy tính bảng hết pin để chống cháy, chấp nhận cởi ốp lưng để máy trần cho tản nhiệt nhanh. 

Còn liên quân thì xõa đi, chơi chục game máy chỉ loanh quanh 31 đến 36 độ là kịch",https://voz.vn/t/review-chiec-iphone-16e-top-1-e-va-tranh-cai.1187836/page-5,
1187836,1315979,ShinKe,"Dec 28, 2025 at 11:56 AM",con 16e lock có nhược điểm gì ấy nhỉ. mà thấy rẻ hơn nhiều,https://voz.vn/t/review-chiec-iphone-16e-top-1-e-va-tranh-cai.1187836/page-5,
1187836,1673982,thanhdonguyen01,"Dec 28, 2025 at 12:26 PM","ShinKe said:



			con 16e lock có nhược điểm gì ấy nhỉ. mà thấy rẻ hơn nhiều
		
Click to expand...

Ý thím là bản nhà mạng?
Không có gì ngoài phải dùng SIM nhà mạng thôi thím",https://voz.vn/t/review-chiec-iphone-16e-top-1-e-va-tranh-cai.1187836/page-5,
1187836,1315979,ShinKe,"Dec 28, 2025 at 12:28 PM","thanhdonguyen01 said:



			Ý thím là bản nhà mạng?
Không có gì ngoài phải dùng SIM nhà mạng thôi thím
		
Click to expand...

vậy thì là cũng ngon nếu giá 7tr cho bản lock rồi. pin tốt hỗ trợ lâu dài",https://voz.vn/t/review-chiec-iphone-16e-top-1-e-va-tranh-cai.1187836/page-5,
1187836,1052437,lethanhtuan2895,"Dec 28, 2025 at 2:39 PM","55554444 said:



			16e cấu hình nó khỏe dùng lâu dài rất 0ke. 
2 năm trc tôi phân vân giữa 13 chính hãng và 15 lock, h thấy hối hận vì cấu hình 13 lỗi thời nhanh quá lên ios 26 giật giật




Click to expand...

15 lên ios 26 vẫn giựt thôi, 60hz thì chịu",https://voz.vn/t/review-chiec-iphone-16e-top-1-e-va-tranh-cai.1187836/page-5,
1187836,1928133,55554444,"Dec 28, 2025 at 3:36 PM","lethanhtuan2895 said:



			15 lên ios 26 vẫn giựt thôi, 60hz thì chịu
		
Click to expand...

6gb ram còn đỡ đó, chứ 4gb ram thì tôi phải gỡ bớt app mới tạm dùng dc cái ios 26 này, ko thì đơ lag thường xuyên",https://voz.vn/t/review-chiec-iphone-16e-top-1-e-va-tranh-cai.1187836/page-5,
1187836,2173203,All For One,"Dec 29, 2025 at 12:15 AM","Hi các bác, nay em được chú  mang về cho con 16e còn nguyên seal này, nên dùng hay đem bán nhỉ các bác, em thì k có nhu cầu lắm do đang dùng ss mà thấy mấy bác review chê quá, hay là em tặng cho mẹ em xài ổn k nhỉ   tự nhiên mốt lại lòi ra đống thứ dsi sửa thì hết hồn",https://voz.vn/t/review-chiec-iphone-16e-top-1-e-va-tranh-cai.1187836/page-5,
1187836,1679471,khongancomsuon,"Dec 29, 2025 at 12:44 PM","All For One said:



			Hi các bác, nay em được chú  mang về cho con 16e còn nguyên seal này, nên dùng hay đem bán nhỉ các bác, em thì k có nhu cầu lắm do đang dùng ss mà thấy mấy bác review chê quá, hay là em tặng cho mẹ em xài ổn k nhỉ   tự nhiên mốt lại lòi ra đống thứ dsi sửa thì hết hồn 

Click to expand...

vote tặng phụ huynh.",https://voz.vn/t/review-chiec-iphone-16e-top-1-e-va-tranh-cai.1187836/page-5,
1187836,1673982,thanhdonguyen01,"Dec 29, 2025 at 1:31 PM","All For One said:



			Hi các bác, nay em được chú  mang về cho con 16e còn nguyên seal này, nên dùng hay đem bán nhỉ các bác, em thì k có nhu cầu lắm do đang dùng ss mà thấy mấy bác review chê quá, hay là em tặng cho mẹ em xài ổn k nhỉ   tự nhiên mốt lại lòi ra đống thứ dsi sửa thì hết hồn 

Click to expand...

Con SE cũ còn không lo sửa thì con này khỏi lo đi thím
Nhưng không thấy vừa mắt thì cứ đưa phụ huynh thôi, so màn + cam thì SS ăn",https://voz.vn/t/review-chiec-iphone-16e-top-1-e-va-tranh-cai.1187836/page-5,
1187836,1872718,just2023,"Dec 29, 2025 at 1:33 PM","sos123 said:



			viettel có bản lock kìa ae
		
Click to expand...

ghi rõ là lock sim mới nhé. k phải lock sim đang sài cùng vitel",https://voz.vn/t/review-chiec-iphone-16e-top-1-e-va-tranh-cai.1187836/page-5,
1187836,1673982,thanhdonguyen01,"Dec 29, 2025 at 1:38 PM","just2023 said:



			ghi rõ là lock sim mới nhé. k phải lock sim đang sài cùng vitel
		
Click to expand...

Có SIM cũ được nhé thím
Nhưng phải ra cửa hàng hỏi trước
Vì không phải SIM nào cũng ok, đợi kiểm tra không nhanh lắm",https://voz.vn/t/review-chiec-iphone-16e-top-1-e-va-tranh-cai.1187836/page-5,
1187836,1872718,just2023,"Dec 29, 2025 at 1:39 PM","thanhdonguyen01 said:



			Có SIM cũ được nhé thím
Nhưng phải ra cửa hàng hỏi trước
Vì không phải SIM nào cũng ok, đợi kiểm tra không nhanh lắm
		
Click to expand...

nếu đc sim cũ thì đã ngon. nhớ nó tư vấn sim mới mà",https://voz.vn/t/review-chiec-iphone-16e-top-1-e-va-tranh-cai.1187836/page-5,
1187836,1782361,Source Code,"Dec 29, 2025 at 1:39 PM","Rìviu mà ko có nổi 1 tấm ảnh người dùng, xin phép gạch",https://voz.vn/t/review-chiec-iphone-16e-top-1-e-va-tranh-cai.1187836/page-5,
1187836,1673982,thanhdonguyen01,"Dec 29, 2025 at 1:44 PM","just2023 said:



			nếu đc sim cũ thì đã ngon. nhớ nó tư vấn sim mới mà
		
Click to expand...

Thím ra hẳn Viettel Store
Còn bên CellphoneS là auto bán kèm SIM
Bên Viettel Store em hỏi trước, xong nhân viên trên page không rõ, đưa lại link họ kiểm tra thì họ báo lại giá



			https://vietteltelecom.vn/tin-tuc/chi-tiet/viettel-tro-gia-len-toi-4500000d-cho-khach-hang-mua-iphone-16e/14434092
		



			https://viettelstore.vn/tin-tuc/chuong-trinh-tro-gia-iphone-16e-khi-mua-kem-goi-cuoc-5g-viettel?srsltid=AfmBOopSPmaAE0iuPiF5aVtVt4BBbx85HyOTi1qZ_uveiv6rHvlNYe2f
		


Mà page báo xong, ra Viettel Store hỏi tiếp, nhân viên lúc đầu cũng kêu chỉ bán kèm SIM, đưa tin nhắn báo lại thì nhân viên bên Viettel Store mới biết là mua với SIM cũ được không.
Nói chung thím gọi trước lên tổng đài Viettel, vì chương trình này bên nhà mạng, bên Viettel Store là bên bán lẻ cũng không nắm rõ lắm",https://voz.vn/t/review-chiec-iphone-16e-top-1-e-va-tranh-cai.1187836/page-5,
1187836,1679471,khongancomsuon,"Dec 29, 2025 at 1:50 PM",hàng shopee 13k275,https://voz.vn/t/review-chiec-iphone-16e-top-1-e-va-tranh-cai.1187836/page-5,
1187836,1787266,cuongtmu,"Dec 29, 2025 at 5:13 PM","thanhdonguyen01 said:



			Thím ra hẳn Viettel Store
Còn bên CellphoneS là auto bán kèm SIM
Bên Viettel Store em hỏi trước, xong nhân viên trên page không rõ, đưa lại link họ kiểm tra thì họ báo lại giá



			https://vietteltelecom.vn/tin-tuc/chi-tiet/viettel-tro-gia-len-toi-4500000d-cho-khach-hang-mua-iphone-16e/14434092
		



			https://viettelstore.vn/tin-tuc/chuong-trinh-tro-gia-iphone-16e-khi-mua-kem-goi-cuoc-5g-viettel?srsltid=AfmBOopSPmaAE0iuPiF5aVtVt4BBbx85HyOTi1qZ_uveiv6rHvlNYe2f
		


Mà page báo xong, ra Viettel Store hỏi tiếp, nhân viên lúc đầu cũng kêu chỉ bán kèm SIM, đưa tin nhắn báo lại thì nhân viên bên Viettel Store mới biết là mua với SIM cũ được không.
Nói chung thím gọi trước lên tổng đài Viettel, vì chương trình này bên nhà mạng, bên Viettel Store là bên bán lẻ cũng không nắm rõ lắm  

Click to expand...

Cái gói dùng sim cũ nó ngưng rồi mà nhỉ, lúc đó mình cũng đi hỏi mấy chỗ viettel store rồi

via theNEXTvoz for iPhone",https://voz.vn/t/review-chiec-iphone-16e-top-1-e-va-tranh-cai.1187836/page-5,
1187836,1889221,sewsew,"Dec 29, 2025 at 5:16 PM","Đang dùng con này thấy quá ngon, upgrade lên từ iphone XR thấy ổn hơn hẳn. Mua Viettel Store lock mạng Viettel 1 năm giá 12490k",https://voz.vn/t/review-chiec-iphone-16e-top-1-e-va-tranh-cai.1187836/page-5,
1187836,899617,osamalala,"Dec 29, 2025 at 6:40 PM","mới quất hôm chủ nhật, xài gói 150k /1tháng, giá 12690, mình thấy ok vì mình toàn xài Viettel nên lock hay ko ko quan trọng. Đang lăn tăn có lên 26 ko thôi. có bác nào lên 26 chưa?",https://voz.vn/t/review-chiec-iphone-16e-top-1-e-va-tranh-cai.1187836/page-6,
1187836,1673982,thanhdonguyen01,"Dec 29, 2025 at 8:20 PM","cuongtmu said:



			Cái gói dùng sim cũ nó ngưng rồi mà nhỉ, lúc đó mình cũng đi hỏi mấy chỗ viettel store rồi

via theNEXTvoz for iPhone

Click to expand...

Em vừa mua ngay tuần trước mà thím  
Hỏi hẳn page rồi ra nói chuyện đưa tin nhắn của page cho Viettel Store
Nhân viên bên Viettel Store mỗi nơi mỗi khác đấy 
À tất nhiên giá dùng SIM cũ là hơn 13 chút chứ không có chuyện 12.6",https://voz.vn/t/review-chiec-iphone-16e-top-1-e-va-tranh-cai.1187836/page-6,
1187836,1787266,cuongtmu,"Dec 29, 2025 at 8:22 PM","thanhdonguyen01 said:



			Em vừa mua ngay tuần trước mà thím   
Hỏi hẳn page rồi ra nói chuyện đưa tin nhắn của page cho Viettel Store
Nhân viên bên Viettel Store mỗi nơi mỗi khác đấy 

Click to expand...

Ông mua ngày nào thế, chứ giờ trên web có để dùng sim cũ đâu

via theNEXTvoz for iPhone",https://voz.vn/t/review-chiec-iphone-16e-top-1-e-va-tranh-cai.1187836/page-6,
1187836,1673982,thanhdonguyen01,"Dec 29, 2025 at 8:24 PM","cuongtmu said:



			Ông mua ngày nào thế, chứ giờ trên web có để dùng sim cũ đâu

via theNEXTvoz for iPhone

Click to expand...

Ngay thứ 4 tuần trước luôn thím 

Thể lệ đây:


			https://media.vietteltelecom.vn/upload/ckfinder/files/CT%20Viettel%20tr%E1%BB%A3%20gi%C3%A1%20iPhone%2016e%20khi%20mua%20c%C3%B9ng%20g%C3%B3i%205G%20Viettel.pdf
		



Đến 31/12 cơ
Nhưng ngay nhân viên page Viettel cũng không biết thì phải (hỏi lần đầu cũng kêu phải mua SIM, đưa cái thông báo kia thì nhân viên page kiểm tra lại mới báo giá thím ạ)
Chắc sắp hết chương trình nên web Viettel cũng ẩn đi trước

Có thông báo còn ghi đến tận 30/6, nhưng chắc hết sớm hơn do số lượng có hạn



			https://vietteltelecom.vn/tin-tuc/chi-tiet/viettel-tro-gia-len-toi-4500000d-cho-khach-hang-mua-iphone-16e/14434092",https://voz.vn/t/review-chiec-iphone-16e-top-1-e-va-tranh-cai.1187836/page-6,
1187836,1673982,thanhdonguyen01,"Dec 29, 2025 at 8:31 PM","osamalala said:



			mới quất hôm chủ nhật, xài gói 150k /1tháng, giá 12690, mình thấy ok vì mình toàn xài Viettel nên lock hay ko ko quan trọng. Đang lăn tăn có lên 26 ko thôi. có bác nào lên 26 chưa?
		
Click to expand...

26.2 cũng ok thím, RAM 8 GB nên không lo
Mà quen giao diện bản trước rồi thì cứ dùng bản trước thôi",https://voz.vn/t/review-chiec-iphone-16e-top-1-e-va-tranh-cai.1187836/page-6,
1187836,1787266,cuongtmu,"Dec 29, 2025 at 8:33 PM","thanhdonguyen01 said:



			Ngay thứ 4 tuần trước luôn thím 

Thể lệ đây:


			https://media.vietteltelecom.vn/upload/ckfinder/files/CT%20Viettel%20tr%E1%BB%A3%20gi%C3%A1%20iPhone%2016e%20khi%20mua%20c%C3%B9ng%20g%C3%B3i%205G%20Viettel.pdf
		



Đến 31/12 cơ
Nhưng ngay nhân viên page Viettel cũng không biết thì phải (hỏi lần đầu cũng kêu phải mua SIM, đưa cái thông báo kia thì nhân viên page kiểm tra lại mới báo giá thím ạ)
Chắc sắp hết chương trình nên web Viettel cũng ẩn đi trước

Có thông báo còn ghi đến tận 30/6, nhưng chắc hết sớm hơn do số lượng có hạn



			https://vietteltelecom.vn/tin-tuc/chi-tiet/viettel-tro-gia-len-toi-4500000d-cho-khach-hang-mua-iphone-16e/14434092
		


View attachment 3406252

Click to expand...

Mình mua từ giữa tháng 11 cơ, cũng đưa cái đó ra hỏi cuối cùng bảo hết khuyến mãi cái đó rồi , lên viettel telecom thì nó bán máy bàn phím à 

via theNEXTvoz for iPhone",https://voz.vn/t/review-chiec-iphone-16e-top-1-e-va-tranh-cai.1187836/page-6,
1187836,1673982,thanhdonguyen01,"Dec 29, 2025 at 8:34 PM","cuongtmu said:



			Mình mua từ giữa tháng 11 cơ, cũng đưa cái đó ra hỏi cuối cùng bảo hết khuyến mãi cái đó rồi , lên viettel telecom thì nó bán máy bàn phím à 

via theNEXTvoz for iPhone

Click to expand...


Chắc quên không hỏi page trước à thím",https://voz.vn/t/review-chiec-iphone-16e-top-1-e-va-tranh-cai.1187836/page-6,
1187836,1787266,cuongtmu,"Dec 29, 2025 at 8:38 PM","thanhdonguyen01 said:



			Chắc quên không hỏi page trước à thím 

Click to expand...

Ai biết đâu, tưởng còn tới mua, có ông viettel store bảo khuyến mãi bên viettel telecom thì đến đó mua chứ store ko bán cái đó 

via theNEXTvoz for iPhone",https://voz.vn/t/review-chiec-iphone-16e-top-1-e-va-tranh-cai.1187836/page-6,
1187836,1673982,thanhdonguyen01,"Dec 29, 2025 at 8:41 PM","cuongtmu said:



			Ai biết đâu, tưởng còn tới mua, có ông viettel store bảo khuyến mãi bên viettel telecom thì đến đó mua chứ store ko bán cái đó 

via theNEXTvoz for iPhone

Click to expand...


Em cũng hỏi Viettel Store mà, nhưng quen phong cách làm việc mấy cái chương trình khuyến mại nên phòng trước, nhắn lên page luôn
Nhưng ra Viettel Store thì vẫn bị kêu đợi xác nhận",https://voz.vn/t/review-chiec-iphone-16e-top-1-e-va-tranh-cai.1187836/page-6,
1187836,1787266,cuongtmu,"Dec 29, 2025 at 9:14 PM","thanhdonguyen01 said:



			Em cũng hỏi Viettel Store mà, nhưng quen phong cách làm việc mấy cái chương trình khuyến mại nên phòng trước, nhắn lên page luôn
Nhưng ra Viettel Store thì vẫn bị kêu đợi xác nhận  

Click to expand...

sao cái đó giống kiểu hên xui thế nhỉ    cuối cùng phải qua tgdd mua gần 15 củ",https://voz.vn/t/review-chiec-iphone-16e-top-1-e-va-tranh-cai.1187836/page-6,
1187836,899617,osamalala,"Dec 31, 2025 at 12:01 PM","thanhdonguyen01 said:



			26.2 cũng ok thím, RAM 8 GB nên không lo
Mà quen giao diện bản trước rồi thì cứ dùng bản trước thôi 

Click to expand...

mình lên luôn rồi.",https://voz.vn/t/review-chiec-iphone-16e-top-1-e-va-tranh-cai.1187836/page-6,
1187836,1400,mrdemon,"Dec 31, 2025 at 5:09 PM","ShinKe said:



			vậy thì là cũng ngon nếu giá 7tr cho bản lock rồi. pin tốt hỗ trợ lâu dài
		
Click to expand...

7 triệu nào thế?",https://voz.vn/t/review-chiec-iphone-16e-top-1-e-va-tranh-cai.1187836/page-6,
1187836,1315979,ShinKe,"Dec 31, 2025 at 5:15 PM","mrdemon said:



			7 triệu nào thế? 




Click to expand...

con 16e lock ấy",https://voz.vn/t/review-chiec-iphone-16e-top-1-e-va-tranh-cai.1187836/page-6,
1187836,1400,mrdemon,"Dec 31, 2025 at 5:16 PM","ShinKe said:



			con 16e lock ấy
		
Click to expand...

Đấy là hàng nhảy bên Nhật bên gì về, còn lock VN là con khác,
Fen mua con kia thì 99% là k unlock đc. Vì giá đó khó tin quá",https://voz.vn/t/review-chiec-iphone-16e-top-1-e-va-tranh-cai.1187836/page-6,
1187836,1400,mrdemon,"Dec 31, 2025 at 5:22 PM","thanhdonguyen01 said:



			Ngay thứ 4 tuần trước luôn thím 

Thể lệ đây:


			https://media.vietteltelecom.vn/upload/ckfinder/files/CT%20Viettel%20tr%E1%BB%A3%20gi%C3%A1%20iPhone%2016e%20khi%20mua%20c%C3%B9ng%20g%C3%B3i%205G%20Viettel.pdf
		



Đến 31/12 cơ
Nhưng ngay nhân viên page Viettel cũng không biết thì phải (hỏi lần đầu cũng kêu phải mua SIM, đưa cái thông báo kia thì nhân viên page kiểm tra lại mới báo giá thím ạ)
Chắc sắp hết chương trình nên web Viettel cũng ẩn đi trước

Có thông báo còn ghi đến tận 30/6, nhưng chắc hết sớm hơn do số lượng có hạn



			https://vietteltelecom.vn/tin-tuc/chi-tiet/viettel-tro-gia-len-toi-4500000d-cho-khach-hang-mua-iphone-16e/14434092
		


View attachment 3406252

Click to expand...

Chat thử chúng nó éo biết thật. Nó ghi rõ ràng cho mục đang hoạt động để chọn gói cước nó éo biết",https://voz.vn/t/review-chiec-iphone-16e-top-1-e-va-tranh-cai.1187836/page-6,
1187836,1700292,Bước Phinh,"Jan 1, 2026 at 5:29 PM","All For One said:



			Hi các bác, nay em được chú  mang về cho con 16e còn nguyên seal này, nên dùng hay đem bán nhỉ các bác, em thì k có nhu cầu lắm do đang dùng ss mà thấy mấy bác review chê quá, hay là em tặng cho mẹ em xài ổn k nhỉ   tự nhiên mốt lại lòi ra đống thứ dsi sửa thì hết hồn 

Click to expand...

Vote bán cho em. Phụ huynh bác tặng con to hơn đi",https://voz.vn/t/review-chiec-iphone-16e-top-1-e-va-tranh-cai.1187836/page-6,
1187836,2173203,All For One,"Jan 1, 2026 at 7:39 PM","Bước Phinh said:



			Vote bán cho em. Phụ huynh bác tặng con to hơn đi 

Click to expand...

Quá tiếc, mẹ em lấy lướt top top rồi",https://voz.vn/t/review-chiec-iphone-16e-top-1-e-va-tranh-cai.1187836/page-6,
1187836,1940077,Fekar v2,"Jan 2, 2026 at 1:45 AM","múc con này 1 tháng cho phụ huynh dùng giá 10tr bản newseal LL/A máy có mdm, ko biết chê ở điểm gì",https://voz.vn/t/review-chiec-iphone-16e-top-1-e-va-tranh-cai.1187836/page-6,
1187836,1685454,Covid_MTF,"Jan 2, 2026 at 4:30 PM",Ngoài bọn nhật cuồng đthoai nhỏ gọn ra thì có mấy ai thích đâu. Iphone plus vẫn là chân ái. Năm sau thg táo mà ra ip18 plus lúc đấy lại cháy hàng,https://voz.vn/t/review-chiec-iphone-16e-top-1-e-va-tranh-cai.1187836/page-6,
1187836,1174334,duy289,"Jan 3, 2026 at 8:05 AM","Cho e hỏi giữa 16 plus vs 15pro max pick ai ạ

Sent from samsung SM-S901E via VOZVNApp",https://voz.vn/t/review-chiec-iphone-16e-top-1-e-va-tranh-cai.1187836/page-6,
1187836,1679471,khongancomsuon,"Jan 3, 2026 at 10:45 AM","Covid_MTF said:



			Ngoài bọn nhật cuồng đthoai nhỏ gọn ra thì có mấy ai thích đâu. Iphone plus vẫn là chân ái. Năm sau thg táo mà ra ip18 plus lúc đấy lại cháy hàng
		
Click to expand...

plus 120hz. thì cờ hó mua prm",https://voz.vn/t/review-chiec-iphone-16e-top-1-e-va-tranh-cai.1187836/page-7,
1187836,2170736,Lục Mạch-Thần Kiếm,"Jan 3, 2026 at 11:20 AM","duy289 said:



			Cho e hỏi giữa 16 plus vs 15pro max pick ai ạ

Sent from samsung SM-S901E via VOZVNApp

Click to expand...

16 plus pin khoẻ. Còn lại cùi
15 promax không sợ nóng khi dùng camera thì hơn đứt

via theNEXTvoz for iPhone",https://voz.vn/t/review-chiec-iphone-16e-top-1-e-va-tranh-cai.1187836/page-7,
1187836,1174334,duy289,"Jan 3, 2026 at 11:24 AM","Lục Mạch-Thần Kiếm said:



			16 plus pin khoẻ. Còn lại cùi
15 promax không sợ nóng khi dùng camera thì hơn đứt

via theNEXTvoz for iPhone

Click to expand...

chụp ảnh 15 cũng hơn dk a

Sent from samsung SM-S901E via VOZVNApp",https://voz.vn/t/review-chiec-iphone-16e-top-1-e-va-tranh-cai.1187836/page-7,
1187836,2025163,vietanhh,"Jan 3, 2026 at 8:47 PM","lethanhtuan2895 said:



			15 lên ios 26 vẫn giựt thôi, 60hz thì chịu
		
Click to expand...

con 15 lên 26 giật như gái lên đỉnh vậy, trước dùng 16e lên 26 thấy mượt hơn nhiều, bán vội con 15 cho bà đồng nghiệp, đang dùng con 13pro ios 18 mượt vcl, phải ngang ngửa con 16e đã từng dùng",https://voz.vn/t/review-chiec-iphone-16e-top-1-e-va-tranh-cai.1187836/page-7,
1187836,1323713,Tony_HD,"Jan 4, 2026 at 9:56 AM","Covid_MTF said:



			Ngoài bọn nhật cuồng đthoai nhỏ gọn ra thì có mấy ai thích đâu. Iphone plus vẫn là chân ái. Năm sau thg táo mà ra ip18 plus lúc đấy lại cháy hàng
		
Click to expand...

Fen nghĩ vậy thôi chứ vẫn nhiều người thích cái máy nhỏ lắm. Tôi thấy 6.1-6.3 là con số khá hợp lý cho nhu cầu sd hàng ngày, đút túi đỡ cấn hơn mấy con to đùng. Mấy cái máy to được cái pin khỏe",https://voz.vn/t/review-chiec-iphone-16e-top-1-e-va-tranh-cai.1187836/page-7,
1187836,1679471,khongancomsuon,"Jan 5, 2026 at 12:13 PM",cụm bên trái của máy  có phải loa k vậy mấy thím,https://voz.vn/t/review-chiec-iphone-16e-top-1-e-va-tranh-cai.1187836/page-7,
1187836,2170736,Lục Mạch-Thần Kiếm,"Jan 5, 2026 at 12:57 PM","khongancomsuon said:



			cụm bên trái của máy  có phải loa k vậy mấy thímView attachment 3415663

Click to expand...

1 loa dưới thôi, bên 3 lỗ là đục cho cân và thoát âm trầm tốt hơn.",https://voz.vn/t/review-chiec-iphone-16e-top-1-e-va-tranh-cai.1187836/page-7,
1187836,1722009,Cu Chanh 86,"Jan 5, 2026 at 1:35 PM","khongancomsuon said:



			cụm bên trái của máy  có phải loa k vậy mấy thímView attachment 3415663

Click to expand...

3 lỗ bên trái là micro thu âm thoại nhé",https://voz.vn/t/review-chiec-iphone-16e-top-1-e-va-tranh-cai.1187836/page-7,
1187836,168699,hoanglong0712,"Jan 15, 2026 at 2:55 PM","khongancomsuon said:



			cụm bên trái của máy  có phải loa k vậy mấy thímView attachment 3415663

Click to expand...

nhìn đẹp thiệt chớ",https://voz.vn/t/review-chiec-iphone-16e-top-1-e-va-tranh-cai.1187836/page-7,
1187836,1679471,khongancomsuon,"Jan 15, 2026 at 2:56 PM","hoanglong0712 said:



			nhìn đẹp thiệt chớ
		
Click to expand...

bằng nhôm, cầm cũng mát ^^ phòng máy lạnh nha. cũng bo tròn. .",https://voz.vn/t/review-chiec-iphone-16e-top-1-e-va-tranh-cai.1187836/page-7,
1187836,214168,KaneRuan,"Jan 16, 2026 at 10:56 AM","Lục Mạch-Thần Kiếm said:



			1 loa dưới thôi, bên 3 lỗ là đục cho cân và thoát âm trầm tốt hơn.
		
Click to expand...

bên 3 lỗ là mic đó, bạn coi mấy clip mổ dt sẽ thấy. 
chứ làm sao mà thiết kế mic + loa ngoài nằm chung 1 cụm bên 4 lỗ được.",https://voz.vn/t/review-chiec-iphone-16e-top-1-e-va-tranh-cai.1187836/page-7,
1187836,631351,findan,"Jan 16, 2026 at 11:23 AM",giờ giá shopee tốt nhất là bao nhiêu nhỉ? mua con chống cháy tạm,https://voz.vn/t/review-chiec-iphone-16e-top-1-e-va-tranh-cai.1187836/page-7,
1187836,1679471,khongancomsuon,"Jan 16, 2026 at 12:54 PM","findan said:



			giờ giá shopee tốt nhất là bao nhiêu nhỉ? mua con chống cháy tạm 

Click to expand...

bữa em mua 13tr2 đó. 
mà mua hẳn viettel đi. nếu dùng viettel. kèm gói cước 150k 1 tháng",https://voz.vn/t/review-chiec-iphone-16e-top-1-e-va-tranh-cai.1187836/page-7,
1187836,631351,findan,"Jan 16, 2026 at 1:08 PM","khongancomsuon said:



			bữa em mua 13tr2 đó.
mà mua hẳn viettel đi. nếu dùng viettel. kèm gói cước 150k 1 tháng
		
Click to expand...

đang xài gói trả trước 6gb/ngày rùi thím, hỏi VT nó bảo phải mua sim mới. Mà mua sim mới ko xài phí quá",https://voz.vn/t/review-chiec-iphone-16e-top-1-e-va-tranh-cai.1187836/page-7,
1187836,1673982,thanhdonguyen01,"Jan 16, 2026 at 2:42 PM","findan said:



			đang xài gói trả trước 6gb/ngày rùi thím, hỏi VT nó bảo phải mua sim mới. Mà mua sim mới ko xài phí quá
		
Click to expand...

Thím có sẵn sim Viettel rồi thì trả 150k / tháng thôi, nhưng mua với giá 13.5 chứ không phải 12.5",https://voz.vn/t/review-chiec-iphone-16e-top-1-e-va-tranh-cai.1187836/page-7,
1187836,1787266,cuongtmu,"Jan 16, 2026 at 3:22 PM","thanhdonguyen01 said:



			Thím có sẵn sim Viettel rồi thì trả 150k / tháng thôi, nhưng mua với giá 13.5 chứ không phải 12.5
		
Click to expand...

Có lại gói có sẵn sim rồi à , lúc mình mua nó bảo hết rồi 

via theNEXTvoz for iPhone",https://voz.vn/t/review-chiec-iphone-16e-top-1-e-va-tranh-cai.1187836/page-7,
1187836,1076763,manhpro299,"Jan 16, 2026 at 7:06 PM","duy289 said:



			chụp ảnh 15 cũng hơn dk a

Sent from samsung SM-S901E via VOZVNApp

Click to expand...

dòng 15 chụo hình nó sao sao ... lấy nét  độ  sắc nét nhảm vl",https://voz.vn/t/review-chiec-iphone-16e-top-1-e-va-tranh-cai.1187836/page-7,
1187836,1588,SeiferAlmasy,"Jan 20, 2026 at 10:43 AM","Con này và con Iphone Air giảm giá nhanh vãi.

Bữa nay thấy Iphone Air còn cò 24tr bản 256GB.

Chắc do ế vì ít người người mua, nhưng thôi kệ, cứ giảm nhìu là cho mấy người có nhu cầu lạ như mình.",https://voz.vn/t/review-chiec-iphone-16e-top-1-e-va-tranh-cai.1187836/page-7,
1187836,2025163,vietanhh,"Jan 20, 2026 at 10:47 AM","SeiferAlmasy said:



			Con này và con Iphone Air giảm giá nhanh vãi.

Bữa nay thấy Iphone Air còn cò 24tr bản 256GB.

Chắc do ế vì ít người người mua, nhưng thôi kệ, cứ giảm nhìu là cho mấy người có nhu cầu lạ như mình. 

Click to expand...

con iphone ẻ đấy mà 2 loa thì trư xúc mạnh luôn",https://voz.vn/t/review-chiec-iphone-16e-top-1-e-va-tranh-cai.1187836/page-7,
1187836,1679471,khongancomsuon,"Jan 20, 2026 at 11:32 PM","sao thèn ốp bồ  k làm cái đt mặt lưng kim loại như ipad nhỉ  
cầm ipad mini ngon bome.",https://voz.vn/t/review-chiec-iphone-16e-top-1-e-va-tranh-cai.1187836/page-7,
1187836,425020,Zra,"Jan 21, 2026 at 3:50 AM","khongancomsuon said:



			sao thèn ốp bồ  k làm cái đt mặt lưng kim loại như ipad nhỉ 
cầm ipad mini ngon bome.
		
Click to expand...

mặt lưng kim loại quá bền.",https://voz.vn/t/review-chiec-iphone-16e-top-1-e-va-tranh-cai.1187836/page-8,
1187836,1023828,Thomas William Cleverley,"Jan 21, 2026 at 2:13 PM","khongancomsuon said:



			sao thèn ốp bồ  k làm cái đt mặt lưng kim loại như ipad nhỉ 
cầm ipad mini ngon bome.
		
Click to expand...

lưng kim loại thì không sạc không dây được chứ sau",https://voz.vn/t/review-chiec-iphone-16e-top-1-e-va-tranh-cai.1187836/page-8,
1187836,1679471,khongancomsuon,"Jan 21, 2026 at 2:20 PM","Thomas William Cleverley said:



			lưng kim loại thì không sạc không dây được chứ sau
		
Click to expand...

16e có sạc k dây đâu",https://voz.vn/t/review-chiec-iphone-16e-top-1-e-va-tranh-cai.1187836/page-8,
1187836,1023828,Thomas William Cleverley,"Jan 21, 2026 at 2:23 PM","khongancomsuon said:



			16e có sạc k dây đâu
		
Click to expand...

16e là thằng apple nó khinh không thèm cho vào",https://voz.vn/t/review-chiec-iphone-16e-top-1-e-va-tranh-cai.1187836/page-8,
1187836,1134494,vamopire,"Jan 21, 2026 at 3:21 PM","khongancomsuon said:



			16e có sạc k dây đâu
		
Click to expand...

16e sạc ko dây dc mà ko có magsafe nhé. Mún hít phải đeo ốp",https://voz.vn/t/review-chiec-iphone-16e-top-1-e-va-tranh-cai.1187836/page-8,
1187836,1588,SeiferAlmasy,"Jan 21, 2026 at 6:48 PM","khongancomsuon said:



			16e có sạc k dây đâu
		
Click to expand...

từ đời Iphone 11 là có sạc ko dây rồi. 
16e ko có MagSafe để hít thôi chứ sạc vi vu. Muốn hít mua thêm cái ốp 2-30k là được chứ gì.",https://voz.vn/t/review-chiec-iphone-16e-top-1-e-va-tranh-cai.1187836/page-8,
1187836,1679471,khongancomsuon,"Jan 21, 2026 at 7:57 PM","SeiferAlmasy said:



			từ đời Iphone 11 là có sạc ko dây rồi.
16e ko có MagSafe để hít thôi chứ sạc vi vu. Muốn hít mua thêm cái ốp 2-30k là được chứ gì.
		
Click to expand...

 ưng cái lưng kim loại hơn cái sạc k dây nhiều",https://voz.vn/t/review-chiec-iphone-16e-top-1-e-va-tranh-cai.1187836/page-8,
1187836,1593789,thachit123,"Jan 25, 2026 at 2:21 PM","vietanhh said:



			với nhu cầu mail và zalo như tôi thì thì 1 ngày thôi, mà dùng cũng nóng chứ ko phải mát mẻ gì nhé, chê chip lỏ là vì nó cắt nhân GPU, còn cái màn hình không những 60hz mà nó còn bị hiện tượng nhấp nháy khi để chế độ sáng thấp nữa, hiện tượng y hệt trên màn con 13 và 14 base. Tuy nhiên thì như tôi đã nói, nó ngon trong tầm giá 10tr, lla lướt giờ 10xx rồi
		
Click to expand...




camoncuocdoi9999 said:



			đúng thật bác ạ nó nhấp nháy kiểu ảo ma vl , tưởng là mắt e nó có vấn đề hoá ra là do màn dm

via theNEXTvoz for iPhone

Click to expand...




vietanhh said:



			lỏ mà bác, càng dùng lâu cái nháy nó sẽ càng nặng hơn, nhất là để độ sáng thấp nhất trong bóng tối, trc con 13 em bị rồi, lỗi này bọn apple méo bảo hành cho đâu, là tính năng
		
Click to expand...


Nó nháy như nào các thím, có minh hoạ cho dễ hiểu không",https://voz.vn/t/review-chiec-iphone-16e-top-1-e-va-tranh-cai.1187836/page-8,
1187836,214168,KaneRuan,"Jan 27, 2026 at 10:54 AM","SeiferAlmasy said:



			từ đời Iphone 11 là có sạc ko dây rồi.
16e ko có MagSafe để hít thôi chứ sạc vi vu. Muốn hít mua thêm cái ốp 2-30k là được chứ gì.
		
Click to expand...

từ đời 8/X - thời điểm chuyển mặt lưng từ kim loại qua kính là có luôn rồi bro ơi.",https://voz.vn/t/review-chiec-iphone-16e-top-1-e-va-tranh-cai.1187836/page-8,
1187836,4108,monokuro,"Jan 27, 2026 at 11:30 AM","Bây h iphone 15 xài 2 năm pin còn 79%, nếu bù lên iphone 16e thì tầm 3 tr, thay pin thì 1.9 tr..., tôi cũng dùng đt như máy cơ bản thôi chứ chả có nhu cầu gì thì nên thay pin hay bù đổi luôn 16e mấy fen , tôi chỉ đắn đo 16e chip + ram ngon hơn xài lâu dài hơn",https://voz.vn/t/review-chiec-iphone-16e-top-1-e-va-tranh-cai.1187836/page-8,
1187836,1072894,sakuza.199x,"Jan 27, 2026 at 11:39 AM","monokuro said:



			Bây h iphone 15 xài 2 năm pin còn 79%, nếu bù lên iphone 16e thì tầm 3 tr, thay pin thì 1.9 tr..., tôi cũng dùng đt như máy cơ bản thôi chứ chả có nhu cầu gì thì nên thay pin hay bù đổi luôn 16e mấy fen , tôi chỉ đắn đo 16e chip + ram ngon hơn xài lâu dài hơn
		
Click to expand...

Thay pin đi phen.
giờ con 16e sàn cam hết bán rồi à mấy anh?. đang tính ngắm 1 con backup mà giá ngoài sốp mắc quá.",https://voz.vn/t/review-chiec-iphone-16e-top-1-e-va-tranh-cai.1187836/page-8,
1187836,1679471,khongancomsuon,"Jan 27, 2026 at 12:16 PM","monokuro said:



			Bây h iphone 15 xài 2 năm pin còn 79%, nếu bù lên iphone 16e thì tầm 3 tr, thay pin thì 1.9 tr..., tôi cũng dùng đt như máy cơ bản thôi chứ chả có nhu cầu gì thì nên thay pin hay bù đổi luôn 16e mấy fen , tôi chỉ đắn đo 16e chip + ram ngon hơn xài lâu dài hơn
		
Click to expand...

anh có dùng viettel k )) . dùng thì chơi lock mạng viettel ấy. vote đổi",https://voz.vn/t/review-chiec-iphone-16e-top-1-e-va-tranh-cai.1187836/page-8,
1187836,4108,monokuro,"Jan 27, 2026 at 1:28 PM","sakuza.199x said:



			Thay pin đi phen.
giờ con 16e sàn cam hết bán rồi à mấy anh?. đang tính ngắm 1 con backup mà giá ngoài sốp mắc quá.
		
Click to expand...

Bữa h tìm k thấy nữa Fen ạ, giá ngoài shop bên cellphones tư vấn mua bản viettel + tiền cước 12 tháng mở khóa luôn, ai xài sim VT thì cái này có vẻ lợi vì coi như xài 5g tẹt ga 1 năm",https://voz.vn/t/review-chiec-iphone-16e-top-1-e-va-tranh-cai.1187836/page-8,
1187836,1049751,hieuhoazx,"Jan 27, 2026 at 1:46 PM","tui vừa mới múc 1 con hàng demo ở fpt shop có 11tr2 pin 100 sạc 41 lần, về thấy ám trên nền xám mà sáng ra shop tính bảo hành thì không thấy nữa, ảo thật :v",https://voz.vn/t/review-chiec-iphone-16e-top-1-e-va-tranh-cai.1187836/page-8,
1187836,1679471,khongancomsuon,"Jan 27, 2026 at 2:25 PM","hieuhoazx said:



			tui vừa mới múc 1 con hàng demo ở fpt shop có 11tr2 pin 100 sạc 41 lần, về thấy ám trên nền xám mà sáng ra shop tính bảo hành thì không thấy nữa, ảo thật :v
		
Click to expand...

vcl demo. demo nó bật full độ sáng.",https://voz.vn/t/review-chiec-iphone-16e-top-1-e-va-tranh-cai.1187836/page-8,
1187836,1049751,hieuhoazx,"Jan 27, 2026 at 3:06 PM","khongancomsuon said:



			vcl demo. demo nó bật full độ sáng.
		
Click to expand...

biết hàng 4` phạch rồi mà giá ok quá k cưỡng nổi",https://voz.vn/t/review-chiec-iphone-16e-top-1-e-va-tranh-cai.1187836/page-8,
1187836,1673982,thanhdonguyen01,"Jan 28, 2026 at 8:48 AM","monokuro said:



			Bữa h tìm k thấy nữa Fen ạ, giá ngoài shop bên cellphones tư vấn mua bản viettel + tiền cước 12 tháng mở khóa luôn, ai xài sim VT thì cái này có vẻ lợi vì coi như xài 5g tẹt ga 1 năm
		
Click to expand...

Đúng rồi thím
Đang cắm phát wifi nhưng hôm mạng nhà có vấn đề, đúng tẹt ga thật, dùng mãi không hết lưu lượng",https://voz.vn/t/review-chiec-iphone-16e-top-1-e-va-tranh-cai.1187836/page-8,
1187836,386948,long_nguyen,"Jan 28, 2026 at 8:56 AM","Lục Mạch-Thần Kiếm said:



			Mình dùng nhiều đời iphone rồi, từ 4s -> 16 promax, đổi liên tục (nhưng chủ yếu đổi cho vợ), nhưng mình chỉ mua hàng sau khi ra mắt 1-2 năm trở đi cho rẻ, ví dụ ra iphone 17 thì mua 15 hoặc 16.

Nay mới hạ cấp con iphone về con 16e, thì con này nhiều người chê và nhận xét không tốt, nhưng với quan điểm cá nhân của mình, thì mình thấy như sau:

Ưu điểm (chi tiết):
1. Nhỏ gọn - Như dòng 13/14 thường
2. Chip khỏe với giá tiền và kích thước
3. Máy siêu mát
4. Sóng điện thoại khỏe, vì có chip C1, rất thích hợp cho ai hay cắm đít ở nhà vệ sinh công ty, nơi thường 4G/5G yếu
5. Pin khỏe, mình dùng gần như 10 tiếng liên tục đủ tác vụ với wifi và không game.
6. Tai thỏ, mình thích hơn đảo động, vì đảo động nhìn ngứa mắt và nếu ngồi ở phòng sáng thì thấy nó có 2 nốt bị tách khỏi nhau
7. Không sợ đụng hàng vì bên ngoài kia toàn 2-3 mắt
8. Kiểu dáng đơn giản, không cầu kỳ, phù hợp với mình
9. Không kén cường lực vì viền khá dày, đa phần dòng 16 pro trở lên dán cường lực phải loại xịn, hoặc chấp nhận óng ánh 7  màu ở mép viền + bám đầy bụi
10. Dùng không cần nâng như nâng trứng như những máy đắt tiền, mình kỹ tính, nên chỉ cần 1 vết móp hay xước cũng sót ruột.
11. Loa nghe hay như ip 15, 16
12. Máy nhẹ nhàng, đút túi gọn và không mỏi tay


Nhược điểm (chê chi tiết):
1. Dĩ nhiên là màn hình 60hz, nhưng vì thế mới giúp pin khỏe hơn.
2. Viền màn hình dày, nhưng mình chấp nhận được, vì đeo ốp thì như nhau
3. Camera 1 mắt, nhưng mình ít chụp ảnh nên không quan trọng
4. Không có camera control, như nói ở trên, mình ít chụp nên không cần, và có camera control thì khi đeo ốp vào cầm không được chắc tay, vì chỗ đó nó cứ lỏng lỏng và trơn
5. Bị hạ xung CPU và cắt giảm nhân GPU, nhưng như mình nói, mình không game, không chạy app nặng nên vẫn thừa khỏe với mình


Nhưng nhiều thím nói mua con này là thừa tiền hoặc tiêu tiền ngu thì mình cũng xin ghi nhận.
		
Click to expand...

mình cũng đang quan tâm con này giống thớt, nhu cầu chỉ nhắn tin và app ngân hàng, đang lấn cấn vụ sóng sánh và 2 sim ổn định không, nhờ thým chủ cho xin thêm nhận xét về khoản này với.",https://voz.vn/t/review-chiec-iphone-16e-top-1-e-va-tranh-cai.1187836/page-8,
1187836,214168,KaneRuan,"Jan 28, 2026 at 8:56 AM","khongancomsuon said:



			sao thèn ốp bồ  k làm cái đt mặt lưng kim loại như ipad nhỉ 
cầm ipad mini ngon bome.
		
Click to expand...

cái thời iphone 4 làm lưng kính, tụi android nó bắt chước theo, xong đến lúc ra iphone 5/6/7 lưng kim loại đám android nó chuyển qua mặt lưng kính hết, apple bị chửi vì không làm dt lưng kính, đến khi ra iphone 8/x chuyển qua lưng kính thì bị chửi đi chậm so với thời đại.
giờ lại bị chửi vì không làm dt lưng kim loại, đúng là không biết sống sao mới vừa lòng )))))",https://voz.vn/t/review-chiec-iphone-16e-top-1-e-va-tranh-cai.1187836/page-8,
1187836,214168,KaneRuan,"Jan 28, 2026 at 8:59 AM","long_nguyen said:



			mình cũng đang quan tâm con này giống thớt, nhu cầu chỉ nhắn tin và app ngân hàng, đang lấn cấn vụ sóng sánh và 2 sim ổn định không, nhờ thým chủ cho xin thêm nhận xét về khoản này với.
		
Click to expand...

iphone bắt đầu hổ trợ 2 sim từ XS rồi, đến giờ đã qua 6-7 đời, cái này là tính năng cơ bản của 1 con dt nên không cần phải lăn tăn.",https://voz.vn/t/review-chiec-iphone-16e-top-1-e-va-tranh-cai.1187836/page-8,
1187836,386948,long_nguyen,"Jan 28, 2026 at 9:06 AM","KaneRuan said:



			iphone bắt đầu hổ trợ 2 sim từ XS rồi, đến giờ đã qua 6-7 đời, cái này là tính năng cơ bản của 1 con dt nên không cần phải lăn tăn.
		
Click to expand...

mình dùng 11 prm 1 esim + 1 sim vật lý, nhưng nó lag và quản lý 2 sim quá kém, gọi zalo rất thường bị gián đoạn, 10 cuộc gọi thì 9 cuộc bị",https://voz.vn/t/review-chiec-iphone-16e-top-1-e-va-tranh-cai.1187836/page-9,
1187836,214168,KaneRuan,"Jan 28, 2026 at 9:23 AM","long_nguyen said:



			mình dùng 11 prm 1 esim + 1 sim vật lý, nhưng nó lag và quản lý 2 sim quá kém, gọi zalo rất thường bị gián đoạn, 10 cuộc gọi thì 9 cuộc bị
		
Click to expand...

mình xài 2 sim từ lúc xs mới ra đến giờ rồi, cũng làm qua ở 1 vài cty sale ngta xài 2 iphone 4 sim mà
chưa thấy ai gặp tình trạng như bạn.
hiện tại mình cũng đang dùng 2 sim trên 13pro, sim chính nghe gọi bằng số - sim phụ data nghe gọi zalo mỗi ngày đây.",https://voz.vn/t/review-chiec-iphone-16e-top-1-e-va-tranh-cai.1187836/page-9,
1187836,386948,long_nguyen,"Jan 28, 2026 at 9:28 AM",quái lạ nhỉ,https://voz.vn/t/review-chiec-iphone-16e-top-1-e-va-tranh-cai.1187836/page-9,
1187836,1256302,BanhXe0_,"Jan 29, 2026 at 10:56 AM","giá giờ nhiu rồi, 10 củ quay đầu chắc ổn áp",https://voz.vn/t/review-chiec-iphone-16e-top-1-e-va-tranh-cai.1187836/page-9,
1187836,1452638,TsubasaHonda,"Jan 29, 2026 at 11:48 AM","đang dùng con 14 plus cũng 3 năm rồi dùng ổn mỗi tội bự quá, giờ muốn chuyển xuống màn nhỏ
đang phân vân 16e với 16 thường, nhu cầu chỉ dùng để cài app bank với mess zalo thôi thì chọn gì ta",https://voz.vn/t/review-chiec-iphone-16e-top-1-e-va-tranh-cai.1187836/page-9,
1187836,1588,SeiferAlmasy,"Jan 30, 2026 at 6:42 AM","Vẫn nằm trong top 10 bán chạy nhất thế giới dù bị chê ở VN. 
Hơn nhiều Flagship của Android.
Giống y chang lúc mấy con SE 1 2 3 ra mắt.",https://voz.vn/t/review-chiec-iphone-16e-top-1-e-va-tranh-cai.1187836/page-9,
1187836,104947,haiaukieuhanh,"Jan 31, 2026 at 10:06 AM","SeiferAlmasy said:



			Vẫn nằm trong top 10 bán chạy nhất thế giới dù bị chê ở VN. 
Hơn nhiều Flagship của Android.
Giống y chang lúc mấy con SE 1 2 3 ra mắt.

View attachment 3457737

Click to expand...

Chỉ cần bọn Nhật mua là cân cả thế giới rồi, bọn Nhật nó chuộng máy nhỏ đó lắm luôn nên lên top có gì lạ cả.",https://voz.vn/t/review-chiec-iphone-16e-top-1-e-va-tranh-cai.1187836/page-9,
1187836,561,Counter-Strike,"Jan 31, 2026 at 6:46 PM","SeiferAlmasy said:



			Vẫn nằm trong top 10 bán chạy nhất thế giới dù bị chê ở VN. 
Hơn nhiều Flagship của Android.
Giống y chang lúc mấy con SE 1 2 3 ra mắt.

View attachment 3457737

Click to expand...

bán chạy quá nên shopee hết hẳn hàng luôn rồi hả ta",https://voz.vn/t/review-chiec-iphone-16e-top-1-e-va-tranh-cai.1187836/page-9,
1187836,1673982,thanhdonguyen01,"Feb 1, 2026 at 12:52 AM","haiaukieuhanh said:



			Chỉ cần bọn Nhật mua là cân cả thế giới rồi, bọn Nhật nó chuộng máy nhỏ đó lắm luôn nên lên top có gì lạ cả.
		
Click to expand...










						Best Selling Phones in US 2025: Top Picks
					

Discover the best selling phones in the US market for 2025. Explore top brands like iPhone 17 and Samsung Galaxy S25, plus budget and senior-friendly options. Click to find your perfect match today!




					www.accio.com
				




Kể cả Mỹ cũng thế thôi
Chẳng phải Nhật mà bất cứ nơi nào thuận tiện thì họ dùng, mà 16e này thì đợt cuối năm nay Apple có chương trình hợp tác với nhà mạng, như Úc iPhone 16e bán còn 600 AUD (tương đương khoảng 11 triệu) thì đúng best p/p, lọt top bán chạy không lạ đâu
Có bên mình thì có vẻ không mặn mà lắm",https://voz.vn/t/review-chiec-iphone-16e-top-1-e-va-tranh-cai.1187836/page-9,
1187836,401828,manhcuong04,"Feb 1, 2026 at 4:20 PM","Cũng tính học theo bác chủ viết về con ip ế hiện tại là air mà lười quá 

via theNEXTvoz for iPhone",https://voz.vn/t/review-chiec-iphone-16e-top-1-e-va-tranh-cai.1187836/page-9,
1187836,1703804,Thang_97,"Feb 2, 2026 at 9:24 AM","manhcuong04 said:



			Cũng tính học theo bác chủ viết về con ip ế hiện tại là air mà lười quá 

via theNEXTvoz for iPhone

Click to expand...

Đợt này bên tàu đang sale off con Air nên dân tình xuống tiền mạnh lắm. Con air ở VN săn sale sàn cam giá còn rẻ hơn 17 thường thì lại ngon choét",https://voz.vn/t/review-chiec-iphone-16e-top-1-e-va-tranh-cai.1187836/page-9,
1187836,1588,SeiferAlmasy,"Feb 2, 2026 at 9:29 AM","Thang_97 said:



			Đợt này bên tàu đang sale off con Air nên dân tình xuống tiền mạnh lắm. Con air ở VN săn sale sàn cam giá còn rẻ hơn 17 thường thì lại ngon choét 

Click to expand...

Thấy cũng đang ngang giá con 17 thường thôi bác, xêm xêm 22trxxx.
Mà 3 tháng trước con Air này giá ngang với đám 17 Pro Max thế mà giờ bằng giá 17 thường.",https://voz.vn/t/review-chiec-iphone-16e-top-1-e-va-tranh-cai.1187836/page-9,
1187836,401828,manhcuong04,"Feb 2, 2026 at 10:07 AM","Thang_97 said:



			Đợt này bên tàu đang sale off con Air nên dân tình xuống tiền mạnh lắm. Con air ở VN săn sale sàn cam giá còn rẻ hơn 17 thường thì lại ngon choét 

Click to expand...

Mình cũng là nạn nhân của air giảm giá đây, h xung quanh cũng nhiều ng dùng rồi 

via theNEXTvoz for iPhone",https://voz.vn/t/review-chiec-iphone-16e-top-1-e-va-tranh-cai.1187836/page-9,
1187836,561,Counter-Strike,"Feb 2, 2026 at 4:03 PM","SeiferAlmasy said:



			Thấy cũng đang ngang giá con 17 thường thôi bác, xêm xêm 22trxxx.
Mà 3 tháng trước con Air này giá ngang với đám 17 Pro Max thế mà giờ bằng giá 17 thường. 

Click to expand...

làm gì có chuyện ngang pro max. Tiktok shop viettel tháng đầu tiên đã bán < 28-29 rồi cứ thế tụt dần dần tới giờ đó",https://voz.vn/t/review-chiec-iphone-16e-top-1-e-va-tranh-cai.1187836/page-9,
1187836,104947,haiaukieuhanh,"Feb 4, 2026 at 10:14 PM","manhcuong04 said:



			Cũng tính học theo bác chủ viết về con ip ế hiện tại là air mà lười quá 

via theNEXTvoz for iPhone

Click to expand...

Con Air nói thật phải fan chính hiệu mới dùng và khen được chứ đến mấy chị mấy bà ở cơ quan chỉ biết tới iP còn biết chê thì khỏi phải nói.",https://voz.vn/t/review-chiec-iphone-16e-top-1-e-va-tranh-cai.1187836/page-9,
1187836,401828,manhcuong04,"Feb 4, 2026 at 11:20 PM","haiaukieuhanh said:



			Con Air nói thật phải fan chính hiệu mới dùng và khen được chứ đến mấy chị mấy bà ở cơ quan chỉ biết tới iP còn biết chê thì khỏi phải nói.
		
Click to expand...

ip air là con ip thứ 2 t dùng sau ip 7+, trước đó t android fan dùng từ s1 đến s25U  . T thích con air vì  thiết kế, cảm giác cầm nắm và sử dụng. Mọi nhược điểm của nó đều đc khắc phục bằng con oppp x9pro máy phụ của t",https://voz.vn/t/review-chiec-iphone-16e-top-1-e-va-tranh-cai.1187836/page-9,
1187836,2119543,kuthien93,"Feb 5, 2026 at 1:40 AM","Mình dùng 16 Promax lướt shopee nóng kinh luôn tụt pin nhanh nữa , ko biết android có khác bọt ko ạ. Vì mình mua đồ shopee nhiều với lướt 1 ngày cũng nhiều mà dùng con 16 này nó khó chịu quá",https://voz.vn/t/review-chiec-iphone-16e-top-1-e-va-tranh-cai.1187836/page-9,
1187836,1052437,lethanhtuan2895,"Feb 5, 2026 at 12:52 PM","kuthien93 said:



			Mình dùng 16 Promax lướt shopee nóng kinh luôn tụt pin nhanh nữa , ko biết android có khác bọt ko ạ. Vì mình mua đồ shopee nhiều với lướt 1 ngày cũng nhiều mà dùng con 16 này nó khó chịu quá 

Click to expand...

android bấm xong mà nó còn ko phản hồi chuyển trang nữa luôn đó",https://voz.vn/t/review-chiec-iphone-16e-top-1-e-va-tranh-cai.1187836/page-9,
1187836,1427334,outlaw0703,"Feb 5, 2026 at 2:26 PM","long_nguyen said:



			mình dùng 11 prm 1 esim + 1 sim vật lý, nhưng nó lag và quản lý 2 sim quá kém, gọi zalo rất thường bị gián đoạn, 10 cuộc gọi thì 9 cuộc bị
		
Click to expand...

2 sim thì liên quan gì zalo phen",https://voz.vn/t/review-chiec-iphone-16e-top-1-e-va-tranh-cai.1187836/page-9,
1187836,2087646,Fang Eric,"Feb 9, 2026 at 2:21 PM","16e mdm hốt làm máy chính được ko mấy thím, có sợ icloud ẩn gì ko nhỉ. Với thường mấy thím mua ở đâu có giá tốt nhỉ",https://voz.vn/t/review-chiec-iphone-16e-top-1-e-va-tranh-cai.1187836/page-9,
1187836,1052437,lethanhtuan2895,"Feb 9, 2026 at 2:51 PM","Fang Eric said:



			16e mdm hốt làm máy chính được ko mấy thím, có sợ icloud ẩn gì ko nhỉ. Với thường mấy thím mua ở đâu có giá tốt nhỉ
		
Click to expand...

mdm là máy công ty mua từ apple để cho nhân viên dùng, nhân viên nghỉ việc tuồn ra bán, nhưng bản chất công ty đó có thể khoá máy từ xa được. Nghĩa là 1 ngày đẹp trời bác mở máy lên nó báo ""iphone không khả dụng"", đem quăng thùng rác chứ ko bẻ khoá được đâu. Mua dt ko nên dính vô hàng mdm, bypass, bởi vì sau này bác xài sẽ ko an tâm, mà thanh lý lại cũng bị kì kèo.",https://voz.vn/t/review-chiec-iphone-16e-top-1-e-va-tranh-cai.1187836/page-10,
1187836,2087646,Fang Eric,"Feb 9, 2026 at 3:44 PM","lethanhtuan2895 said:



			mdm là máy công ty mua từ apple để cho nhân viên dùng, nhân viên nghỉ việc tuồn ra bán, nhưng bản chất công ty đó có thể khoá máy từ xa được. Nghĩa là 1 ngày đẹp trời bác mở máy lên nó báo ""iphone không khả dụng"", đem quăng thùng rác chứ ko bẻ khoá được đâu. Mua dt ko nên dính vô hàng mdm, bypass, bởi vì sau này bác xài sẽ ko an tâm, mà thanh lý lại cũng bị kì kèo.
		
Click to expand...

thấy bypass mdm vĩnh viễn với trọn đời dc mà bác, nhưng hình như ko up ios dc thôi. Nhưng chắc cũng mua máy lướt vna cho rồi",https://voz.vn/t/review-chiec-iphone-16e-top-1-e-va-tranh-cai.1187836/page-10,
1187836,1052437,lethanhtuan2895,"Feb 9, 2026 at 3:51 PM","Fang Eric said:



			thấy bypass mdm vĩnh viễn với trọn đời dc mà bác, nhưng hình như ko up ios dc thôi. Nhưng chắc cũng mua máy lướt vna cho rồi
		
Click to expand...

văn phong mạnh miệng thế thôi chứ có chuyện xảy ra thì ai là người chịu.",https://voz.vn/t/review-chiec-iphone-16e-top-1-e-va-tranh-cai.1187836/page-10,
1187836,2181187,CloudGecko,"Feb 11, 2026 at 4:50 PM",Bao giờ về 5M thì cũng mua 1 con,https://voz.vn/t/review-chiec-iphone-16e-top-1-e-va-tranh-cai.1187836/page-10,
1187836,1086967,Bich Phuong Idol,"Feb 11, 2026 at 5:49 PM","Fang Eric said:



			thấy bypass mdm vĩnh viễn với trọn đời dc mà bác, nhưng hình như ko up ios dc thôi. Nhưng chắc cũng mua máy lướt vna cho rồi
		
Click to expand...


Rẻ hơn đc 1tr mà cả đời loanh quanh phụ thuộc thằng bán, nghĩ có đáng ko fen?",https://voz.vn/t/review-chiec-iphone-16e-top-1-e-va-tranh-cai.1187836/page-10,
1187836,2087646,Fang Eric,"Feb 11, 2026 at 7:48 PM","lethanhtuan2895 said:



			văn phong mạnh miệng thế thôi chứ có chuyện xảy ra thì ai là người chịu. 

Click to expand...




Bich Phuong Idol said:



			Rẻ hơn đc 1tr mà cả đời loanh quanh phụ thuộc thằng bán, nghĩ có đáng ko fen?
		
Click to expand...

chốt qua tết mua xiaomi 15 chính hãng rồi mấy fen, toàn diện quá, có cụm cam như cái bếp lò với hyper os ghẻ thôi còn lại thấy ổn áp phết",https://voz.vn/t/review-chiec-iphone-16e-top-1-e-va-tranh-cai.1187836/page-10,
1187836,1125827,Troller.FA,"Feb 11, 2026 at 10:10 PM","Cũng tính múc nhưng chả hơn gì so với 16 thường. Tính mình lại thích máy bé dưới 6inch, dòng mini thì pin hẻo quá. Nên vẫn dùng con 16 pro đợi sang năm

via theNEXTvoz for iPhone",https://voz.vn/t/review-chiec-iphone-16e-top-1-e-va-tranh-cai.1187836/page-10,
1187836,1889023,hnnhmu,"Feb 13, 2026 at 7:26 PM",Con ip16e giờ giá khoảng bao nhiêu thế các bác. Lươt chợ tốt thấy có bán nhỉnh 10tr liệu có thuốc ko? E đang tính mua 1 con về làm máy chính,https://voz.vn/t/review-chiec-iphone-16e-top-1-e-va-tranh-cai.1187836/page-10,
1187836,2025163,vietanhh,"Feb 13, 2026 at 7:28 PM","hieuhoazx said:



			tui vừa mới múc 1 con hàng demo ở fpt shop có 11tr2 pin 100 sạc 41 lần, về thấy ám trên nền xám mà sáng ra shop tính bảo hành thì không thấy nữa, ảo thật :v
		
Click to expand...

vl giá này hàng demo mà fen cũng mua cho được, VNA hàng sạc ít vài chục lần giá cũng tầm 11tr5 thôi",https://voz.vn/t/review-chiec-iphone-16e-top-1-e-va-tranh-cai.1187836/page-10,
1187836,2087646,Fang Eric,"Feb 13, 2026 at 7:51 PM","hnnhmu said:



			Con ip16e giờ giá khoảng bao nhiêu thế các bác. Lươt chợ tốt thấy có bán nhỉnh 10tr liệu có thuốc ko? E đang tính mua 1 con về làm máy chính
		
Click to expand...

10tr hàng LLA sạc loanh quanh 5x lần là đúng giá nhé thím. Còn vna thì 11.5tr như thím trên nói",https://voz.vn/t/review-chiec-iphone-16e-top-1-e-va-tranh-cai.1187836/page-10,
1187836,1889023,hnnhmu,"Feb 13, 2026 at 8:18 PM","Fang Eric said:



			10tr hàng LLA sạc loanh quanh 5x lần là đúng giá nhé thím. Còn vna thì 11.5tr như thím trên nói
		
Click to expand...

Cảm ơn bác nhé",https://voz.vn/t/review-chiec-iphone-16e-top-1-e-va-tranh-cai.1187836/page-10,
1187836,931789,st0wz,"Feb 20, 2026 at 2:26 PM","Fang Eric said:



			thấy bypass mdm vĩnh viễn với trọn đời dc mà bác, nhưng hình như ko up ios dc thôi. Nhưng chắc cũng mua máy lướt vna cho rồi
		
Click to expand...

Chia sẻ cá nhân thì mình dùng con iPad Pro M2 MDM cũng đc 2 năm hơn rồi, shop nó gửi luôn cái tool bypass MDM kèm. Dùng bình thường, 5G các thứ full, nâng cấp các thứ thoải mái. Reset dòng 2 hoặc thậm chí là đưa máy về DFU restore lại máy sạch thì cắm máy tính chạy tool bypass cái là xong. Trong 2 năm xài mình hay nghịch mấy bản iPadOS beta nên restore máy lại và bypass lại suốt và k thấy có gì trở ngại lắm.  Với giá hồi đó mua rẻ hơn máy bình thường tận 7tr5 thì thấy ổn  .",https://voz.vn/t/review-chiec-iphone-16e-top-1-e-va-tranh-cai.1187836/page-10,
1187836,2087646,Fang Eric,"Feb 20, 2026 at 3:00 PM","st0wz said:



			Chia sẻ cá nhân thì mình dùng con iPad Pro M2 MDM cũng đc 2 năm hơn rồi, shop nó gửi luôn cái tool bypass MDM kèm. Dùng bình thường, 5G các thứ full, nâng cấp các thứ thoải mái. Reset dòng 2 hoặc thậm chí là đưa máy về DFU restore lại máy sạch thì cắm máy tính chạy tool bypass cái là xong. Trong 2 năm xài mình hay nghịch mấy bản iPadOS beta nên restore máy lại và bypass lại suốt và k thấy có gì trở ngại lắm.  Với giá hồi đó mua rẻ hơn máy bình thường tận 7tr5 thì thấy ổn  .
		
Click to expand...

mới quất con reno 13 chính hãng bh 12 tháng 7tr3 rồi thím. Nhanh mượt pin trâu sạc nhanh mỏng nhẹ, cảm thấy quyết định thông thái hơn mua iphone hẳn",https://voz.vn/t/review-chiec-iphone-16e-top-1-e-va-tranh-cai.1187836/page-10,
1187836,1723794,Cảnh sát chìm 8 năm,"Feb 21, 2026 at 11:06 PM","Fang Eric said:



			10tr hàng LLA sạc loanh quanh 5x lần là đúng giá nhé thím. Còn vna thì 11.5tr như thím trên nói
		
Click to expand...

giá này bác lấy ở đâu ra vậy",https://voz.vn/t/review-chiec-iphone-16e-top-1-e-va-tranh-cai.1187836/page-10,
1187836,1771373,vtt9510,"Feb 24, 2026 at 1:14 PM","st0wz said:



			Chia sẻ cá nhân thì mình dùng con iPad Pro M2 MDM cũng đc 2 năm hơn rồi, shop nó gửi luôn cái tool bypass MDM kèm. Dùng bình thường, 5G các thứ full, nâng cấp các thứ thoải mái. Reset dòng 2 hoặc thậm chí là đưa máy về DFU restore lại máy sạch thì cắm máy tính chạy tool bypass cái là xong. Trong 2 năm xài mình hay nghịch mấy bản iPadOS beta nên restore máy lại và bypass lại suốt và k thấy có gì trở ngại lắm.  Với giá hồi đó mua rẻ hơn máy bình thường tận 7tr5 thì thấy ổn  .
		
Click to expand...

Bác cho em hỏi iphone mdm update ios có phải bypass lại không nhỉ",https://voz.vn/t/review-chiec-iphone-16e-top-1-e-va-tranh-cai.1187836/page-10,
1187836,931789,st0wz,"Feb 24, 2026 at 4:04 PM","iPhone mình k dùng nên k dám chắc. Còn con iPad của mình thì update bt, chỉ có reset dòng 2 hoặc restore lại máy thì cần cắm máy tính bypass thôi.

 



			
				Last edited: Feb 24, 2026",https://voz.vn/t/review-chiec-iphone-16e-top-1-e-va-tranh-cai.1187836/page-10,
1187836,1723794,Cảnh sát chìm 8 năm,"Feb 24, 2026 at 9:21 PM","Fang Eric said:



			chốt qua tết mua xiaomi 15 chính hãng rồi mấy fen, toàn diện quá, có cụm cam như cái bếp lò với hyper os ghẻ thôi còn lại thấy ổn áp phết 

Click to expand...

e xài Android 1 thời gian rồi, kể cả flashship nhưng cái OS nó chán quá. Thằng Xiaomi là trùm OS đểu",https://voz.vn/t/review-chiec-iphone-16e-top-1-e-va-tranh-cai.1187836/page-10,
1187836,1745204,Biden_joshep,"Feb 24, 2026 at 10:16 PM","Tôi dùng iphone chục năm chuyển sang dùng Android thích nhất cái nút back và 120hz của nó, nhưng có cái quá ngu học của Android là scroll quá nhanh, vuốt nhẹ 1 cái là cả page lao đi vun vút đâm ra rất khó đọc và vuốt mượt dc như iPHone.",https://voz.vn/t/review-chiec-iphone-16e-top-1-e-va-tranh-cai.1187836/page-10,
1187836,996849,mr.luke,"Feb 27, 2026 at 9:27 AM","Đang có kèo 16e gắn sim viettel xài bt còn mạng khác xài sim ghép là lock gì vậy mấy bác ? 

via theNEXTvoz for iPhone",https://voz.vn/t/review-chiec-iphone-16e-top-1-e-va-tranh-cai.1187836/page-10,
1187836,1320622,alliancefanboy,"Feb 27, 2026 at 5:09 PM","mr.luke said:



			Đang có kèo 16e gắn sim viettel xài bt còn mạng khác xài sim ghép là lock gì vậy mấy bác ?

via theNEXTvoz for iPhone

Click to expand...

Lock Viettel bác ạ",https://voz.vn/t/review-chiec-iphone-16e-top-1-e-va-tranh-cai.1187836/page-10,
1187836,996849,mr.luke,"Feb 27, 2026 at 11:01 PM","alliancefanboy said:



			Lock Viettel bác ạ
		
Click to expand...

shop báo giá 10c múc đc không bác,với máy lock vậy có vấn đề gì không tại mình chưa xài máy lock bao giờ",https://voz.vn/t/review-chiec-iphone-16e-top-1-e-va-tranh-cai.1187836/page-11,
1187836,656,Nothing31,"Feb 27, 2026 at 11:07 PM","mr.luke said:



			shop báo giá 10c múc đc không bác,với máy lock vậy có vấn đề gì không tại mình chưa xài máy lock bao giờ
		
Click to expand...

10c mà mua máy lock chi cho tội vậy
trong khi máy mới đập hộp có hơn 13tr bản 128Gb
Tầm này máy cũ nếu có cũng chỉ quanh 11tr là cùng",https://voz.vn/t/review-chiec-iphone-16e-top-1-e-va-tranh-cai.1187836/page-11,
1187836,1320622,alliancefanboy,"Feb 28, 2026 at 12:35 AM","mr.luke said:



			shop báo giá 10c múc đc không bác,với máy lock vậy có vấn đề gì không tại mình chưa xài máy lock bao giờ
		
Click to expand...

Bác dùng sim Viettel thì cứ lắp vào dùng như máy quốc tế còn dùng sim mạng khác thì không dùng được đâu. Bác cứ mang sim ra cửa hàng mà test cho chắc chắn",https://voz.vn/t/review-chiec-iphone-16e-top-1-e-va-tranh-cai.1187836/page-11,
1187836,1778639,Joker NA,"Feb 28, 2026 at 3:36 PM","mr.luke said:



			shop báo giá 10c múc đc không bác,với máy lock vậy có vấn đề gì không tại mình chưa xài máy lock bao giờ
		
Click to expand...

Lock Vịt teo này có giống lock mỹ ko mới là vấn đề?
Có nghe ai đó nói là nợ cước VT bị khóa cả máy luôn chứ ko phải khóa mỗi nhà mạng",https://voz.vn/t/review-chiec-iphone-16e-top-1-e-va-tranh-cai.1187836/page-11,
1187836,1052437,lethanhtuan2895,"Feb 28, 2026 at 6:16 PM","Joker NA said:



			Lock Vịt teo này có giống lock mỹ ko mới là vấn đề?
Có nghe ai đó nói là nợ cước VT bị khóa cả máy luôn chứ ko phải khóa mỗi nhà mạng
		
Click to expand...

y chang lock mỹ, nhật thôi mà, bị văng ra màn hình active sóng rồi mua sim ghép về ghép là lên sóng, đâu phải như samsung dùng ss finance nợ thanh toán nó deactive luôn thiết bị khỏi cho dùng, iphone lock ko cắm sim vẫn còn dùng như ipod touch được.",https://voz.vn/t/review-chiec-iphone-16e-top-1-e-va-tranh-cai.1187836/page-11,
1187836,1679471,khongancomsuon,"Mar 3, 2026 at 8:27 AM",17e ra rồi   lock viettel còn 13tr làđẹp kk,https://voz.vn/t/review-chiec-iphone-16e-top-1-e-va-tranh-cai.1187836/page-11,
1187836,2087646,Fang Eric,"Mar 3, 2026 at 8:42 AM","khongancomsuon said:



			17e ra rồi   lock viettel còn 13tr làđẹp kk
		
Click to expand...

16e về 8,9tr chắc cháy hàng mua không kịp",https://voz.vn/t/review-chiec-iphone-16e-top-1-e-va-tranh-cai.1187836/page-11,
1187836,2161766,hai_tung1990,"Mar 3, 2026 at 8:57 AM","khongancomsuon said:



			17e ra rồi   lock viettel còn 13tr làđẹp kk
		
Click to expand...

đọc post này e mới để ý là giờ ra 17e rồi, để lọ mọ lướt đọc tin thêm 
 
con 16e của e mới xong trả góp thì tin 17e ra mắt :",https://voz.vn/t/review-chiec-iphone-16e-top-1-e-va-tranh-cai.1187836/page-11,
1187836,425020,Zra,"Mar 3, 2026 at 11:34 AM","Fang Eric said:



			16e về 8,9tr chắc cháy hàng mua không kịp  

Click to expand...

Con 16e này giá cuối chắc 10.xx quá. Đợi nó xuống, tgdd giờ còn 15.9 éo hiểu. nhớ trước tết nó 13.9",https://voz.vn/t/review-chiec-iphone-16e-top-1-e-va-tranh-cai.1187836/page-11,
1187836,2087646,Fang Eric,"Mar 3, 2026 at 11:44 AM","Zra said:



			Con 16e này giá cuối chắc 10.xx quá. Đợi nó xuống, tgdd giờ còn 15.9 éo hiểu. nhớ trước tết nó 13.9
		
Click to expand...

giờ máy lướt loanh quanh 11.5 - 10.5 rồi thím, còn máy new thím mua sọp pe á. Giá tầm 13 đồng à",https://voz.vn/t/review-chiec-iphone-16e-top-1-e-va-tranh-cai.1187836/page-11,
1187836,2087646,Fang Eric,"Mar 3, 2026 at 11:45 AM","Zhou Ye said:



			a làm sao mà đau bằng tôi. Săn được con ipad gen 11 6tr3, tưởng ngon luôn, đm nó vừa nhận máy thì apple ra con gen12. Rõ ràng nó đời gen 11 nó vừa lên 2 đời chip, tăng 2gb ram r, tdn con này nó lại lên 2 đời chip, tăng 2gb ram tiếp mà nhiều khả năng giá giữ nguyên. Nay lên mấy shop trên shopee gỡ hết ipad rồi, chắc tuần sau có ipad mới trên shopee.
		
Click to expand...

đù, sao nghe con gen 12 specs lứng thế",https://voz.vn/t/review-chiec-iphone-16e-top-1-e-va-tranh-cai.1187836/page-11,
1187836,2087646,Fang Eric,"Mar 3, 2026 at 12:08 PM","Zhou Ye said:



			a18 8gb săn sale thường thường cỡ 7tr5 thì chả quá lứng. Khác gì con 16e nhưng màn to với mát hơn đâu
		
Click to expand...

ủa làm méo đã ra đâu anh, Chưa thấy release date mà",https://voz.vn/t/review-chiec-iphone-16e-top-1-e-va-tranh-cai.1187836/page-11,
1187836,1217593,tsclone,"Mar 3, 2026 at 2:47 PM","Cho em hỏi tầm 33-34 tr làm combo mac-ipad nào best pp hiện nay với
Em dự mac air m4 và ipad air m3",https://voz.vn/t/review-chiec-iphone-16e-top-1-e-va-tranh-cai.1187836/page-11,
1187836,1181468,HoQuangTuan,"Mar 3, 2026 at 4:15 PM","Zhou Ye said:



			a làm sao mà đau bằng tôi. Săn được con ipad gen 11 6tr3, tưởng ngon luôn, đm nó vừa nhận máy thì apple ra con gen12. Rõ ràng nó đời gen 11 nó vừa lên 2 đời chip, tăng 2gb ram r, tdn con này nó lại lên 2 đời chip, tăng 2gb ram tiếp mà nhiều khả năng giá giữ nguyên. Nay lên mấy shop trên shopee gỡ hết ipad rồi, chắc tuần sau có ipad mới trên shopee.
		
Click to expand...

Đợi ra rồi tính, tôi nghĩ con đó mới ra cũng phải 9-10tr chứ không dưới 8 đâu, mua được A16 6tr3 là thơm quá rồi",https://voz.vn/t/review-chiec-iphone-16e-top-1-e-va-tranh-cai.1187836/page-11,
1187836,425020,Zra,"Mar 3, 2026 at 6:45 PM","Fang Eric said:



			giờ máy lướt loanh quanh 11.5 - 10.5 rồi thím, còn máy new thím mua sọp pe á. Giá tầm 13 đồng à
		
Click to expand...

16e bị gỡ hết xuống khỏi shoppe rồi, tìm không còn nữa.",https://voz.vn/t/review-chiec-iphone-16e-top-1-e-va-tranh-cai.1187836/page-11,
1187836,1901062,luagapro,"Mar 4, 2026 at 10:00 AM","Zhou Ye said:



			Lên shopee gỡ hết ipad gen 11 r để ra gen 12. Tuần này ra đó anh
		
Click to expand...

Thấy vẫn còn nguyên mà?",https://voz.vn/t/review-chiec-iphone-16e-top-1-e-va-tranh-cai.1187836/page-11,
1187836,2161766,hai_tung1990,"Mar 4, 2026 at 10:30 AM",E vừa hỏi CellphoneS hqa thì max thu máy cũ 16e của e để lên đời 17e thì nó lấy lại 10tr850,https://voz.vn/t/review-chiec-iphone-16e-top-1-e-va-tranh-cai.1187836/page-11,
1187836,1901062,luagapro,"Mar 4, 2026 at 10:38 AM","Zhou Ye said:



			Xin link con wifi 128 ?
		
Click to expand...

Lên shopee là thấy, thách đố làm gì? Tôi có rảnh tìm ko công cho anh đâu?",https://voz.vn/t/review-chiec-iphone-16e-top-1-e-va-tranh-cai.1187836/page-11,
1187836,1901062,luagapro,"Mar 4, 2026 at 10:39 AM","Zhou Ye said:



			vì tôi đ thấy ?
		
Click to expand...

Vì anh mắt mù thôi, chứ giờ tôi gửi link được thì sao? Cả lazada lẫn shopee",https://voz.vn/t/review-chiec-iphone-16e-top-1-e-va-tranh-cai.1187836/page-11,
1187836,1901062,luagapro,"Mar 4, 2026 at 10:42 AM","Zhou Ye said:



			thì chia sẻ thôi, có cc gì mà như gái đến tháng vậy ? gửi link shopee wifi 128 đây ?
		
Click to expand...

Không có nhu cầu chia sẻ với thằng đã lười còn bảo thủ",https://voz.vn/t/review-chiec-iphone-16e-top-1-e-va-tranh-cai.1187836/page-11,
1187836,2161766,hai_tung1990,"Mar 4, 2026 at 10:46 AM","Zhou Ye said:



			Mấy con này mà không có trợ giá thu cũ đổi mới thì tự bán cho nhanh fen à. Mà giờ fen bán ngoài con 16e thì cũng bị ép giá có khi còn dưới giá kia
		
Click to expand...

e cũng hỏi thử thôi bác, tại cũng lăn tăn ko biết nên lên đời sớm ko? mới dùng 1 năm cũng ko làm gì nhiều chỉ gọi nghe nhắn tin thôi.
Form e trước giờ toàn xài hàng cấu hình cao giá rẻ của Iphone. Từ Se 1 2 3 (vẫn còn nguyên ở nhà để kỉ niệm) giờ tới 16e khi SE bị khai tử mà ko ngờ 17e ra sớm thế tưởng cách 2 năm thì thấy ổn hơn.",https://voz.vn/t/review-chiec-iphone-16e-top-1-e-va-tranh-cai.1187836/page-12,
1187836,1901062,luagapro,"Mar 4, 2026 at 10:46 AM","Zhou Ye said:



			Vì làm l có, bố thằng điên tự nhiên chẳng có gì tự nhiên vào sủa nhặng lên
		
Click to expand...

Nếu đã khẳng định không có, làm l gì có, thì sao lại không dám khi t bảo nếu tao gửi được thì sao?",https://voz.vn/t/review-chiec-iphone-16e-top-1-e-va-tranh-cai.1187836/page-12,
1187836,1901062,luagapro,"Mar 4, 2026 at 10:52 AM","Zhou Ye said:



			thì anh đúng  forum để chia sẻ kiến thức với thông tin chứ có cc gì đâu mà ra vẻ vậy ?có thì show ra cho anh em mua, có vậy thôi
		
Click to expand...

Vì mày tung thông tin rất giật gân và rất dễ kiểm chứng 
Rồi khi người ta nói, thì móc họng xin link 
Rồi chửi người khác điên, trong khi lời mày nói ra, mà không dám khẳng định
Mày không đủ tự tin với lời nói của mày? Đây ko phải vấn đề kiến thức tranh luận, mà nó đập thẳng vào mắt là trên shopee có bán hay không? Mày lười nhác tới mức ko thèm vào kiểm tra lại?",https://voz.vn/t/review-chiec-iphone-16e-top-1-e-va-tranh-cai.1187836/page-12,
1187836,1052437,lethanhtuan2895,"Mar 4, 2026 at 1:43 PM","Zhou Ye said:



			ừ anh win thế nhé. chúc 1 ngày tốt lành
		
Click to expand...

đúng là gỡ hết trên shopee bản a16 rẻ tiền nhất rồi wifi 128gb",https://voz.vn/t/review-chiec-iphone-16e-top-1-e-va-tranh-cai.1187836/page-12,
1187836,1901062,luagapro,"Mar 4, 2026 at 1:52 PM","lethanhtuan2895 said:



			đúng là gỡ hết trên shopee bản a16 rẻ tiền nhất rồi wifi 128gb 

Click to expand...

Vẫn thấy bán trên shopee, a16 wifi 128 gb, bớt fake news đi
P/s shopdunk official store sẽ thấy a16 wifi 128 to vl

 



			
				Last edited: Mar 4, 2026",https://voz.vn/t/review-chiec-iphone-16e-top-1-e-va-tranh-cai.1187836/page-12,
1187836,1052437,lethanhtuan2895,"Mar 4, 2026 at 2:08 PM","luagapro said:



			Vẫn thấy bán trên shopee, a16 wifi 128 gb, bớt fake news đi
P/s shopdunk official store sẽ thấy a16 wifi 128 to vl
		
Click to expand...

cái này là do tụi order huỷ hoặc F02 mới nhả ra, chứ ko phải hàng sẵn đẩy vô lại nha.


			https://shopee.vn/iPad-(A16)-11-inch-Wi-Fi-128GB-i.288286284.28279994666?extraParams=%7B%22display_model_id%22%3A242930591413%2C%22model_selection_logic%22%3A3%7D",https://voz.vn/t/review-chiec-iphone-16e-top-1-e-va-tranh-cai.1187836/page-12,
1187836,1901062,luagapro,"Mar 4, 2026 at 2:15 PM","lethanhtuan2895 said:



			cái này là do tụi order huỷ hoặc F02 mới nhả ra, chứ ko phải hàng sẵn đẩy vô lại nha.


			https://shopee.vn/iPad-(A16)-11-inch-Wi-Fi-128GB-i.288286284.28279994666?extraParams=%7B%22display_model_id%22%3A242930591413%2C%22model_selection_logic%22%3A3%7D
		


Click to expand...

Sáng nay tôi thấy khi mỉa mai anh kia, và bây giờ vẫn thấy
Các anh mắt toét lại cứ đổ tại",https://voz.vn/t/review-chiec-iphone-16e-top-1-e-va-tranh-cai.1187836/page-12,
1187836,1052437,lethanhtuan2895,"Mar 4, 2026 at 4:08 PM","luagapro said:



			Sáng nay tôi thấy khi mỉa mai anh kia, và bây giờ vẫn thấy
Các anh mắt toét lại cứ đổ tại
		
Click to expand...

mệt anh ghê, cái anh vừa thấy nó chỉ là hàng mấy acc bị f02 nó restock thôi chứ lại hết ngay ấy mà, đâu phải hàng có SL chục cái đâu. Nhưng mà thằng shopdunk bán có rẻ đâu mà mua. Quan trọng thằng apple flagship store bán rẻ nhất.",https://voz.vn/t/review-chiec-iphone-16e-top-1-e-va-tranh-cai.1187836/page-12,
1187836,168699,hoanglong0712,"Mar 6, 2026 at 3:32 PM","17e x2 dung lượn 256gb 12 củ soon , con này mới là máy phụ chân ái",https://voz.vn/t/review-chiec-iphone-16e-top-1-e-va-tranh-cai.1187836/page-12,
1187836,71504,20404667,"Mar 6, 2026 at 5:05 PM",Khuya hôm qua thấy shopee lên hàng 17e 15790,https://voz.vn/t/review-chiec-iphone-16e-top-1-e-va-tranh-cai.1187836/page-12,
1187836,2161766,hai_tung1990,"Mar 7, 2026 at 8:26 AM","20404667 said:



			Khuya hôm qua thấy shopee lên hàng 17e 15790 

Click to expand...

a đù rẻ thế",https://voz.vn/t/review-chiec-iphone-16e-top-1-e-va-tranh-cai.1187836/page-12,
1187836,1093154,shin14,"Mar 7, 2026 at 9:22 AM",nhưng vẫn to hơn con SE   e nghiện SE,https://voz.vn/t/review-chiec-iphone-16e-top-1-e-va-tranh-cai.1187836/page-12,
1187836,1642749,GengarReborn,"Mar 7, 2026 at 9:24 AM","mình đang tính cuối năm mua 17e, đúng nhu cầu là chạy ios + nhỏ gọn + pin tốt luôn  không giải trí trên smartphone nhiều nên cũng không quan tâm lắm",https://voz.vn/t/review-chiec-iphone-16e-top-1-e-va-tranh-cai.1187836/page-12,
1187836,71504,20404667,"Mar 7, 2026 at 3:05 PM","hai_tung1990 said:



			a đù rẻ thế  

Click to expand...

Trước mình cũng định mua con này mà Apple keo kiệt vẫn xài tai thỏ nên thôi thêm 7tr làm con Air",https://voz.vn/t/review-chiec-iphone-16e-top-1-e-va-tranh-cai.1187836/page-12,
1187836,1460811,tunxautrai12,"Mar 7, 2026 at 5:13 PM","Zhou Ye said:



			a làm sao mà đau bằng tôi. Săn được con ipad gen 11 6tr3, tưởng ngon luôn, đm nó vừa nhận máy thì apple ra con gen12. Rõ ràng nó đời gen 11 nó vừa lên 2 đời chip, tăng 2gb ram r, tdn con này nó lại lên 2 đời chip, tăng 2gb ram tiếp mà nhiều khả năng giá giữ nguyên. Nay lên mấy shop trên shopee gỡ hết ipad rồi, chắc tuần sau có ipad mới trên shopee.
		
Click to expand...

6tr3 rẻ thế lâu chưa bác, t mua 7tr1 từ t7 năm ngoái tưởng đáy rồi, nặng như gì ý, đang muốn đổi không biết giờ bán được bn",https://voz.vn/t/review-chiec-iphone-16e-top-1-e-va-tranh-cai.1187836/page-12,
1187836,1433644,askri79,"Mar 7, 2026 at 9:06 PM","Con 17e bao nhiêu thì húp được vậy mn?

Tính thay con ip 13, hợp lý không nhỉ?",https://voz.vn/t/review-chiec-iphone-16e-top-1-e-va-tranh-cai.1187836/page-12,
1187836,40018,myly,"Mar 7, 2026 at 11:04 PM","askri79 said:



			Con 17e bao nhiêu thì húp được vậy mn?

Tính thay con ip 13, hợp lý không nhỉ? 

Click to expand...

quá hợp lý luôn fen, con này dự là pin trâu hơn 17 thường",https://voz.vn/t/review-chiec-iphone-16e-top-1-e-va-tranh-cai.1187836/page-12,
1187836,298908,ngdhieu,"Mar 10, 2026 at 9:51 AM","Mình dùng SE 2016 làm máy phụ, không giải trí, chuyên dùng để nghe gọi và OTP.
Nhỏ gọn, nhẹ hơn cả 4S.",https://voz.vn/t/review-chiec-iphone-16e-top-1-e-va-tranh-cai.1187836/page-12,
1187836,1928133,55554444,"Mar 11, 2026 at 12:27 AM","askri79 said:



			Con 17e bao nhiêu thì húp được vậy mn?

Tính thay con ip 13, hợp lý không nhỉ? 

Click to expand...

đợi săn sale về giá 14 củ, chứ 15,16 củ con này ko đáng, tôi cũng định thay con iphone 13 lên ios 26 cấu hình ko đáp ứng nổi nữa",https://voz.vn/t/review-chiec-iphone-16e-top-1-e-va-tranh-cai.1187836/page-12,
1187836,1689010,Sangsmurf,"Mar 11, 2026 at 9:47 AM",con 16e lock thấy trên fb giờ còn 7 củ. ổn k các bác?,https://voz.vn/t/review-chiec-iphone-16e-top-1-e-va-tranh-cai.1187836/page-12,
1187836,2188602,Old School,"Mar 11, 2026 at 9:56 AM","Sangsmurf said:



			con 16e lock thấy trên fb giờ còn 7 củ. ổn k các bác?
		
Click to expand...

QT 9.5-10.5 thì sao mua lock làm gì thím, trừ khi máy đó dùng livestream hay dev.",https://voz.vn/t/review-chiec-iphone-16e-top-1-e-va-tranh-cai.1187836/page-13,
1187836,1411306,Kindle Fire HDX 8.9.1,"Mar 11, 2026 at 10:07 AM","Old School said:



			QT 9.5-10.5 thì sao mua lock làm gì thím, trừ khi máy đó dùng livestream hay dev.
		
Click to expand...

mua đâu đấy fren :3",https://voz.vn/t/review-chiec-iphone-16e-top-1-e-va-tranh-cai.1187836/page-13,
1187836,2188602,Old School,"Mar 11, 2026 at 10:11 AM","Kindle Fire HDX 8.9.1 said:



			mua đâu đấy fren :3
		
Click to expand...

Ở box đt hay trên fb (mấy thương gia uy tín) đầy mà. Nhưng chịu khó tìm và đợi, không được vội nếu chưa về hàng.

10.5 là bản sạc ít, đẹp như bóc hộp ấy, có khi còn được bản VN/A.

Tôi mới mua bản LL/A 3-4 tháng trước thì 11.5, giờ ra 17e nên giảm 16e rồi.",https://voz.vn/t/review-chiec-iphone-16e-top-1-e-va-tranh-cai.1187836/page-13,
1187836,1411306,Kindle Fire HDX 8.9.1,"Mar 11, 2026 at 10:12 AM","Old School said:



			Ở box đt hay trên fb (mấy thương gia uy tín) đầy mà. Nhưng chịu khó tìm và đợi, không được vội nếu chưa về hàng.

10.5 là bản sạc ít, đẹp như bóc hộp ấy, có khi còn được bản VN/A.

Tôi mới mua bản LL/A 3-4 tháng trước thì 11.5, giờ ra 17e nên giảm 16e rồi.
		
Click to expand...

Đang đợi con 17e 256 xem ntn. Mọi khi cứ nghĩ 128 thừa mứa mà bây h cái app qq nào cũng 3-4GB data trên ổ phình ra sợ quá.",https://voz.vn/t/review-chiec-iphone-16e-top-1-e-va-tranh-cai.1187836/page-13,
1187836,2188602,Old School,"Mar 11, 2026 at 10:14 AM","Kindle Fire HDX 8.9.1 said:



			Đang đợi con 17e 256 xem ntn. Mọi khi cứ nghĩ 128 thừa mứa mà bây h cái app qq nào cũng 3-4GB data trên ổ phình ra sợ quá.
		
Click to expand...

17e 256 thì tôi sẽ chọn 16 pro. Kể cả thêm ít tiền nữa.",https://voz.vn/t/review-chiec-iphone-16e-top-1-e-va-tranh-cai.1187836/page-13,
1187836,1532866,FuryX_VNU,"Mar 11, 2026 at 10:21 AM","hoanglong0712 said:



			17e x2 dung lượn 256gb 12 củ soon , con này mới là máy phụ chân ái
		
Click to expand...

18e có đảo động, 120hz mới là chân ái thím ơi",https://voz.vn/t/review-chiec-iphone-16e-top-1-e-va-tranh-cai.1187836/page-13,
1187836,1411306,Kindle Fire HDX 8.9.1,"Mar 11, 2026 at 10:32 AM","FuryX_VNU said:



			18e có đảo động, 120hz mới là chân ái thím ơi
		
Click to expand...

Đ có đâu bro. Giờ mà 16e 256 có lô nhập về chênh 1 củ là chọn luôn đỡ rách việc
cái 120hz ám sọc lắm",https://voz.vn/t/review-chiec-iphone-16e-top-1-e-va-tranh-cai.1187836/page-13,
1187836,1788529,PootisSpencer,"Mar 11, 2026 at 10:52 AM","Tầm này 16e 99% giá nhiêu các cụ nhỉ, xem giao trên fb tận 12tr đắt quá",https://voz.vn/t/review-chiec-iphone-16e-top-1-e-va-tranh-cai.1187836/page-13,
1187836,425020,Zra,"Mar 11, 2026 at 4:11 PM","PootisSpencer said:



			Tầm này 16e 99% giá nhiêu các cụ nhỉ, xem giao trên fb tận 12tr đắt quá
		
Click to expand...

Mua giang thương voz đó. 0 lần sạc thấy bán 11tr7. Tương lai chắc rớt về 11tr thì ngon.",https://voz.vn/t/review-chiec-iphone-16e-top-1-e-va-tranh-cai.1187836/page-13,
1187836,1382428,giaminh49,"Mar 11, 2026 at 4:38 PM","Zra said:



			Mua giang thương voz đó. 0 lần sạc thấy bán 11tr7. Tương lai chắc rớt về 11tr thì ngon.
		
Click to expand...

 Cửa hàng nào thế bạn? Có ở Hà Nội không?",https://voz.vn/t/review-chiec-iphone-16e-top-1-e-va-tranh-cai.1187836/page-13,
1187836,168699,hoanglong0712,"Mar 11, 2026 at 6:02 PM","Zra said:



			Mua giang thương voz đó. 0 lần sạc thấy bán 11tr7. Tương lai chắc rớt về 11tr thì ngon.
		
Click to expand...

rớt 10tr là 1 món quà luôn , đang đợi rớt dưới 10tr xúc 1 con làm máy phụ",https://voz.vn/t/review-chiec-iphone-16e-top-1-e-va-tranh-cai.1187836/page-13,
1187836,1747106,06h55m,"Mar 12, 2026 at 12:14 AM","Tầm này 13 pro max 256gb pin 78 bán được bn các thím nhỉ, mình đang tính đổi qua 16e.

via theNEXTvoz for iPhone",https://voz.vn/t/review-chiec-iphone-16e-top-1-e-va-tranh-cai.1187836/page-13,
1187836,1807245,DontBanMePls,"Mar 12, 2026 at 9:23 AM","chắc đợi 18e (hy vọng màn 120hz) thì xúc. Nhu cầu của tôi cũng như chủ thớt, nhưng mà 60hz thì khó thẩm nổi, quen mắt rồi, lướt 60hz nó giật thì thôi rồi",https://voz.vn/t/review-chiec-iphone-16e-top-1-e-va-tranh-cai.1187836/page-13,
1187836,71504,20404667,"Mar 12, 2026 at 9:26 AM","06h55m said:



			Tầm này 13 pro max 256gb pin 78 bán được bn các thím nhỉ, mình đang tính đổi qua 16e.

via theNEXTvoz for iPhone

Click to expand...

Để xài chứ 16e có gì ngon hơn 13pm đâu mà đổi",https://voz.vn/t/review-chiec-iphone-16e-top-1-e-va-tranh-cai.1187836/page-13,
1187836,214168,KaneRuan,"Mar 12, 2026 at 12:57 PM","06h55m said:



			Tầm này 13 pro max 256gb pin 78 bán được bn các thím nhỉ, mình đang tính đổi qua 16e.

via theNEXTvoz for iPhone

Click to expand...

vãi, ông đi thay pin cho con 13prm xài còn ngon hơn.",https://voz.vn/t/review-chiec-iphone-16e-top-1-e-va-tranh-cai.1187836/page-13,
1187836,425020,Zra,"Mar 12, 2026 at 1:23 PM","giaminh49 said:



			Cửa hàng nào thế bạn? Có ở Hà Nội không?
		
Click to expand...











HN
Post in thread 'Chuyên iPhone chất  Bảo hành 06 tháng lỗi 1 đổi 1 cả nguồn, cảm ứng, face id !'


Jan 25, 2026




Có mấy chiếc máy chất siêu mới giá ok ạ
16e 128Gb sạc 1 lần: 11tr700
17 256 Xanh lưu ly sạc 3 lần: 21tr600
17 Air Xanh blue sạc 1 lần: 22tr500





via theNEXTvoz for iPhone





iamstven






Nè fen, hình như bác này ở HN. Mà hết đợt rồi, đang đợi đợt hàng mới.",https://voz.vn/t/review-chiec-iphone-16e-top-1-e-va-tranh-cai.1187836/page-13,
1187836,2146064,private shadow,"Mar 12, 2026 at 1:57 PM","Zra said:












HN
Post in thread 'Chuyên iPhone chất  Bảo hành 06 tháng lỗi 1 đổi 1 cả nguồn, cảm ứng, face id !'


Jan 25, 2026




Có mấy chiếc máy chất siêu mới giá ok ạ
16e 128Gb sạc 1 lần: 11tr700
17 256 Xanh lưu ly sạc 3 lần: 21tr600
17 Air Xanh blue sạc 1 lần: 22tr500





via theNEXTvoz for iPhone





iamstven






Nè fen, hình như bác này ở HN. Mà hết đợt rồi, đang đợi đợt hàng mới.
		
Click to expand...

tui thắc mắc mấy máy này ở đâu ra nhỉ, toàn sạc 1 2 lần rồi đổi máy à",https://voz.vn/t/review-chiec-iphone-16e-top-1-e-va-tranh-cai.1187836/page-13,
1187836,425020,Zra,"Mar 12, 2026 at 2:00 PM","private shadow said:



			tui thắc mắc mấy máy này ở đâu ra nhỉ, toàn sạc 1 2 lần rồi đổi máy à
		
Click to expand...

Tui chỉ biết mã LLA này từ thị trường mỹ thôi. Có thể là các hàng refurbished của apple giá rẻ hơn, iphone ở bển deal khủng lắm.",https://voz.vn/t/review-chiec-iphone-16e-top-1-e-va-tranh-cai.1187836/page-13,
1187836,1672770,Ông Giáo Già,"Mar 12, 2026 at 10:41 PM","Mới đặt con 17e trên sọp pe giá 15.790k để máy về tôi review cho các thím. 

via theNEXTvoz for iPhone",https://voz.vn/t/review-chiec-iphone-16e-top-1-e-va-tranh-cai.1187836/page-13,
1187836,1219842,clonelandau,"Mar 13, 2026 at 2:34 PM","Ông Giáo Già said:



			Mới đặt con 17e trên sọp pe giá 15.790k để máy về tôi review cho các thím.

via theNEXTvoz for iPhone

Click to expand...

đặt shop nào giá tốt thế mai fence ? Hqua ngó thấy toàn 17tr",https://voz.vn/t/review-chiec-iphone-16e-top-1-e-va-tranh-cai.1187836/page-13,
1187836,1672770,Ông Giáo Già,"Mar 13, 2026 at 2:36 PM","clonelandau said:



			đặt shop nào giá tốt thế mai fence ? Hqua ngó thấy toàn 17tr
		
Click to expand...

viettel á fen hôm qua nó cho áp mã 14% max 2.5tr nên có giá đó hôm nay áp dc mã 10% tối đa 3tr giá còn 16tr4",https://voz.vn/t/review-chiec-iphone-16e-top-1-e-va-tranh-cai.1187836/page-14,
1187836,996849,mr.luke,"Mar 13, 2026 at 5:07 PM","Ông Giáo Già said:



			viettel á fen hôm qua nó cho áp mã 14% max 2.5tr nên có giá đó hôm nay áp dc mã 10% tối đa 3tr giá còn 16tr4
		
Click to expand...

Giá này đáy chưa bác,cũng đang tính làm con 

via theNEXTvoz for iPhone",https://voz.vn/t/review-chiec-iphone-16e-top-1-e-va-tranh-cai.1187836/page-14,
1187836,1672770,Ông Giáo Già,"Mar 13, 2026 at 9:50 PM","mr.luke said:



			Giá này đáy chưa bác,cũng đang tính làm con 

via theNEXTvoz for iPhone

Click to expand...

Đáy hiện tại rồi fen, thấy mấy group đăng thì chưa có giá thấp hơn. Canh sales mà mua thôi

via theNEXTvoz for iPhone",https://voz.vn/t/review-chiec-iphone-16e-top-1-e-va-tranh-cai.1187836/page-14,
1187836,71504,20404667,"Mar 14, 2026 at 7:52 AM","Thấy có bác mua 17e đáy là 15290 nhé, mai 15-3 canh sale xem sao",https://voz.vn/t/review-chiec-iphone-16e-top-1-e-va-tranh-cai.1187836/page-14,
1187836,886543,cugia1991,"Mar 16, 2026 at 1:25 PM","Tiền như nhau thì lấy 15 pro hay 16e mấy b ?
Chỉ dùng nghe gọi và dẫn đường qua CarPlay. Con 13 mini bắt đầu lag quá rồi


via theNEXTvoz for iPhone",https://voz.vn/t/review-chiec-iphone-16e-top-1-e-va-tranh-cai.1187836/page-14,
1187836,561,Counter-Strike,"Mar 16, 2026 at 1:43 PM","cugia1991 said:



			Tiền như nhau thì lấy 15 pro hay 16e mấy b ?
Chỉ dùng nghe gọi và dẫn đường qua CarPlay. Con 13 mini bắt đầu lag quá rồi


via theNEXTvoz for iPhone

Click to expand...

Thuần nghe gọi và carplay thì chả khác mấy. Nếu dùng carplay ko dây thì nên ưu tiên pin trâu hơn vì mình vừa đổi từ 17 pro max qua ip air dùng carplay ko dây thấy nóng máy và tụt pin nhanh quá",https://voz.vn/t/review-chiec-iphone-16e-top-1-e-va-tranh-cai.1187836/page-14,
1187836,886543,cugia1991,"Mar 16, 2026 at 1:44 PM","Counter-Strike said:



			Thuần nghe gọi và carplay thì chả khác mấy. Nếu dùng carplay ko dây thì nên ưu tiên pin trâu hơn vì mình vừa đổi từ 17 pro max qua ip air dùng carplay ko dây thấy nóng máy và tụt pin nhanh quá
		
Click to expand...

Ko dây thì húp con nào fen ? 

via theNEXTvoz for iPhone",https://voz.vn/t/review-chiec-iphone-16e-top-1-e-va-tranh-cai.1187836/page-14,
1187836,1788529,PootisSpencer,"Mar 16, 2026 at 1:46 PM","cugia1991 said:



			Tiền như nhau thì lấy 15 pro hay 16e mấy b ?
Chỉ dùng nghe gọi và dẫn đường qua CarPlay. Con 13 mini bắt đầu lag quá rồi


via theNEXTvoz for iPhone

Click to expand...

Thím mua ở đâu có giá 15 pro = 16e thế?",https://voz.vn/t/review-chiec-iphone-16e-top-1-e-va-tranh-cai.1187836/page-14,
1187836,886543,cugia1991,"Mar 16, 2026 at 1:47 PM","PootisSpencer said:



			Thím mua ở đâu có giá 15 pro = 16e thế?
		
Click to expand...

Cũ thôi thím. Mình mua ở jav. 

via theNEXTvoz for iPhone",https://voz.vn/t/review-chiec-iphone-16e-top-1-e-va-tranh-cai.1187836/page-14,
1187836,886543,cugia1991,"Mar 16, 2026 at 1:48 PM","wcheckerviet said:



			Cam, chip 15pro vẫn xịn hơn
Tội gì lấy con 16e
		
Click to expand...

Mình ko quan tâm lắm đến mấy cái đó fen. 

via theNEXTvoz for iPhone",https://voz.vn/t/review-chiec-iphone-16e-top-1-e-va-tranh-cai.1187836/page-14,
1187836,561,Counter-Strike,"Mar 16, 2026 at 2:01 PM","cugia1991 said:



			Ko dây thì húp con nào fen ?

via theNEXTvoz for iPhone

Click to expand...

Ưu tiên tản nhiệt + pin trâu kiểu 17 pro max. Mấy nay mình phải cắm dây chứ con ip air lái xe vài tiếng mà dùng ko dây nó chịu ko thấu",https://voz.vn/t/review-chiec-iphone-16e-top-1-e-va-tranh-cai.1187836/page-14,
1187836,1807245,DontBanMePls,"Mar 17, 2026 at 12:26 PM","chờ dòng e mà màn 120hz thì mua.
chứ đang ở 120hz chuyển qua 60hz tức mắt quá. Cầm cái ip13 của ông anh lướt mà nản",https://voz.vn/t/review-chiec-iphone-16e-top-1-e-va-tranh-cai.1187836/page-14,
1187836,561,Counter-Strike,"Mar 17, 2026 at 12:30 PM","DontBanMePls said:



			chờ dòng e mà màn 120hz thì mua.
chứ đang ở 120hz chuyển qua 60hz tức mắt quá. Cầm cái ip13 của ông anh lướt mà nản
		
Click to expand...

Chắc còn lâu lắm á",https://voz.vn/t/review-chiec-iphone-16e-top-1-e-va-tranh-cai.1187836/page-14,
1187836,40018,myly,"Mar 17, 2026 at 1:11 PM",ông nào ko phân biệt đc 120Hz với 60Hz chắc mắt toét. Tôi cận 5 độ còn thấy rõ ràng,https://voz.vn/t/review-chiec-iphone-16e-top-1-e-va-tranh-cai.1187836/page-14,
1187836,2039669,Ngộ Thế,"Mar 18, 2026 at 9:03 AM","17e Best Choice trong tầm giá, đã mua và sử dụng được 3 ngày, với nhu cầu cơ bản thì con 17e đáp ứng quá tốt so với nhu cầu, chắc sài tầm 7~8 năm nữa mới thay máy mới, pin sài quá tốt so với một máy nhỏ nhẹ, dung lượng 256GB vừa đủ, dùng quen màn 60hz nên không phải vấn đề chính vì mình xài từ em ip12, chip A19 tối ưu hiệu năng nên con máy rất mát, mình dùng nhân trần sài cả ngày không có cảm giác nóng máy, mình không chụp hình nhiều nên 1 cam là đủ, nhìn thiết kế 1 cam đơn giản mà đẹp đối với mình, với tầm giá 15tr790 trên sàn cam thì mình thấy vừa túi tiền bỏ ra, em này xuống mức giá 13tr thì là một món hời cho một em máy mới ""mạnh, mượt, bền""",https://voz.vn/t/review-chiec-iphone-16e-top-1-e-va-tranh-cai.1187836/page-14,
1187836,40018,myly,"Mar 18, 2026 at 9:22 AM","Ngộ Thế said:



			17e Best Choice trong tầm giá, đã mua và sử dụng được 3 ngày, với nhu cầu cơ bản thì con 17e đáp ứng quá tốt so với nhu cầu, chắc sài tầm 7~8 năm nữa mới thay máy mới, pin sài quá tốt so với một máy nhỏ nhẹ, dung lượng 256GB vừa đủ, dùng quen màn 60hz nên không phải vấn đề chính vì mình xài từ em ip12, chip A19 tối ưu hiệu năng nên con máy rất mát, mình dùng nhân trần sài cả ngày không có cảm giác nóng máy, mình không chụp hình nhiều nên 1 cam là đủ, nhìn thiết kế 1 cam đơn giản mà đẹp đối với mình, với tầm giá 15tr790 trên sàn cam thì mình thấy vừa túi tiền bỏ ra, em này xuống mức giá 13tr thì là một món hời cho một em máy mới ""mạnh, mượt, bền""
		
Click to expand...

mấy bữa đầu mở bán thấy có giá 15tr790k, mà giờ tăng giá lại rồi, toàn thấy 16x, x từ 3 trở lên",https://voz.vn/t/review-chiec-iphone-16e-top-1-e-va-tranh-cai.1187836/page-14,
1187836,2039669,Ngộ Thế,"Mar 18, 2026 at 9:35 AM","myly said:



			mấy bữa đầu mở bán thấy có giá 15tr790k, mà giờ tăng giá lại rồi, toàn thấy 16x, x từ 3 trở lên 

Click to expand...

hôm qua thấy sàn cam bán 15tr800, bạn thử canh xem có về mức giá phù hợp không, mình thấy mở bán hết nhanh lắm vì lên có ít máy, thấy vừa có giá tốt là hết hàng liền",https://voz.vn/t/review-chiec-iphone-16e-top-1-e-va-tranh-cai.1187836/page-14,
1187836,40018,myly,"Mar 18, 2026 at 10:11 AM","Ngộ Thế said:



			hôm qua thấy sàn cam bán 15tr800, bạn thử canh xem có về mức giá phù hợp không, mình thấy mở bán hết nhanh lắm vì lên có ít máy, thấy vừa có giá tốt là hết hàng liền
		
Click to expand...

tầm mấy h vậy fen, mình check 0h thường ko thấy",https://voz.vn/t/review-chiec-iphone-16e-top-1-e-va-tranh-cai.1187836/page-14,
1187836,2039669,Ngộ Thế,"Mar 18, 2026 at 10:12 AM","myly said:



			tầm mấy h vậy fen, mình check 0h thường ko thấy
		
Click to expand...

hôm qua thấy tầm 8h~10h",https://voz.vn/t/review-chiec-iphone-16e-top-1-e-va-tranh-cai.1187836/page-14,
1187836,425020,Zra,"Mar 18, 2026 at 1:49 PM","Viettel nó xả hàng hay nhầm lẫn gì ta ?
Lock viettel nhưng không cần trả thêm hàng tháng, khá ngon.",https://voz.vn/t/review-chiec-iphone-16e-top-1-e-va-tranh-cai.1187836/page-14,
1187836,756652,trivu11,"Mar 18, 2026 at 2:16 PM","Zra said:



View attachment 3521549
Viettel nó xả hàng hay nhầm lẫn gì ta ?
Lock viettel nhưng không cần trả thêm hàng tháng, khá ngon.
		
Click to expand...

đù, ngon vậy  
Ko biết còn hàng tới ngày sale 28 ko",https://voz.vn/t/review-chiec-iphone-16e-top-1-e-va-tranh-cai.1187836/page-15,
1187836,1606777,ePubc,"Mar 18, 2026 at 2:22 PM","Zra said:



View attachment 3521549
Viettel nó xả hàng hay nhầm lẫn gì ta ?
Lock viettel nhưng không cần trả thêm hàng tháng, khá ngon.
		
Click to expand...

Giá thơm nhỉ",https://voz.vn/t/review-chiec-iphone-16e-top-1-e-va-tranh-cai.1187836/page-15,
1187836,1283924,dunglamanhdaunhaem,"Mar 18, 2026 at 2:36 PM",bên trên có thím nào bảo cái con 16e locl viettel kể cả giờ có trả trước luôn 1 năm dịch vụ để đc dùng SIM mạng khác cũng ko được có phải vậy ko ta,https://voz.vn/t/review-chiec-iphone-16e-top-1-e-va-tranh-cai.1187836/page-15,
1187836,1778639,Joker NA,"Mar 18, 2026 at 3:51 PM","Zra said:



View attachment 3521549
Viettel nó xả hàng hay nhầm lẫn gì ta ?
Lock viettel nhưng không cần trả thêm hàng tháng, khá ngon.
		
Click to expand...

Dùng mỗi sim vịt teo mà giá đó cũng yêu luôn
Mình ra giá 11tr751k",https://voz.vn/t/review-chiec-iphone-16e-top-1-e-va-tranh-cai.1187836/page-15,
1187836,756652,trivu11,"Mar 18, 2026 at 3:54 PM","DontBanMePls said:



			chờ dòng e mà màn 120hz thì mua.
chứ đang ở 120hz chuyển qua 60hz tức mắt quá. Cầm cái ip13 của ông anh lướt mà nản
		
Click to expand...

Lâu lắm nó mới nhét cho bản base màn 120hz 
18e chắc nó cũng chỉ nhét cho màn hình viên thuốc. Tới 19e mới có hy vọng 120hz",https://voz.vn/t/review-chiec-iphone-16e-top-1-e-va-tranh-cai.1187836/page-15,
1187836,71504,20404667,"Mar 19, 2026 at 1:10 AM","Counter-Strike said:



			Ưu tiên tản nhiệt + pin trâu kiểu 17 pro max. Mấy nay mình phải cắm dây chứ con ip air lái xe vài tiếng mà dùng ko dây nó chịu ko thấu
		
Click to expand...

Muốn xài carplay ko dây thì bắt buộc phải xài sạc ko dây magsafe thôi, mua cái đế đặt ngay cửa gió cho mát mẻ, lên xe hít cái kịt là xong khỏi lo pin bọt",https://voz.vn/t/review-chiec-iphone-16e-top-1-e-va-tranh-cai.1187836/page-15,
1187836,19172,volunteersvn,"Mar 19, 2026 at 7:49 AM","Tính ra đt cầm nắm ổn, ko quá to, ko quá bé.

 


Attachments








20260319_074800.webp

					294.9 KB
					
					· Views: 10",https://voz.vn/t/review-chiec-iphone-16e-top-1-e-va-tranh-cai.1187836/page-15,
1187836,561,Counter-Strike,"Mar 19, 2026 at 8:18 AM","20404667 said:



			Muốn xài carplay ko dây thì bắt buộc phải xài sạc ko dây magsafe thôi, mua cái đế đặt ngay cửa gió cho mát mẻ, lên xe hít cái kịt là xong khỏi lo pin bọt
		
Click to expand...

Xe có sạc ko dây 15w rồi. Nhưng dùng airplay ko dây với 17 pro max đúng là quá dư dả thích thật",https://voz.vn/t/review-chiec-iphone-16e-top-1-e-va-tranh-cai.1187836/page-15,
1187836,1072894,sakuza.199x,"Mar 19, 2026 at 8:35 AM","dunglamanhdaunhaem said:



			bên trên có thím nào bảo cái con 16e locl viettel kể cả giờ có trả trước luôn 1 năm dịch vụ để đc dùng SIM mạng khác cũng ko được có phải vậy ko ta
		
Click to expand...

Tui đó ông. Mà sáng qua lướt sàn cam thấy giá giảm nên hỏi shop vịt teo tren đó họ bảo chỉ cần sim vịt teo gắn zô là ok nên quất luôn. Giá như hình bác phía trên. Để xí zô xem còn ko mua cái nữa.",https://voz.vn/t/review-chiec-iphone-16e-top-1-e-va-tranh-cai.1187836/page-15,
1187836,1072894,sakuza.199x,"Mar 19, 2026 at 8:35 AM","volunteersvn said:



			Tính ra đt cầm nắm ổn, ko quá to, ko quá bé.
		
Click to expand...

Mấy hôm là hàng về vậy bác?",https://voz.vn/t/review-chiec-iphone-16e-top-1-e-va-tranh-cai.1187836/page-15,
1187836,996849,mr.luke,"Mar 19, 2026 at 8:53 AM","sakuza.199x said:



			Tui đó ông. Mà sáng qua lướt sàn cam thấy giá giảm nên hỏi shop vịt teo tren đó họ bảo chỉ cần sim vịt teo gắn zô là ok nên quất luôn. Giá như hình bác phía trên. Để xí zô xem còn ko mua cái nữa.
View attachment 3522693

Click to expand...

Đặt 17e xong mới thấy cái deal này 
Mà mấy bác mua bên viettel mấy ngày mới nhận được hàng vậy,mình mua hôm 15 mà hôm nay mới thấy chuẩn bị hàng 

via theNEXTvoz for iPhone",https://voz.vn/t/review-chiec-iphone-16e-top-1-e-va-tranh-cai.1187836/page-15,
1187836,425020,Zra,"Mar 19, 2026 at 9:29 AM","sakuza.199x said:



			Tui đó ông. Mà sáng qua lướt sàn cam thấy giá giảm nên hỏi shop vịt teo tren đó họ bảo chỉ cần sim vịt teo gắn zô là ok nên quất luôn. Giá như hình bác phía trên. Để xí zô xem còn ko mua cái nữa.
View attachment 3522693

Click to expand...

Fen xài mã nào ngon vậy, vừa mới vào thấy 12tr3
Giá này vã chết mấy mã LLA",https://voz.vn/t/review-chiec-iphone-16e-top-1-e-va-tranh-cai.1187836/page-15,
1187836,1072894,sakuza.199x,"Mar 19, 2026 at 10:33 AM","mr.luke said:



			Đặt 17e xong mới thấy cái deal này 
Mà mấy bác mua bên viettel mấy ngày mới nhận được hàng vậy,mình mua hôm 15 mà hôm nay mới thấy chuẩn bị hàng 

via theNEXTvoz for iPhone

Click to expand...

thím hỏi bác phía trên nhận máy rồi ý, chứ mình mới đặt mà. Hỏi shop trước khi đặt thì shop bảo 2-4 ngày. Mua 1 cặp cho phụ huynh xài để facetime với con cháu là tiện lắm.",https://voz.vn/t/review-chiec-iphone-16e-top-1-e-va-tranh-cai.1187836/page-15,
1187836,1072894,sakuza.199x,"Mar 19, 2026 at 10:34 AM","Zra said:



			Fen xài mã nào ngon vậy, vừa mới vào thấy 12tr3
Giá này vã chết mấy mã LLA
		
Click to expand...

Không để ý luôn phen ơi. thấy giá cuối trong giỏ hàng nó thế nên đặt luôn.",https://voz.vn/t/review-chiec-iphone-16e-top-1-e-va-tranh-cai.1187836/page-15,
1187836,425020,Zra,"Mar 19, 2026 at 10:36 AM","sakuza.199x said:



			Không để ý luôn phen ơi. thấy giá cuối trong giỏ hàng nó thế nên đặt luôn.
		
Click to expand...

Giá này siêu ngon.

Nào hàng về fen add thử sim viettel vào esim xem sao ?
Tui nhớ bản lock viettel nó add sẳn 1 sim vào esim.




Viettel mới note thêm vào.

 



			
				Last edited: Mar 19, 2026",https://voz.vn/t/review-chiec-iphone-16e-top-1-e-va-tranh-cai.1187836/page-15,
1187836,40018,myly,"Mar 19, 2026 at 11:46 AM","Zra said:



			Giá này siêu ngon.

Nào hàng về fen add thử sim viettel vào esim xem sao ?
Tui nhớ bản lock viettel nó add sẳn 1 sim vào esim.
View attachment 3522954
Viettel mới note thêm vào.
		
Click to expand...

ko biết xài 1 sim viettel, 1 sim mạng khác được khôg nhỉ",https://voz.vn/t/review-chiec-iphone-16e-top-1-e-va-tranh-cai.1187836/page-15,
1187836,425020,Zra,"Mar 19, 2026 at 11:52 AM","myly said:



			ko biết xài 1 sim viettel, 1 sim mạng khác được khôg nhỉ
		
Click to expand...

theo tui nhớ là nó lock cái esim đó nhưng sim vật lý thì lại dùng nhà mạng khác được.",https://voz.vn/t/review-chiec-iphone-16e-top-1-e-va-tranh-cai.1187836/page-15,
1187836,561,Counter-Strike,"Mar 19, 2026 at 11:56 AM","Zra said:



			theo tui nhớ là nó lock cái esim đó nhưng sim vật lý thì lại dùng nhà mạng khác được.
		
Click to expand...

lock 1 nửa à",https://voz.vn/t/review-chiec-iphone-16e-top-1-e-va-tranh-cai.1187836/page-15,
1187836,19172,volunteersvn,"Mar 19, 2026 at 12:23 PM","sakuza.199x said:



			Mấy hôm là hàng về vậy bác?
		
Click to expand...

Mình mua cho cháu, dẫn ra thẳng VT mua. Nay mới thấy lock vt pee, tiếc ghê.",https://voz.vn/t/review-chiec-iphone-16e-top-1-e-va-tranh-cai.1187836/page-15,
1187836,756652,trivu11,"Mar 19, 2026 at 2:26 PM","sakuza.199x said:



			Tui đó ông. Mà sáng qua lướt sàn cam thấy giá giảm nên hỏi shop vịt teo tren đó họ bảo chỉ cần sim vịt teo gắn zô là ok nên quất luôn. Giá như hình bác phía trên. Để xí zô xem còn ko mua cái nữa.
View attachment 3522693

Click to expand...

Đang xài 2 sim, chính Viettel thì ko lo, còn sim phụ Mobi của cty nữa. Sáng giờ cứ phân vân",https://voz.vn/t/review-chiec-iphone-16e-top-1-e-va-tranh-cai.1187836/page-15,
1187836,756652,trivu11,"Mar 19, 2026 at 2:27 PM","Zra said:



			theo tui nhớ là nó lock cái esim đó nhưng sim vật lý thì lại dùng nhà mạng khác được.
		
Click to expand...

Nếu dc vậy thì ngon.
Thím @sakuza.199x có sim mạng khác ko, test giùm ae",https://voz.vn/t/review-chiec-iphone-16e-top-1-e-va-tranh-cai.1187836/page-16,
1187836,1722105,paxpax,"Mar 19, 2026 at 3:04 PM","sakuza.199x said:



			Tui đó ông. Mà sáng qua lướt sàn cam thấy giá giảm nên hỏi shop vịt teo tren đó họ bảo chỉ cần sim vịt teo gắn zô là ok nên quất luôn. Giá như hình bác phía trên. Để xí zô xem còn ko mua cái nữa.
View attachment 3522693

Click to expand...

cái này có cần đăng ký gói cước mạng 4g gì không bác",https://voz.vn/t/review-chiec-iphone-16e-top-1-e-va-tranh-cai.1187836/page-16,
1187836,1072894,sakuza.199x,"Mar 19, 2026 at 3:51 PM","paxpax said:



			cái này có cần đăng ký gói cước mạng 4g gì không bác
		
Click to expand...

thấy bảo lắp sim vịt theo đang xài vào là được, mà chưa nhận máy nên ko rõ./
chắc cuối tuần họ mới giao hàng.",https://voz.vn/t/review-chiec-iphone-16e-top-1-e-va-tranh-cai.1187836/page-16,
1187836,425020,Zra,"Mar 19, 2026 at 4:15 PM","sakuza.199x said:



			thấy bảo lắp sim vịt theo đang xài vào là được, mà chưa nhận máy nên ko rõ./
chắc cuối tuần họ mới giao hàng.
		
Click to expand...

Nếu đúng thật chỉ lấp sim viettel vào là xài, không cần gia hạn cước kèm theo thì chắc là đợt hàng cuối nó đẩy xong đưa 17e lên kệ.",https://voz.vn/t/review-chiec-iphone-16e-top-1-e-va-tranh-cai.1187836/page-16,
1187836,1588,SeiferAlmasy,"Mar 20, 2026 at 1:25 AM",Hôm nay thấy còn giá 11tr7 cho bản Viettel kìa mấy thím.,https://voz.vn/t/review-chiec-iphone-16e-top-1-e-va-tranh-cai.1187836/page-16,
1187836,403276,ndt2605,"Mar 20, 2026 at 9:26 AM","Mình vừa  múc 11.690 luôn, hôm qua thì 12.590",https://voz.vn/t/review-chiec-iphone-16e-top-1-e-va-tranh-cai.1187836/page-16,
1187836,756652,trivu11,"Mar 20, 2026 at 9:33 AM","Mình cũng mới nhắn, báo là cả 2 dùng sim viettel hết nên ko chốt
Đợt cũ kèm gói nhà mạng thì hết 12 tháng nó unlock ra, nhưng bản này nó lock luôn. 
Tính ra rẻ thì rẻ, nhưng cũng kén người dùng.",https://voz.vn/t/review-chiec-iphone-16e-top-1-e-va-tranh-cai.1187836/page-16,
1187836,1072894,sakuza.199x,"Mar 20, 2026 at 1:49 PM",nhận hàng rồi mấy bác. mà ko có sim khác để test,https://voz.vn/t/review-chiec-iphone-16e-top-1-e-va-tranh-cai.1187836/page-16,
1187836,71504,20404667,"Mar 20, 2026 at 2:46 PM","trivu11 said:



			Mình cũng mới nhắn, báo là cả 2 dùng sim viettel hết nên ko chốt
Đợt cũ kèm gói nhà mạng thì hết 12 tháng nó unlock ra, nhưng bản này nó lock luôn. 
Tính ra rẻ thì rẻ, nhưng cũng kén người dùng.
		
Click to expand...

Muốn unlock chắc đk gói cước của nó xài 12 tháng hoặc đóng đủ tiền nó unlock luôn",https://voz.vn/t/review-chiec-iphone-16e-top-1-e-va-tranh-cai.1187836/page-16,
1187836,1436250,ITNewbie,"Mar 20, 2026 at 3:41 PM",16e lock Viettel rồi mua thêm sim ghép à các bác,https://voz.vn/t/review-chiec-iphone-16e-top-1-e-va-tranh-cai.1187836/page-16,
1187836,1673982,thanhdonguyen01,"Mar 20, 2026 at 4:23 PM","ITNewbie said:



			16e lock Viettel rồi mua thêm sim ghép à các bác  

Click to expand...

Trả 1 cục thì được unlock ...
Còn nếu có sẵn SIM Viettel thì cho dùng 2 SIM không cần trả 1 cục",https://voz.vn/t/review-chiec-iphone-16e-top-1-e-va-tranh-cai.1187836/page-16,
1187836,1436250,ITNewbie,"Mar 20, 2026 at 4:57 PM","thanhdonguyen01 said:



			Trả 1 cục thì được unlock ...
Còn nếu có sẵn SIM Viettel thì cho dùng 2 SIM không cần trả 1 cục 

Click to expand...

Ý là nếu dùng 1 sim thì phải ghép ấy bác.",https://voz.vn/t/review-chiec-iphone-16e-top-1-e-va-tranh-cai.1187836/page-16,
1187836,1700194,Đoàn Thế Cường,"Mar 20, 2026 at 5:33 PM","trivu11 said:



			Nếu dc vậy thì ngon.
Thím @sakuza.199x có sim mạng khác ko, test giùm ae 

Click to expand...

Méo đc đâu, hỏi shop r, 2 sim phải là viettel

via theNEXTvoz for iPhone",https://voz.vn/t/review-chiec-iphone-16e-top-1-e-va-tranh-cai.1187836/page-16,
1187836,2035062,vanduc36,"Mar 20, 2026 at 6:13 PM",Mình củng xài sim viettel với có mua gói cước data (mua ngoài theo năm chiết khấu 30%) Hỏi shop phải mua gói cước theo chương trình của máy mới mở lock. Không biết sau này đăng ký gói cước của máy mà mua chiết khấu có mở lock không nhỉ?,https://voz.vn/t/review-chiec-iphone-16e-top-1-e-va-tranh-cai.1187836/page-16,
1187836,1813173,votrieuvy1661,"Mar 20, 2026 at 6:21 PM",Phải thanh toán 1 cục hoặc hết 12th,https://voz.vn/t/review-chiec-iphone-16e-top-1-e-va-tranh-cai.1187836/page-16,
1187836,1052437,lethanhtuan2895,"Mar 20, 2026 at 7:12 PM",sim ghép ko có hỗ trợ ghép nhà mạng viettel đâu mấy ông khỏi khôn lõi. Còn muốn unlock thì bắt buộc phải dùng đúng gói cước đó hoặc đóng đủ tiền mới mở khoá được. Đóng đủ xong thì giá chả khác gì mua máy bản quốc tế cả.,https://voz.vn/t/review-chiec-iphone-16e-top-1-e-va-tranh-cai.1187836/page-16,
1187836,108618,muf,"Mar 20, 2026 at 7:19 PM",Hôm qua thấy 11t6,https://voz.vn/t/review-chiec-iphone-16e-top-1-e-va-tranh-cai.1187836/page-16,
1187836,2165938,tixuno004,"Mar 24, 2026 at 1:06 PM","Giờ giá 11tr4 còn đáng mua không các thím, nhu cầu em dùng cơ bản + quay ít video tóp tóp trong phòng thôi ạ?",https://voz.vn/t/review-chiec-iphone-16e-top-1-e-va-tranh-cai.1187836/page-16,
1187836,2039669,Ngộ Thế,"Mar 24, 2026 at 2:44 PM","tixuno004 said:



			Giờ giá 11tr4 còn đáng mua không các thím, nhu cầu em dùng cơ bản + quay ít video tóp tóp trong phòng thôi ạ?
		
Click to expand...

giá tốt rồi bạn , nhu cầu thì con 16e dư xăng",https://voz.vn/t/review-chiec-iphone-16e-top-1-e-va-tranh-cai.1187836/page-16,
1187836,1565145,huuvinhchau,"Mar 25, 2026 at 6:28 AM",Bản chỉ dùng sim viettel sáng nay giá 11tr2,https://voz.vn/t/review-chiec-iphone-16e-top-1-e-va-tranh-cai.1187836/page-16,
1187836,756652,trivu11,"Mar 25, 2026 at 9:47 AM","huuvinhchau said:



			Bản chỉ dùng sim viettel sáng nay giá 11tr2View attachment 3532375

Click to expand...

của Viettel store luôn hả fen.
Sáng check mình chỉ áp dc giá 12tr3",https://voz.vn/t/review-chiec-iphone-16e-top-1-e-va-tranh-cai.1187836/page-17,
1187836,1565145,huuvinhchau,"Mar 25, 2026 at 12:00 PM","trivu11 said:



			của Viettel store luôn hả fen.
Sáng check mình chỉ áp dc giá 12tr3 

Click to expand...

đúng rồi fen, mới vô check lại thấy hết hàng rồi.",https://voz.vn/t/review-chiec-iphone-16e-top-1-e-va-tranh-cai.1187836/page-17,
1187836,1072894,sakuza.199x,"Mar 25, 2026 at 12:22 PM","huuvinhchau said:



			Bản chỉ dùng sim viettel sáng nay giá 11tr2View attachment 3532375

Click to expand...

Hết hàng nhanh vãi. Ko kịp",https://voz.vn/t/review-chiec-iphone-16e-top-1-e-va-tranh-cai.1187836/page-17,
1187836,2165938,tixuno004,"Mar 25, 2026 at 12:28 PM","sakuza.199x said:



			Hết hàng nhanh vãi. Ko kịp
		
Click to expand...

lo gì kiểu gì tối hoặc mai lại có hàng ấy mà :v",https://voz.vn/t/review-chiec-iphone-16e-top-1-e-va-tranh-cai.1187836/page-17,
1187836,2141947,ex.action,"Mar 27, 2026 at 9:51 AM","con 16e này là best p/p, máy này chỉ dành cho những đứa khôn.
vì bọn Ngu cứ toàn mua pro max hết ròi
 

tau đéu hiểu sao chúng cứ đâm đầu vào pro vưới chả max",https://voz.vn/t/review-chiec-iphone-16e-top-1-e-va-tranh-cai.1187836/page-17,
1187836,2146064,private shadow,"Mar 27, 2026 at 10:36 AM","ex.action said:



			con 16e này là best p/p, máy này chỉ dành cho những đứa khôn.
vì bọn Ngu cứ toàn mua pro max hết ròi


tau đéu hiểu sao chúng cứ đâm đầu vào pro vưới chả max
		
Click to expand...

tại tao có tiền, được chưa thằng ngu và nghèo",https://voz.vn/t/review-chiec-iphone-16e-top-1-e-va-tranh-cai.1187836/page-17,
1182981,1432382,Jaeho Kouki,"Dec 13, 2025 at 9:41 PM","Close

 



			
				Last edited: Jan 16, 2026",https://voz.vn/t/may-lanh-tcl-tep-13csd-f1i-1-5hp.1182981/,
1182981,1973116,vozerbaobaoso1,"Dec 13, 2025 at 10:10 PM",Review vụ tiết kiệm điện nhé,https://voz.vn/t/may-lanh-tcl-tep-13csd-f1i-1-5hp.1182981/,
1182981,1432382,Jaeho Kouki,"Dec 13, 2025 at 10:22 PM","vozerbaobaoso1 said:



			Review vụ tiết kiệm điện nhé
		
Click to expand...

Không có đồ đo anh ơi. Mua về rồi dùng thôi.",https://voz.vn/t/may-lanh-tcl-tep-13csd-f1i-1-5hp.1182981/,
1182981,1558342,AMD Zen,"Dec 14, 2025 at 6:07 PM","vozerbaobaoso1 said:



			Review vụ tiết kiệm điện nhé
		
Click to expand...

Tôi đang xài máy như chủ thớt, nhưng loại 1HP, chỉ số CSPF 5.21
Phòng tôi trên lầu, tường gạch 10, 1 nửa phòng 3 hướng hứng nắng buổi trưa chiều, 1 nửa còn lại đc che bởi tường hàng xóm. Vì hứng nắng như vậy nên nếu ko có máy lạnh, tầm trưa tới chiều nó nóng như một cái lò thêu, khỏi học hành, làm việc.
Điện năng tiêu thụ:
Nhiệt độ phòng 25 độ. Đo ngay lúc 6h tối, nhiệt độ ngoài trời 27 độ C, nhiệt độ tường 29-30 độ C, đo A = 0.8-0.9A ~170-200Wh.
Một số khung giờ khác: buổi chiều nắng gắt lúc 2-3h đo A ra khoảng 2.5A ~550Wh. 9h tối-6h sáng khoảng 0.7- 0.8A~ 150-170Wh.",https://voz.vn/t/may-lanh-tcl-tep-13csd-f1i-1-5hp.1182981/,
1182981,1973116,vozerbaobaoso1,"Dec 14, 2025 at 6:21 PM","AMD Zen said:



			Tôi đang xài máy như chủ thớt, nhưng loại 1HP, chỉ số CSPF 5.21
Phòng tôi trên lầu, tường gạch 10, 1 nửa phòng 3 hướng hứng nắng buổi trưa chiều, 1 nửa còn lại đc che bởi tường hàng xóm. Vì hứng nắng như vậy nên nếu ko có máy lạnh, tầm trưa tới chiều nó nóng như một cái lò thêu, khỏi học hành, làm việc.
Điện năng tiêu thụ:
Nhiệt độ phòng 25 độ. Đo ngay lúc 6h tối, nhiệt độ ngoài trời 27 độ C, nhiệt độ tường 29-30 độ C, đo A = 0.8-0.9A ~170-200Wh.
Một số khung giờ khác: buổi chiều nắng gắt lúc 2-3h đo A ra khoảng 2.5A ~550Wh. 9h tối-6h sáng khoảng 0.7- 0.8A~ 150-170Wh.
		
Click to expand...

Là nếu bật từ 9h tối tới 6h sáng là tốn tầm 1-2 số điện hả thím",https://voz.vn/t/may-lanh-tcl-tep-13csd-f1i-1-5hp.1182981/,
1182981,1558342,AMD Zen,"Dec 14, 2025 at 6:34 PM","vozerbaobaoso1 said:



			Là nếu bật từ 9h tối tới 6h sáng là tốn tầm 1-2 số điện hả thím
		
Click to expand...

1kwh thì hơi quá, tầm 1.5-2kwh tính luôn cả lúc bật hơi tốn điện tí.",https://voz.vn/t/may-lanh-tcl-tep-13csd-f1i-1-5hp.1182981/,
1182981,1973116,vozerbaobaoso1,"Dec 14, 2025 at 6:45 PM","AMD Zen said:



			1kwh thì hơi quá, tầm 1.5-2kwh tính luôn cả lúc bật hơi tốn điện tí.
		
Click to expand...

Diện tích phòng nhiu vậy thím, phòng mình gần giống thím, khoảng 16m2, trần 2.5m, đang băn khoăn mua 1hp hay 1.5hp. Tính nua lg hay mitsu mà hao tiền quá, đang xài con midea hàng cổ, tiếng nó tốn gần 1 số, mở qua đêm mất đâu 4 số, thốn vl",https://voz.vn/t/may-lanh-tcl-tep-13csd-f1i-1-5hp.1182981/,
1182981,1558342,AMD Zen,"Dec 14, 2025 at 7:52 PM","vozerbaobaoso1 said:



			Diện tích phòng nhiu vậy thím, phòng mình gần giống thím, khoảng 16m2, trần 2.5m, đang băn khoăn mua 1hp hay 1.5hp. Tính nua lg hay mitsu mà hao tiền quá, đang xài con midea hàng cổ, tiếng nó tốn gần 1 số, mở qua đêm mất đâu 4 số, thốn vl
		
Click to expand...

10m2 
phòng 16m2, máy 1hp và 1.5hp cùng chỉ số cspf thì độ hao điện như nhau. Máy 1.5hp sẽ hoạt động nhẹ nhàng hơn, nên lấy 1.5hp.",https://voz.vn/t/may-lanh-tcl-tep-13csd-f1i-1-5hp.1182981/,
1182981,1973116,vozerbaobaoso1,"Dec 14, 2025 at 8:00 PM","AMD Zen said:



			10m2
phòng 16m2, máy 1hp và 1.5hp cùng chỉ số cspf thì độ hao điện như nhau. Máy 1.5hp sẽ hoạt động nhẹ nhàng hơn, nên lấy 1.5hp.
		
Click to expand...

Đợi săn sale dc 4.5 củ như bác kia vậy",https://voz.vn/t/may-lanh-tcl-tep-13csd-f1i-1-5hp.1182981/,
1182981,70866,Anaksulnamun,"Dec 15, 2025 at 8:06 AM","Dàn nóng ồn ảnh hưởng tới nhà hàng xóm lắm bạn à...
Mình ở cạnh bên 1 nhà hàng xóm với cái máy lạnh nó ồn vcl rồi, mình biết 
Lạnh nhanh nhưng tháo hơi nước thế nào? Nếu lạnh hỗn thì sẽ làm khô phòng và dễ bị nghẹt mũi, sổ mũi đó
Mi nên đo thử độ ẩm trong phòng nhé",https://voz.vn/t/may-lanh-tcl-tep-13csd-f1i-1-5hp.1182981/,
1182981,1973116,vozerbaobaoso1,"Dec 15, 2025 at 8:07 AM","Anaksulnamun said:



			Dàn nóng ồn ảnh hưởng tới nhà hàng xóm lắm bạn à...
Mình ở cạnh bên 1 nhà hàng xóm với cái máy lạnh nó ồn vcl rồi, mình biết
Lạnh nhanh nhưng tháo hơi nước thế nào? Nếu lạnh hỗn thì sẽ làm khô phòng và dễ bị nghẹt mũi, sổ mũi đó
Mi nên đo thử độ ẩm trong phòng nhé
		
Click to expand...

nói vụ ồn tối qua check thử 3 con máy lạnh cổ lỗ sĩ dàn nóng nó cũng kêu như máy cày, may mà nhà hàng xóm kế bên họ xây xích vào trong, chỗ dàn nóng là sân của họ nên ko ảnh hưởng kk",https://voz.vn/t/may-lanh-tcl-tep-13csd-f1i-1-5hp.1182981/,
1182981,1287018,Icef0x.,"Dec 15, 2025 at 2:28 PM","chưa đến 5 củ có 1,5 ngựa inverter hàng mới đập hộp thì quá ngon rồi, bất kể brand và xuất xứ.",https://voz.vn/t/may-lanh-tcl-tep-13csd-f1i-1-5hp.1182981/,
1182981,1432382,Jaeho Kouki,"Dec 16, 2025 at 1:30 AM","Icef0x. said:



			chưa đến 5 củ có 1,5 ngựa inverter hàng mới đập hộp thì quá ngon rồi, bất kể brand và xuất xứ.
		
Click to expand...

Đợt đó em tính chọn funiki lựa chọn thứ 2 mà con này mẫu cũ 2022 với lại thêm 1tr5 không đáng lắm",https://voz.vn/t/may-lanh-tcl-tep-13csd-f1i-1-5hp.1182981/,
1182981,1973116,vozerbaobaoso1,"Dec 16, 2025 at 7:53 AM","Jaeho Kouki said:



			Đợt đó em tính chọn funiki lựa chọn thứ 2 mà con này mẫu cũ 2022 với lại thêm 1tr5 không đáng lắm
		
Click to expand...

con này có kết nối app gì ko bác",https://voz.vn/t/may-lanh-tcl-tep-13csd-f1i-1-5hp.1182981/,
1182981,1432382,Jaeho Kouki,"Dec 16, 2025 at 8:27 AM","vozerbaobaoso1 said:



			con này có kết nối app gì ko bác
		
Click to expand...

không fen, giá rẻ đòi nhiều tính năng thì sửa càng mệt.",https://voz.vn/t/may-lanh-tcl-tep-13csd-f1i-1-5hp.1182981/,
1182981,1973116,vozerbaobaoso1,"Dec 17, 2025 at 11:12 AM","Jaeho Kouki said:



			không fen, giá rẻ đòi nhiều tính năng thì sửa càng mệt.
		
Click to expand...

thấy khả năng tiết kiệm điện cũng ok quá",https://voz.vn/t/may-lanh-tcl-tep-13csd-f1i-1-5hp.1182981/,
1182981,2172636,hungphz,"Dec 17, 2025 at 8:15 PM","Icef0x. said:



			chưa đến 5 củ có 1,5 ngựa inverter hàng mới đập hộp thì quá ngon rồi, bất kể brand và xuất xứ.
		
Click to expand...

Con TCL TEP-13CSD/F1I -1.5HP tôi săn sale ở đây, giá còn có 4tr5. Quá rẻ luôn:
https://vn .shp.ee/RV36eG

 



			
				Last edited: Mar 18, 2026",https://voz.vn/t/may-lanh-tcl-tep-13csd-f1i-1-5hp.1182981/,
1182981,1231473,max1717,"Dec 18, 2025 at 8:31 AM","Con này lạnh hỗn lắm nhé, nên bù ẩm, em đã mua 2 con lắp cho nhà vợ xài đến giờ cũng đc chắc 2 năm.",https://voz.vn/t/may-lanh-tcl-tep-13csd-f1i-1-5hp.1182981/,
1182981,1432382,Jaeho Kouki,"Dec 18, 2025 at 11:11 AM","max1717 said:



			Con này lạnh hỗn lắm nhé, nên bù ẩm, em đã mua 2 con lắp cho nhà vợ xài đến giờ cũng đc chắc 2 năm.
		
Click to expand...

Không hỗn đâu, con nó 12600btu , mấy cái điều hoà thường 12000 btu nên anh thấy lạnh nhanh thôi, lạnh cứ tăng độ hoặc chỉnh gió sang góc.",https://voz.vn/t/may-lanh-tcl-tep-13csd-f1i-1-5hp.1182981/,
1182981,1957077,MangaQ,"Dec 19, 2025 at 2:30 PM","1/1/2026 là được miễn thuế tiêu thụ đặc biệt, chờ được là giảm 1 khúc nữa r",https://voz.vn/t/may-lanh-tcl-tep-13csd-f1i-1-5hp.1182981/,
1182981,1973116,vozerbaobaoso1,"Dec 19, 2025 at 3:00 PM","MangaQ said:



			1/1/2026 là được miễn thuế tiêu thụ đặc biệt, chờ được là giảm 1 khúc nữa r 
		
		
	


	




Click to expand...

ngon lành, đợi gần cuối năm xem nó có xả lỗ ko",https://voz.vn/t/may-lanh-tcl-tep-13csd-f1i-1-5hp.1182981/page-2,
1182981,1464465,RobertoBaggio,"Dec 19, 2025 at 3:51 PM","Có mấy hãng đang xả  rồi đó, Toshiba chẳng hạn. Còn mấy hãng thị phần lớn như Pana, Daikin thì thôi ráng chờ được đến tầm giữa tháng 1 cho chắc ăn.",https://voz.vn/t/may-lanh-tcl-tep-13csd-f1i-1-5hp.1182981/page-2,
1182981,1935834,lamkotien,"Dec 19, 2025 at 4:37 PM","Em ngó thấy con Comfee 1HP CFS-10VGP ở dienmaycholon đang bán dưới 6 củ thì nên mua không ạ, chỉ số CSPF 5.22 có tính năng follow theo remote - kết nối smarthome - giọng nói. Hay làm con  giống bác thớt ngon hơn ạ.",https://voz.vn/t/may-lanh-tcl-tep-13csd-f1i-1-5hp.1182981/page-2,
1182981,839839,phuong_links,"Dec 22, 2025 at 11:05 AM","Jaeho Kouki said:



			Chào các anh em, em vừa múc con điều hoà TCL này hôm sale 12/12 do con Mitsu Nhật bãi 2HP ở nhà đột tử. Sau 2 ngày sử dụng thực tế, văn em không hay nên xin review nhanh gọn mấy ý chính cho bác nào đang phân vân:

Ưu điểm:

Lạnh cực nhanh: Bật cái ăn ngay sau 2 phút. Cá nhân em thấy nó làm lạnh còn gắt hơn con Mitsu 2HP cũ (chắc do con kia tã rồi).
Hiệu suất cao: Chỉ số CSPF đạt 5.12 - mức này cực cao trong tầm giá rẻ. Mấy con đối thủ cùng phân khúc em soi thì toàn loanh quanh 3.xx đến 4.xx nhỏ thôi.
Dàn lạnh êm: Chạy trong phòng ngủ rất yên tĩnh.
Bảo hành: Được 3 năm, hơn hẳn mặt bằng chung các hãng khác chỉ 2 năm.
Nhược điểm:

Dàn nóng mỏng: Nhìn hơi ""như đồ chơi"", không hầm hố dày dặn như hàng Nhật.
Tiếng ồn cục nóng: Motor quạt kêu rè rè nhẹ, nhưng vì để ngoài trời đóng cửa lại thì chả nghe thấy gì nên với em không thành vấn đề. ( Motor chạy 2 ngày thì vấn đề này đã hết)
Thương hiệu: TCL mảng này vẫn mang tiếng là hàng tàu/giá rẻ nên nhiều bác còn e ngại độ bền lâu dài.
Lí do chính em chọn là rẻ, hiệu suất cao, dàn nóng 19kg cũng vừa đủ, có hãng làm dàn nóng ~17kg hiệu suất cao tí nên em bỏ qua, trong khi đó con mitsu 1hp hàng hãng phòng dưới đang dùng thì tận 23kg dàn nóng , có hãng thì làm remote cực xấu UI/UX cực tệ, dòng elite thì rẻ hơn 500k nhưng hiệu suất tiết kiệm điện thấy thua xa dòng pro và ngoài ra thiếu một số tính năng như gió 4D, có thêm kiểm soát độ ẩm cho khỏi lạnh khô.
=> Chốt: Trong tầm tiền săn sale thì em thấy quá ngon, hiệu năng/giá thành tốt nhất trong tầm giá. Ai muốn tiết kiệm điện hơn thêm tầm 1tr dòng BreezeIN Pro có nhiều tính năng hơn nhưng em thấy không cần thiết lắm, hiệu suất CSPF 5.6 ( tăng 10%)
		
Click to expand...

rẻ vậy thì ko đòi hỏi hơn dc rồi )",https://voz.vn/t/may-lanh-tcl-tep-13csd-f1i-1-5hp.1182981/page-2,
1182981,1973116,vozerbaobaoso1,"Dec 22, 2025 at 11:28 AM","lamkotien said:



			Em ngó thấy con Comfee 1HP CFS-10VGP ở dienmaycholon đang bán dưới 6 củ thì nên mua không ạ, chỉ số CSPF 5.22 có tính năng follow theo remote - kết nối smarthome - giọng nói. Hay làm con  giống bác thớt ngon hơn ạ.
		
Click to expand...

6 củ quá đắt, con như bác thớt săn shoppee có 4.5 củ",https://voz.vn/t/may-lanh-tcl-tep-13csd-f1i-1-5hp.1182981/page-2,
1182981,1935834,lamkotien,"Dec 22, 2025 at 11:42 AM","vozerbaobaoso1 said:



			6 củ quá đắt, con như bác thớt săn shoppee có 4.5 củ
		
Click to expand...

Em mua con Comfee luôn rồi bác, có kết nối app, bật 27 độ với ECO từ 9h tối đến 9h sáng hôm sau mà ăn điện 0.51 kWh ạ, có hôm nay bật đến 6h sáng thì ăn tận 0.62kWh. Mức điện như vậy có gọi là tiết kiệm điện chưa bác, em chưa lắp điều hòa bao giờ ạ.",https://voz.vn/t/may-lanh-tcl-tep-13csd-f1i-1-5hp.1182981/page-2,
1182981,1973116,vozerbaobaoso1,"Dec 22, 2025 at 2:29 PM","lamkotien said:



			Em mua con Comfee luôn rồi bác, có kết nối app, bật 27 độ với ECO từ 9h tối đến 9h sáng hôm sau mà ăn điện 0.51 kWh ạ, có hôm nay bật đến 6h sáng thì ăn tận 0.62kWh. Mức điện như vậy có gọi là tiết kiệm điện chưa bác, em chưa lắp điều hòa bao giờ ạ.
		
Click to expand...

mức gì thấp ghê vậy, tính ra 1 tiếng có 50w, thua cái quạt hả",https://voz.vn/t/may-lanh-tcl-tep-13csd-f1i-1-5hp.1182981/page-2,
1182981,1935834,lamkotien,"Dec 22, 2025 at 2:32 PM","vozerbaobaoso1 said:



			mức gì thấp ghê vậy, tính ra 1 tiếng có 50w, thua cái quạt hả 

Click to expand...





Em không biết luôn bác. Tổng số điện từ lúc mua đến giờ trên app tính thế này

 



			
				Last edited: Dec 22, 2025",https://voz.vn/t/may-lanh-tcl-tep-13csd-f1i-1-5hp.1182981/page-2,
1182981,1973116,vozerbaobaoso1,"Dec 22, 2025 at 2:36 PM","lamkotien said:



View attachment 3394466
Em không biết luôn bác. Tổng số điện từ lúc mua đến giờ trên app tính thế này
		
Click to expand...

ko biết app nó đúng ko chứ thấy ảo quá, dc 200w/h là thấy ngon rồi, đây chưa dc 50w, thua cái quạt luôn ấy",https://voz.vn/t/may-lanh-tcl-tep-13csd-f1i-1-5hp.1182981/page-2,
1182981,1935834,lamkotien,"Dec 22, 2025 at 2:43 PM","vozerbaobaoso1 said:



			ko biết app nó đúng ko chứ thấy ảo quá, dc 200w/h là thấy ngon rồi, đây chưa dc 50w, thua cái quạt luôn ấy
		
Click to expand...

em có theo dõi lúc mới bật thì chạy đâu đó khoảng 900w, khi đủ nhiệt độ phòng rồi thì trung bình 80-90w ấy. Theo bác thì app chỉ tham khảo thôi chứ ko chính xác ạ",https://voz.vn/t/may-lanh-tcl-tep-13csd-f1i-1-5hp.1182981/page-2,
1182981,839839,phuong_links,"Dec 22, 2025 at 2:52 PM","vozerbaobaoso1 said:



			ko biết app nó đúng ko chứ thấy ảo quá, dc 200w/h là thấy ngon rồi, đây chưa dc 50w, thua cái quạt luôn ấy
		
Click to expand...

đủ nhiệt rồi thì dàn nóng có chạy đâu, chạy mỗi quạt dàn lạnh thì thấp là đúng rồi mà",https://voz.vn/t/may-lanh-tcl-tep-13csd-f1i-1-5hp.1182981/page-2,
1182981,2173294,binhnguyen31,"Dec 23, 2025 at 9:30 PM","lamkotien said:



			Em ngó thấy con Comfee 1HP CFS-10VGP ở dienmaycholon đang bán dưới 6 củ thì nên mua không ạ, chỉ số CSPF 5.22 có tính năng follow theo remote - kết nối smarthome - giọng nói. Hay làm con  giống bác thớt ngon hơn ạ.
		
Click to expand...

Comfee 1HP CFS-10VGP bác săn sale ở đây chỉ có 4tr4 thôi:
https://shopee.vn/product/85762618/41651081084

 



			
				Last edited: Mar 2, 2026",https://voz.vn/t/may-lanh-tcl-tep-13csd-f1i-1-5hp.1182981/page-2,
1182981,2173299,Phamtrungvp,"Dec 24, 2025 at 8:44 AM","lamkotien said:



			Em ngó thấy con Comfee 1HP CFS-10VGP ở dienmaycholon đang bán dưới 6 củ thì nên mua không ạ, chỉ số CSPF 5.22 có tính năng follow theo remote - kết nối smarthome - giọng nói. Hay làm con  giống bác thớt ngon hơn ạ.
		
Click to expand...

Đắt gấp rưỡi luôn",https://voz.vn/t/may-lanh-tcl-tep-13csd-f1i-1-5hp.1182981/page-2,
1182981,1973116,vozerbaobaoso1,"Dec 24, 2025 at 9:03 AM","Phamtrungvp said:



			Đắt gấp rưỡi luôn
		
Click to expand...

mua điện máy mà bác, săn sale shoppee thì cũng tầm giá thằng tcl thôi",https://voz.vn/t/may-lanh-tcl-tep-13csd-f1i-1-5hp.1182981/page-2,
1182981,1464465,RobertoBaggio,"Dec 24, 2025 at 10:40 AM","binhnguyen31 said:



			Nó sinh ra biến tần để tùy theo mức nhiệt dàn lạnh sẽ chạy ít hoặc nhiều ấy bác
		
Click to expand...

Máy nén ( dàn nóng ) chứ ko phải dàn lạnh bác",https://voz.vn/t/may-lanh-tcl-tep-13csd-f1i-1-5hp.1182981/page-2,
1182981,1973116,vozerbaobaoso1,"Dec 25, 2025 at 7:28 AM","4tr5, hoàn thẻ tín dụng 225k. Trả góp 12 tháng, điên cmnr",https://voz.vn/t/may-lanh-tcl-tep-13csd-f1i-1-5hp.1182981/page-2,
1182981,1973116,vozerbaobaoso1,"Dec 25, 2025 at 7:50 AM","vozerbaobaoso1 said:




View attachment 33989114tr5, hoàn thẻ tín dụng 225k. Trả góp 12 tháng, điên cmnr
		
Click to expand...

Update mới tìm được chỗ mới 4tr3, hoàn thẻ tín dụng 300k, trả góp 9 tháng",https://voz.vn/t/may-lanh-tcl-tep-13csd-f1i-1-5hp.1182981/page-2,
1182981,1432382,Jaeho Kouki,"Dec 25, 2025 at 12:55 PM","vozerbaobaoso1 said:




View attachment 33989114tr5, hoàn thẻ tín dụng 225k. Trả góp 12 tháng, điên cmnr
		
Click to expand...

dùng ngon đến giờ ưng bụng lắm, ngon hơn con mitsu nhật bãi cũ nhiều, về nhà bật 1' mát ngay còn con kia  2hp thì 10' mới mát mà mới tốn tiền vệ sinh + bơm ga.",https://voz.vn/t/may-lanh-tcl-tep-13csd-f1i-1-5hp.1182981/page-2,
1182981,1973116,vozerbaobaoso1,"Dec 25, 2025 at 1:07 PM","Jaeho Kouki said:



			dùng ngon đến giờ ưng bụng lắm, ngon hơn con mitsu nhật bãi cũ nhiều, về nhà bật 1' mát ngay còn con kia  2hp thì 10' mới mát mà mới tốn tiền vệ sinh + bơm ga.
		
Click to expand...

mát thì con nào cũng mát mà, có điều tiết kiệm điện ko ))",https://voz.vn/t/may-lanh-tcl-tep-13csd-f1i-1-5hp.1182981/page-2,
1182981,1973116,vozerbaobaoso1,"Dec 25, 2025 at 1:13 PM","Jaeho Kouki said:



			dùng ngon đến giờ ưng bụng lắm, ngon hơn con mitsu nhật bãi cũ nhiều, về nhà bật 1' mát ngay còn con kia  2hp thì 10' mới mát mà mới tốn tiền vệ sinh + bơm ga.
		
Click to expand...

b thuê thợ lắp hết nhiu vậy, để mình biết tầm giá gọi thợ",https://voz.vn/t/may-lanh-tcl-tep-13csd-f1i-1-5hp.1182981/page-2,
1182981,1432382,Jaeho Kouki,"Dec 25, 2025 at 1:14 PM","vozerbaobaoso1 said:



			b thuê thợ lắp hết nhiu vậy, để mình biết tầm giá gọi thợ
		
Click to expand...

mình bán xác con cũ nên họ tháo lấy công lắp 300k luôn.",https://voz.vn/t/may-lanh-tcl-tep-13csd-f1i-1-5hp.1182981/page-3,
1182981,1464465,RobertoBaggio,"Dec 25, 2025 at 1:20 PM","vozerbaobaoso1 said:



			b thuê thợ lắp hết nhiu vậy, để mình biết tầm giá gọi thợ
		
Click to expand...

1 - 1.5 HP : ~ 350K 
2 - 2.5 HP : 450k 
Chênh lệch ~ 50k tùy khu vực . Treo tường thôi nhé",https://voz.vn/t/may-lanh-tcl-tep-13csd-f1i-1-5hp.1182981/page-3,
1182981,1973116,vozerbaobaoso1,"Dec 25, 2025 at 1:25 PM","Jaeho Kouki said:



			mình bán xác con cũ nên họ tháo lấy công lắp 300k luôn.
		
Click to expand...

xài ống đồng cũ hả fen",https://voz.vn/t/may-lanh-tcl-tep-13csd-f1i-1-5hp.1182981/page-3,
1182981,1973116,vozerbaobaoso1,"Dec 25, 2025 at 1:25 PM","RobertoBaggio said:



			1 - 1.5 HP : ~ 350K
2 - 2.5 HP : 450k
Chênh lệch ~ 50k tùy khu vực . Treo tường thôi nhé
		
Click to expand...

này công lắp, hình như phụ kiện, ống đồng các kiểu mới đắt",https://voz.vn/t/may-lanh-tcl-tep-13csd-f1i-1-5hp.1182981/page-3,
1182981,1432382,Jaeho Kouki,"Dec 25, 2025 at 1:27 PM","vozerbaobaoso1 said:



			xài ống đồng cũ hả fen
		
Click to expand...

ừm, giá thì cũng same same nhau thôi. quan trọng là lắp đúng kỹ thuật hay không. Máy mình chả cần hút chân không, thích hút thì thêm 100-200 nói họ trước.",https://voz.vn/t/may-lanh-tcl-tep-13csd-f1i-1-5hp.1182981/page-3,
1182981,1464465,RobertoBaggio,"Dec 25, 2025 at 1:29 PM","vozerbaobaoso1 said:



			này công lắp, hình như phụ kiện, ống đồng các kiểu mới đắt
		
Click to expand...

Này là công lắp thôi chưa tính công tháo máy cũ ( 150k ), ống đồng 6/10 ( tùy nơi 215 ~ 240k/ 1m dạo này em ít động đến món này nên ko nắm giá sát ), rửa đường ống cũ ( 180k ~ 200k ), bộ chân kê + chân cao su chống rung ( ~ 250k ) , dây điện, ống nước . thường là trong đống này thôi.",https://voz.vn/t/may-lanh-tcl-tep-13csd-f1i-1-5hp.1182981/page-3,
1182981,2164214,phucphn,"Dec 25, 2025 at 1:37 PM","binhnguyen31 said:



Comfee 1HP CFS-10VGP bác săn sale ở đây chỉ có 4tr4 thôi:
https://sh0pee.vn/product/85762618/41651081084

Click to expand...

Em mới săn sale ở shop này lúc sáng. Thấy giá rẻ quá em đặt luôn 2 chiếc luôn

 



			
				Last edited: Mar 2, 2026",https://voz.vn/t/may-lanh-tcl-tep-13csd-f1i-1-5hp.1182981/page-3,
1182981,1973116,vozerbaobaoso1,"Dec 25, 2025 at 1:44 PM","phucphn said:



			Em mới săn sale ở shop này lúc sáng. Thấy giá rẻ quá em đặt luôn 2 chiếc luôn
		
Click to expand...

sáng có 4tr2, quá rẻ",https://voz.vn/t/may-lanh-tcl-tep-13csd-f1i-1-5hp.1182981/page-3,
1182981,1090857,vohoan,"Dec 25, 2025 at 1:48 PM","vozerbaobaoso1 said:




View attachment 33989114tr5, hoàn thẻ tín dụng 225k. Trả góp 12 tháng, điên cmnr
		
Click to expand...

mới mua lắp tuần trước giá 4tr9 xong, hôm nay có mã giảm giá ngon ghê",https://voz.vn/t/may-lanh-tcl-tep-13csd-f1i-1-5hp.1182981/page-3,
1182981,1973116,vozerbaobaoso1,"Dec 25, 2025 at 1:50 PM","vohoan said:



			mới mua lắp tuần trước giá 4tr9 xong, hôm nay có mã giảm giá ngon ghê 

Click to expand...

rẻ nhất là 4tr430k, hoàn được 225k, trả góp 12 tháng, mỗi tháng hơn 300k
Giờ tiền lắp chắc mất 1 cũ",https://voz.vn/t/may-lanh-tcl-tep-13csd-f1i-1-5hp.1182981/page-3,
1182981,1432382,Jaeho Kouki,"Dec 25, 2025 at 1:51 PM","binhnguyen31 said:



Comfee 1HP CFS-10VGP bác săn sale ở đây chỉ có 4tr4 thôi:
https://shopee.vn/product/85762618/41651081084

Click to expand...

4tr4 1hp giá khá cao đó.",https://voz.vn/t/may-lanh-tcl-tep-13csd-f1i-1-5hp.1182981/page-3,
1182981,1973116,vozerbaobaoso1,"Dec 25, 2025 at 2:10 PM","toilatoi26 said:



			Comfee 1HP CFS-10VGP bác săn được giá bao nhiêu?
Em săn Sale lúc sáng nay ở chỗ này là 4180K.
Không biết đã là đáy chưa:
https://sh0pee.vn/M%C3%A1y-L%E1%BA%A1nh-%C4%90i%E1%BB%81u-H%C3%B2a-Inverter-Toshiba-COMFEE-CFS-10VGP-(1HP-9.350BTU)-H%C3%A0ng-Nh%E1%BA%ADp-Kh%E1%BA%A9u-Th%C3%A1i-Lan-C%E1%BB%A7a-Toshiba-i.85762618.41651081084

Click to expand...

con của bác thớt loại 1.0 hp sáng còn có 3tr9",https://voz.vn/t/may-lanh-tcl-tep-13csd-f1i-1-5hp.1182981/page-3,
1182981,1973116,vozerbaobaoso1,"Dec 25, 2025 at 2:17 PM","toilatoi26 said:



			Em thích con Comfee hơn con TCL của bác thớt
		
Click to expand...

thấy có cái tiết kiệm điện miêu tả có vẻ đỉnh",https://voz.vn/t/may-lanh-tcl-tep-13csd-f1i-1-5hp.1182981/page-3,
1182981,1432382,Jaeho Kouki,"Dec 25, 2025 at 3:43 PM","vozerbaobaoso1 said:



			thấy có cái tiết kiệm điện miêu tả có vẻ đỉnh
		
Click to expand...

dàn nóng 17kg em chê. 1hp thì không sao chứ 1.5hp có vấn đề, máy lạnh quan trọng dàn nóng hơn dàn lạnh.",https://voz.vn/t/may-lanh-tcl-tep-13csd-f1i-1-5hp.1182981/page-3,
1182981,1973116,vozerbaobaoso1,"Dec 26, 2025 at 10:25 AM","Jaeho Kouki said:



			dàn nóng 17kg em chê. 1hp thì không sao chứ 1.5hp có vấn đề, máy lạnh quan trọng dàn nóng hơn dàn lạnh.
		
Click to expand...

chưa thử nên chưa biết, mà rẻ quá, xài thử 1 cái dc thì thay mấy cái khác cho đỡ tốn điện, midea no inventer 1hp mà cứ trung bình tiếng nó đốt gần 1 số điện",https://voz.vn/t/may-lanh-tcl-tep-13csd-f1i-1-5hp.1182981/page-3,
1182981,1973116,vozerbaobaoso1,"Jan 1, 2026 at 8:45 AM","Đã lắp. Độ bền chưa biết nhưng confirm là ngon nhé.
Lạnh nhanh và sâu vc, mở 27 độ phòng tầm 18 m2 mà lạnh sun vòi, 4h sáng phải dậy tắt vì lạnh quá.
Chế độ thì có gì mở hết, gió tự nhiên, lọc healthy gì ấy, gió quiet, eco.
Độ tiêu hao điện thì do không có kết nối wifi nhưng có xài năng lượng mặt trời nên check như sau.
Điện khi không xài máy lạnh là khoảng 400w.
Lúc đầu bật lên là xài điện tăng kên 700w, sau 10 phút check lại thì còn gần 600w, sau 1 tiếng thì rớt còn khoảng 450w.
Nghĩa là với thời tiết giờ ở tphcm đêm chỉ tốn 50w/h. Mà lạnh sun vòi.",https://voz.vn/t/may-lanh-tcl-tep-13csd-f1i-1-5hp.1182981/page-3,
1182981,1090857,vohoan,"Jan 1, 2026 at 7:18 PM","vozerbaobaoso1 said:



			Đã lắp. Độ bền chưa biết nhưng confirm là ngon nhé.
Lạnh nhanh và sâu vc, mở 27 độ phòng tầm 18 m2 mà lạnh sun vòi, 4h sáng phải dậy tắt vì lạnh quá.
Chế độ thì có gì mở hết, gió tự nhiên, lọc healthy gì ấy, gió quiet, eco.
Độ tiêu hao điện thì do không có kết nối wifi nhưng có xài năng lượng mặt trời nên check như sau.
Điện khi không xài máy lạnh là khoảng 400w.
Lúc đầu bật lên là xài điện tăng kên 700w, sau 10 phút check lại thì còn gần 600w, sau 1 tiếng thì rớt còn khoảng 450w.
Nghĩa là với thời tiết giờ ở tphcm đêm chỉ tốn 50w/h. Mà lạnh sun vòi.
		
Click to expand...

Con TCL này có gió tự nhiên ấy hả bác? là lấy gió ngoài trời ạ? e có thấy đâu nhỉ?",https://voz.vn/t/may-lanh-tcl-tep-13csd-f1i-1-5hp.1182981/page-3,
1182981,1973116,vozerbaobaoso1,"Jan 1, 2026 at 9:26 PM","vohoan said:



			Con TCL này có gió tự nhiên ấy hả bác? là lấy gió ngoài trời ạ? e có thấy đâu nhỉ?
		
Click to expand...

Ah ko, là chế độ mô phỏng gió tự nhiên thôi bác, chứ đào đâu ra lấy gió tự nhiên",https://voz.vn/t/may-lanh-tcl-tep-13csd-f1i-1-5hp.1182981/page-3,
1182981,1432382,Jaeho Kouki,"Jan 2, 2026 at 8:29 PM","vozerbaobaoso1 said:



			Đã lắp. Độ bền chưa biết nhưng confirm là ngon nhé.
Lạnh nhanh và sâu vc, mở 27 độ phòng tầm 18 m2 mà lạnh sun vòi, 4h sáng phải dậy tắt vì lạnh quá.
Chế độ thì có gì mở hết, gió tự nhiên, lọc healthy gì ấy, gió quiet, eco.
Độ tiêu hao điện thì do không có kết nối wifi nhưng có xài năng lượng mặt trời nên check như sau.
Điện khi không xài máy lạnh là khoảng 400w.
Lúc đầu bật lên là xài điện tăng kên 700w, sau 10 phút check lại thì còn gần 600w, sau 1 tiếng thì rớt còn khoảng 450w.
Nghĩa là với thời tiết giờ ở tphcm đêm chỉ tốn 50w/h. Mà lạnh sun vòi.
		
Click to expand...

Anh mua là đúng rồi đấy, vắt nát óc 1 là mua tcl hai là mua mistu industry, hàng  nữa vời như pana, daikin , lg..... không đáng. Casper giả cầy inverter cspf có 3. mấy, mấy con inverter đã 2. mấy non inverter rò.",https://voz.vn/t/may-lanh-tcl-tep-13csd-f1i-1-5hp.1182981/page-3,
1182981,1973116,vozerbaobaoso1,"Jan 2, 2026 at 9:45 PM","Jaeho Kouki said:



			Anh mua là đúng rồi đấy, vắt nát óc 1 là mua tcl hai là mua mistu industry, hàng  nữa vời như pana, daikin , lg..... không đáng. Casper giả cầy inverter cspf có 3. mấy, mấy con inverter đã 2. mấy non inverter rò.
		
Click to expand...

Nhiều lúc lạnh quá mà ko xài thì ko hết năng lượng mặt trời lại phí nên giữa trưa nằm đắp chăn ngủ",https://voz.vn/t/may-lanh-tcl-tep-13csd-f1i-1-5hp.1182981/page-3,
1182981,310720,nhox4mat,"Jan 4, 2026 at 11:40 AM","Jaeho Kouki said:



			Anh mua là đúng rồi đấy, vắt nát óc 1 là mua tcl hai là mua mistu industry, hàng  nữa vời như pana, daikin , lg..... không đáng. Casper giả cầy inverter cspf có 3. mấy, mấy con inverter đã 2. mấy non inverter rò.
		
Click to expand...

Tầm còn tcl chắc ko có con nào khác cạnh tranh dc hả bác, đang tính k bik nên ráng lấy mit yzp hay con tcl, nhu cầu phòng gác mái có tôn cách nhiệt ạ, sắp tới có em bé

via theNEXTvoz for iPhone",https://voz.vn/t/may-lanh-tcl-tep-13csd-f1i-1-5hp.1182981/page-4,
1182981,1432382,Jaeho Kouki,"Jan 4, 2026 at 11:50 AM","nhox4mat said:



			Tầm còn tcl chắc ko có con nào khác cạnh tranh dc hả bác, đang tính k bik nên ráng lấy mit yzp hay con tcl, nhu cầu phòng gác mái có tôn cách nhiệt ạ, sắp tới có em bé

via theNEXTvoz for iPhone

Click to expand...

Đang dùng mit yxp tầng dưới, tcl này còn ngon hơn. Giá này nó vô địch còn thích kiếm kiệm điện thêm 10% thì dòng brezze in pro. Mit dưới nó hiệu suất có 4.7 mà 1hp giá gần gấp đôi trong khi con này 1.5hp",https://voz.vn/t/may-lanh-tcl-tep-13csd-f1i-1-5hp.1182981/page-4,
1182981,1090857,vohoan,"Jan 4, 2026 at 12:13 PM","Jaeho Kouki said:



			Đang dùng mit yxp tầng dưới, tcl này còn ngon hơn. Giá này nó vô địch còn thích kiếm kiệm điện thêm 10% thì dòng brezze in pro. Mit dưới nó hiệu suất có 4.7 mà 1hp giá gần gấp đôi trong khi con này 1.5hp
		
Click to expand...

Mit ngon hơn bác ơi, e vừa lắp 1 mit 1 tcl đây  , dàn nóng mit chất hơn mà im ru, với cũng tiết kiệm điện. Về lâu dài thì thấy thợ đánh giá mit ngon mà. TCL thì quá rẻ nên ko so sánh rùi.",https://voz.vn/t/may-lanh-tcl-tep-13csd-f1i-1-5hp.1182981/page-4,
1182981,1432382,Jaeho Kouki,"Jan 4, 2026 at 12:34 PM","vohoan said:



			Mit ngon hơn bác ơi, e vừa lắp 1 mit 1 tcl đây  , dàn nóng mit chất hơn mà im ru, với cũng tiết kiệm điện. Về lâu dài thì thấy thợ đánh giá mit ngon mà. TCL thì quá rẻ nên ko so sánh rùi.
View attachment 3414054
View attachment 3414057

Click to expand...

Đúng mà, x2 tiền thì mới tốt nhưng mà có đáng để x2 tiền chỉ để dùng chung 1 mục đích là con nào cũng mát lạnh như nhau thì có đáng không. Để tiền đó 5 năm sau thay con mới ngon hơn nhiều sạch sẽ còn con mitsu kia thì chuyển qua màu cháo lòng rồi. Chưa kể tiền vệ sinh thành ra chi phí hơn nhiều, còn vè hiệu suất con mit kia dùng tốn tiền điện hơn hẳn. Nó chỉ hơn độ bền mà đổi lại tiền cao hơn không đáng.",https://voz.vn/t/may-lanh-tcl-tep-13csd-f1i-1-5hp.1182981/page-4,
1182981,933358,vdthkdt,"Jan 4, 2026 at 12:45 PM","Em hisense 1.5hp này sao các thím thấy chỉ số tiết kiệm điện 6.33








						Máy lạnh Hisense Inverter 1.5 HP AS-12TR4RGUUA00 - giá tốt,  mua trả chậm.
					

Máy lạnh Máy lạnh Hisense Inverter 1.5 HP AS-12TR4RGUUA00 giá rẻ chính hãng, mua trả chậm 0% lãi suất, bảo hành chính hãng - Giao hàng tận nơi, lắp đặt nhanh chóng, khuyến mãi hấp dẫn tại Điện máy XANH!




					www.dienmayxanh.com",https://voz.vn/t/may-lanh-tcl-tep-13csd-f1i-1-5hp.1182981/page-4,
1182981,1973116,vozerbaobaoso1,"Jan 4, 2026 at 1:04 PM","vohoan said:



			Mit ngon hơn bác ơi, e vừa lắp 1 mit 1 tcl đây  , dàn nóng mit chất hơn mà im ru, với cũng tiết kiệm điện. Về lâu dài thì thấy thợ đánh giá mit ngon mà. TCL thì quá rẻ nên ko so sánh rùi.
View attachment 3414054
View attachment 3414057

Click to expand...

Dàn nóng quăng lên ban công nên ồn hay ko cũng chẳng biết",https://voz.vn/t/may-lanh-tcl-tep-13csd-f1i-1-5hp.1182981/page-4,
1182981,310720,nhox4mat,"Jan 4, 2026 at 1:07 PM","Jaeho Kouki said:



			Đang dùng mit yxp tầng dưới, tcl này còn ngon hơn. Giá này nó vô địch còn thích kiếm kiệm điện thêm 10% thì dòng brezze in pro. Mit dưới nó hiệu suất có 4.7 mà 1hp giá gần gấp đôi trong khi con này 1.5hp
		
Click to expand...

Ok thank bác, để đưa vào list, mà tụi này ở tỉnh có dễ sửa ko nhỉ :-? 



vohoan said:



			Mit ngon hơn bác ơi, e vừa lắp 1 mit 1 tcl đây  , dàn nóng mit chất hơn mà im ru, với cũng tiết kiệm điện. Về lâu dài thì thấy thợ đánh giá mit ngon mà. TCL thì quá rẻ nên ko so sánh rùi.
View attachment 3414054
View attachment 3414057

Click to expand...

Này giá cả sao vậy bác, với con này mấy hp vậy, nghe mấy topic khác bảo mit heavy ở tỉnh bảo hành khó nên cũng rén, với tìm mua cũng khó


via theNEXTvoz for iPhone",https://voz.vn/t/may-lanh-tcl-tep-13csd-f1i-1-5hp.1182981/page-4,
1182981,1432382,Jaeho Kouki,"Jan 4, 2026 at 1:21 PM","nhox4mat said:



			Ok thank bác, để đưa vào list, mà tụi này ở tỉnh có dễ sửa ko nhỉ :-?


Này giá cả sao vậy bác, với con này mấy hp vậy, nghe mấy topic khác bảo mit heavy ở tỉnh bảo hành khó nên cũng rén, với tìm mua cũng khó


via theNEXTvoz for iPhone

Click to expand...

4tr5 săn shopee 1.5hp .  ở tỉnh mua theo hãng có trung tâm bảo hành ở tỉnh đó đi. Tcl này chỉ hợp mua ở tp lớn, nhẹ đầu thì ra dmcl mua cho khoẻ.",https://voz.vn/t/may-lanh-tcl-tep-13csd-f1i-1-5hp.1182981/page-4,
1182981,1973116,vozerbaobaoso1,"Jan 4, 2026 at 1:38 PM","Jaeho Kouki said:



			4tr5 săn shopee 1.5hp .  ở tỉnh mua theo hãng có trung tâm bảo hành ở tỉnh đó đi. Tcl này chỉ hợp mua ở tp lớn, nhẹ đầu thì ra dmcl mua cho khoẻ.
		
Click to expand...

Săn sale còn 1433 ngon chét hehe",https://voz.vn/t/may-lanh-tcl-tep-13csd-f1i-1-5hp.1182981/page-4,
1182981,92468,lovelorn_behind,"Jan 4, 2026 at 2:04 PM","mitsu YXP chỉ số CSPF 4.6 ảo vl, trong khi mình lắp gần 5 năm nay mẹ mình xài êm ru, 1 đêm chắc hơn 1 số điện, dàn nóng lạnh lúc nào cũng êm, nó chạy êm nhất trong tất cả các máy mình dùng qua",https://voz.vn/t/may-lanh-tcl-tep-13csd-f1i-1-5hp.1182981/page-4,
1182981,1432382,Jaeho Kouki,"Jan 4, 2026 at 2:34 PM","lovelorn_behind said:



			mitsu YXP chỉ số CSPF 4.6 ảo vl, trong khi mình lắp gần 5 năm nay mẹ mình xài êm ru, 1 đêm chắc hơn 1 số điện, dàn nóng lạnh lúc nào cũng êm, nó chạy êm nhất trong tất cả các máy mình dùng qua 

Click to expand...

không phải ảo đâu, nhiều khi nó đến từ kích thước phòng, hướng phòng, số người, phòng có nhiều đồ không.. cspf nó là chuẩn chung nên số đó ra uy tín hơn là cảm nhận.",https://voz.vn/t/may-lanh-tcl-tep-13csd-f1i-1-5hp.1182981/page-4,
1182981,1973116,vozerbaobaoso1,"Jan 4, 2026 at 2:48 PM","lovelorn_behind said:



			mitsu YXP chỉ số CSPF 4.6 ảo vl, trong khi mình lắp gần 5 năm nay mẹ mình xài êm ru, 1 đêm chắc hơn 1 số điện, dàn nóng lạnh lúc nào cũng êm, nó chạy êm nhất trong tất cả các máy mình dùng qua 

Click to expand...

Cái tcl 1 tiếng 50w này bác, ảo vc",https://voz.vn/t/may-lanh-tcl-tep-13csd-f1i-1-5hp.1182981/page-4,
1182981,92468,lovelorn_behind,"Jan 4, 2026 at 3:04 PM","vozerbaobaoso1 said:



			Cái tcl 1 tiếng 50w này bác, ảo vc
		
Click to expand...

mình test con TCL thấp nhất nó chạy cỡ 1.2-1.4A gì đấy, cứ cho là cosphi thấp thì cũng quanh 200W, còn con YXP kia mình đo thấp nhất ăn khoảng 1-1.2A thôi.

Nói chung là cảm nhận là con TCL này cũng ổn, nhất là với cái giá sập sàn này, nhưng về độ ngon ko so với dòng Mit YXP đc, đek hiểu nó test CSPF kiểu gì con này thấp vậy, dù tiêu chuẩn CSPF thay đổi 2-3 năm gần đây cũng ko ảo vậy đc",https://voz.vn/t/may-lanh-tcl-tep-13csd-f1i-1-5hp.1182981/page-4,
1182981,1973116,vozerbaobaoso1,"Jan 4, 2026 at 3:09 PM","lovelorn_behind said:



			mình test con TCL thấp nhất nó chạy cỡ 1.2-1.4A gì đấy, cứ cho là cosphi thấp thì cũng quanh 200W, còn con YXP kia mình đo thấp nhất ăn khoảng 1-1.2A thôi.

Nói chung là cảm nhận là con TCL này cũng ổn, nhất là với cái giá sập sàn này, nhưng về độ ngon ko so với dòng Mit YXP đc, đek hiểu nó test CSPF kiểu gì con này thấp vậy, dù tiêu chuẩn CSPF thay đổi 2-3 năm gần đây cũng ko ảo vậy đc
		
Click to expand...

Con tcl ko có app wifi nên mình test bằng độ tiêu hao app năng lượng mặt trời.
Bình thường chưa có máy lạnh là tầm 450w, sau khi mở nó lên tầm 800w, sau 1 tiếng nó xuống 500w, có khi 460w, nên cũng ko hiểu cụ thể nó hết bao nhiêu w.
Mà có lẽ 5.2 cspf là ảo thôi, vì nó chỉ dc chấm 4 sao chứ đâu phải 5 sao, thằng mitsu bảo 4.xx thì lại dc 5 sao",https://voz.vn/t/may-lanh-tcl-tep-13csd-f1i-1-5hp.1182981/page-4,
1182981,1432382,Jaeho Kouki,"Jan 4, 2026 at 4:22 PM","vozerbaobaoso1 said:



			Con tcl ko có app wifi nên mình test bằng độ tiêu hao app năng lượng mặt trời.
Bình thường chưa có máy lạnh là tầm 450w, sau khi mở nó lên tầm 800w, sau 1 tiếng nó xuống 500w, có khi 460w, nên cũng ko hiểu cụ thể nó hết bao nhiêu w.
Mà có lẽ 5.2 cspf là ảo thôi, vì nó chỉ dc chấm 4 sao chứ đâu phải 5 sao, thằng mitsu bảo 4.xx thì lại dc 5 sao
		
Click to expand...

Cái chấm thì chuẩn đó luật theo năm nào, như mới đây thì cspf > 5.2 mới đc 5 sao",https://voz.vn/t/may-lanh-tcl-tep-13csd-f1i-1-5hp.1182981/page-4,
1182981,595513,qwerty1810,"Jan 4, 2026 at 4:37 PM","vozerbaobaoso1 said:



			Con tcl ko có app wifi nên mình test bằng độ tiêu hao app năng lượng mặt trời.
Bình thường chưa có máy lạnh là tầm 450w, sau khi mở nó lên tầm 800w, sau 1 tiếng nó xuống 500w, có khi 460w, nên cũng ko hiểu cụ thể nó hết bao nhiêu w.
Mà có lẽ 5.2 cspf là ảo thôi, vì nó chỉ dc chấm 4 sao chứ đâu phải 5 sao, thằng mitsu bảo 4.xx thì lại dc 5 sao
		
Click to expand...


Cái cspf từ năm 2025 nó mới đổi đấy fen, trước trên 4 là 5 sao rồi, giờ hình như 5.3 trở lên mới được 5 sao

Gửi từ Xiaomi 2109119BC bằng vozFApp",https://voz.vn/t/may-lanh-tcl-tep-13csd-f1i-1-5hp.1182981/page-4,
1182981,1432382,Jaeho Kouki,"Jan 4, 2026 at 5:04 PM","Nó chỉ là điều hoà thôi cần gì quan tâm lắm đâu, có điều kiện chơi mitsu, còn tiết kiệm mua tcl cho nhẹ đầu. Hỏng thì sửa 1-2 lần,sửa cao tiền bán xác cũng 500k mua lại con mới 4tr5. Tỉnh rẻ mà ngon cứ tán funiki dòng cũ mà linh kiện tốt.

 



			
				Last edited: Jan 4, 2026",https://voz.vn/t/may-lanh-tcl-tep-13csd-f1i-1-5hp.1182981/page-4,
1182981,1973116,vozerbaobaoso1,"Jan 4, 2026 at 6:09 PM","Jaeho Kouki said:



			Nó chỉ là điều hoà thôi cần gì quan tâm lắm đâu, có điều kiện chơi mitsu, còn tiết kiệm mua tcl cho nhẹ đầu. Hỏng thì sửa 1-2 lần,sửa cao tiền bán xác cũng 500k mua lại con mới 4tr5. Tỉnh rẻ mà ngon cứ tán funiki dòng cũ mà linh kiện tốt.
		
Click to expand...

Bốc con midea 1.5hp cũ quăng xuống phòng khách, cứ gọi là chuẩn luôn, tiêu chuẩn là phải con 2.5, mà quăng con 1.5 no inventer xuống chạy cũng mát lạnh",https://voz.vn/t/may-lanh-tcl-tep-13csd-f1i-1-5hp.1182981/page-4,
1182981,1090857,vohoan,"Jan 4, 2026 at 6:10 PM","Jaeho Kouki said:



			Đúng mà, x2 tiền thì mới tốt nhưng mà có đáng để x2 tiền chỉ để dùng chung 1 mục đích là con nào cũng mát lạnh như nhau thì có đáng không. Để tiền đó 5 năm sau thay con mới ngon hơn nhiều sạch sẽ còn con mitsu kia thì chuyển qua màu cháo lòng rồi. Chưa kể tiền vệ sinh thành ra chi phí hơn nhiều, còn vè hiệu suất con mit kia dùng tốn tiền điện hơn hẳn. Nó chỉ hơn độ bền mà đổi lại tiền cao hơn không đáng.
		
Click to expand...

Chắc bác nhìn nhầm, nhãn năng lượng của nó 5,47 đó, cao hơn TCL. Cả 2 đều là 1,5HP, E ko có dụng cụ đo chính xác, chỉ coi bằng app của EVN, đêm thì nằm phòng máy mit, đêm thì nằm phòng tcl thử, nên ko muốn show, nhưng thấy mit vẫn xài ít điện hơn chút.


nhox4mat said:



			Ok thank bác, để đưa vào list, mà tụi này ở tỉnh có dễ sửa ko nhỉ :-?


Này giá cả sao vậy bác, với con này mấy hp vậy, nghe mấy topic khác bảo mit heavy ở tỉnh bảo hành khó nên cũng rén, với tìm mua cũng khó


via theNEXTvoz for iPhone

Click to expand...

Con mit e mua yzp, 9tr. Còn TCL thì 4tr5 ah",https://voz.vn/t/may-lanh-tcl-tep-13csd-f1i-1-5hp.1182981/page-4,
1182981,310720,nhox4mat,"Jan 4, 2026 at 6:14 PM","vohoan said:



			Chắc bác nhìn nhầm, nhãn năng lượng của nó 5,47 đó, cao hơn TCL. Cả 2 đều là 1,5HP, E ko có dụng cụ đo chính xác, chỉ coi bằng app của EVN, đêm thì nằm phòng máy mit, đêm thì nằm phòng tcl thử, nên ko muốn show, nhưng thấy mit vẫn xài ít điện hơn chút.

Con mit e mua yzp, 9tr. Còn TCL thì 4tr5 ah
		
Click to expand...

Con yzp chỗ em thấy toàn 11tr, chắc lụm trước con tcl, sau này nâng cấp sau vậy

via theNEXTvoz for iPhone",https://voz.vn/t/may-lanh-tcl-tep-13csd-f1i-1-5hp.1182981/page-4,
1182981,1432382,Jaeho Kouki,"Jan 4, 2026 at 7:45 PM","vdthkdt said:



			Em hisense 1.5hp này sao các thím thấy chỉ số tiết kiệm điện 6.33








						Máy lạnh Hisense Inverter 1.5 HP AS-12TR4RGUUA00 - giá tốt,  mua trả chậm.
					

Máy lạnh Máy lạnh Hisense Inverter 1.5 HP AS-12TR4RGUUA00 giá rẻ chính hãng, mua trả chậm 0% lãi suất, bảo hành chính hãng - Giao hàng tận nơi, lắp đặt nhanh chóng, khuyến mãi hấp dẫn tại Điện máy XANH!




					www.dienmayxanh.com
				




Click to expand...

Ngon đó, áp mã về 6tr rất đáng mua. Nhìn remote chắc chung 1 lò OEM ròi.",https://voz.vn/t/may-lanh-tcl-tep-13csd-f1i-1-5hp.1182981/page-5,
1182981,310720,nhox4mat,"Jan 5, 2026 at 9:08 AM","Jaeho Kouki said:



			Ngon đó, áp mã về 6tr rất đáng mua. Nhìn remote chắc chung 1 lò OEM ròi.






Click to expand...

tầm giá 5-6tr thì nên lấy con nào vậy bác, tcl em search tụi dmx vs mấy tiệm dưới em toàn 8tr, còn dmcl thì ko thấy để giá luôn",https://voz.vn/t/may-lanh-tcl-tep-13csd-f1i-1-5hp.1182981/page-5,
1182981,1432382,Jaeho Kouki,"Jan 5, 2026 at 9:10 AM","nhox4mat said:



			tầm giá 5-6tr thì nên lấy con nào vậy bác, tcl em search tụi dmx vs mấy tiệm dưới em toàn 8tr, còn dmcl thì ko thấy để giá luôn 

Click to expand...

5-6tr của 1 hay 1.5hp và mua ở tỉnh nào. Tỉnh chỉ có funiki giá này ngon thôi.

 



			
				Last edited: Jan 5, 2026",https://voz.vn/t/may-lanh-tcl-tep-13csd-f1i-1-5hp.1182981/page-5,
1182981,310720,nhox4mat,"Jan 5, 2026 at 9:24 AM","Jaeho Kouki said:



			5-6tr của 1 hay 1.5hp và mua ở tỉnh nào. Tỉnh chỉ có funiki giá này ngon thôi.
		
Click to expand...

1.5hp nè bác, em ở Biên Hòa",https://voz.vn/t/may-lanh-tcl-tep-13csd-f1i-1-5hp.1182981/page-5,
1182981,1432382,Jaeho Kouki,"Jan 5, 2026 at 9:30 AM","nhox4mat said:



			1.5hp nè bác, em ở Biên Hòa
		
Click to expand...

Bạn chạy ra chỗ đại lý hỏi giá đi, lúc nào cũng mềm hơn dcml hay dmx hết.
Bắt buộc chỗ tiệm lớn thì link bên dưới có con funiki với tcl, không để giá thì gọi tổng đài hỏi








						Máy lạnh 1.5 HP chính hãng – Trả góp 0%, giao nhanh T4/2026
					

Mua máy lạnh 1.5 HP chính hãng, giá tốt, trả góp 0%, lắp đặt miễn phí, giao nhanh. Ưu đãi hấp dẫn T4/2026. Đặt hàng ngay tại dienmaycholon.com!




					dienmaycholon.com",https://voz.vn/t/may-lanh-tcl-tep-13csd-f1i-1-5hp.1182981/page-5,
1182981,310720,nhox4mat,"Jan 5, 2026 at 9:38 AM","Jaeho Kouki said:



			Bạn chạy ra chỗ đại lý hỏi giá đi, lúc nào cũng mềm hơn dcml hay dmx hết.
Bắt buộc chỗ tiệm lớn thì link bên dưới có con funiki với tcl, không để giá thì gọi tổng đài hỏi








						Máy lạnh 1.5 HP chính hãng – Trả góp 0%, giao nhanh T4/2026
					

Mua máy lạnh 1.5 HP chính hãng, giá tốt, trả góp 0%, lắp đặt miễn phí, giao nhanh. Ưu đãi hấp dẫn T4/2026. Đặt hàng ngay tại dienmaycholon.com!




					dienmaycholon.com
				




Click to expand...

mới nhắn hỏi dmcl, tcl 5tr990, chưa bao gồm công và vật tư",https://voz.vn/t/may-lanh-tcl-tep-13csd-f1i-1-5hp.1182981/page-5,
1182981,1432382,Jaeho Kouki,"Jan 5, 2026 at 9:39 AM","nhox4mat said:



			mới nhắn hỏi dmcl, tcl 5tr990, chưa bao gồm công và vật tư
		
Click to expand...

được đó, đắt hơn 1tr5 cũng được, ở tỉnh thì đâu có lựa chọn nào. Thích rẻ mà sau bảo hành cực mua shopee, lazada để lấy 1tr5 đó.",https://voz.vn/t/may-lanh-tcl-tep-13csd-f1i-1-5hp.1182981/page-5,
1182981,2177566,phongnguyen89,"Jan 5, 2026 at 4:01 PM","vozerbaobaoso1 said:



			Dàn nóng quăng lên ban công nên ồn hay ko cũng chẳng biết
		
Click to expand...",https://voz.vn/t/may-lanh-tcl-tep-13csd-f1i-1-5hp.1182981/page-5,
1182981,2176921,ledong76,"Jan 5, 2026 at 10:34 PM","Jaeho Kouki said:



			4tr5 săn shopee 1.5hp
		
Click to expand...

Con TCL 1.5HP tôi mới săn Sale ở đây được giảm giá còn có 4tr3 thôi:
https://shopee.vn/TEP-13CSD-F1I-Máy-lạnh-TCL-Inverter-1.5-HP-TEP-13CSD-F1I-Hàng-chính-hãng-i.985602815.51302526198?extraParams=%7B""display_model_id""%3A350244447083%2C""model_selection_logic""%3A3%7D&sp_atk=9b1a0b1f-4ebc-4bd1-a5dd-8dfb6d42c548&xptdk=9b1a0b1f-4ebc-4bd1-a5dd-8dfb6d42c548

 



			
				Last edited: Jan 9, 2026",https://voz.vn/t/may-lanh-tcl-tep-13csd-f1i-1-5hp.1182981/page-5,
1182981,1432382,Jaeho Kouki,"Jan 11, 2026 at 7:55 PM","Mấy nùi chạy quảng cáo, đừng click.
		
		
	


	


 Chỗ nào rẻ thì mua, mấy nó chả có đạo đức đâu.

 



			
				Last edited: Jan 11, 2026",https://voz.vn/t/may-lanh-tcl-tep-13csd-f1i-1-5hp.1182981/page-5,
1182981,310720,nhox4mat,"Jan 14, 2026 at 5:42 PM","Jaeho Kouki said:



			Mấy nùi chạy quảng cáo, đừng click.


 Chỗ nào rẻ thì mua, mấy nó chả có đạo đức đâu.
		
Click to expand...

phòng 12m2, trần 2m5, lấy con 1HP thì nên chọn tụi nào bác nhỉ :-?, thấy tụi tcl 1hp vs 1.5hp chênh nhau có 1tr",https://voz.vn/t/may-lanh-tcl-tep-13csd-f1i-1-5hp.1182981/page-5,
1182981,1432382,Jaeho Kouki,"Jan 14, 2026 at 6:07 PM","nhox4mat said:



			phòng 12m2, trần 2m5, lấy con 1HP thì nên chọn tụi nào bác nhỉ :-?, thấy tụi tcl 1hp vs 1.5hp chênh nhau có 1tr 

Click to expand...

1.5 đi, thực ra 1.5 hay 1 thì tiền điện như nhau, nếu 1hp hụt công suất thì tốn tiền điện hơn 1.5 hp.Mình nhớ chênh 500-700 thôi mà. Phòng bạn  lí thuyết 1 hp là đủ.",https://voz.vn/t/may-lanh-tcl-tep-13csd-f1i-1-5hp.1182981/page-5,
1182981,1973116,vozerbaobaoso1,"Jan 15, 2026 at 7:36 AM","nhox4mat said:



			phòng 12m2, trần 2m5, lấy con 1HP thì nên chọn tụi nào bác nhỉ :-?, thấy tụi tcl 1hp vs 1.5hp chênh nhau có 1tr 

Click to expand...

1hp dc rồi, với hàng rẻ thế này rẻ hơn vài trăm là ok rồi",https://voz.vn/t/may-lanh-tcl-tep-13csd-f1i-1-5hp.1182981/page-5,
1182981,310720,nhox4mat,"Jan 15, 2026 at 11:56 AM","vozerbaobaoso1 said:



			1hp dc rồi, với hàng rẻ thế này rẻ hơn vài trăm là ok rồi
		
Click to expand...

sợ chênh vài trăm mà mốt tiền điện chênh vài trăm mỗi tháng cũng mệt :v",https://voz.vn/t/may-lanh-tcl-tep-13csd-f1i-1-5hp.1182981/page-5,
1182981,1432382,Jaeho Kouki,"Jan 15, 2026 at 1:54 PM","nhox4mat said:



			sợ chênh vài trăm mà mốt tiền điện chênh vài trăm mỗi tháng cũng mệt :v
		
Click to expand...

mua 1.5hp đi rẻ òm còn phân vân",https://voz.vn/t/may-lanh-tcl-tep-13csd-f1i-1-5hp.1182981/page-5,
1182981,1973116,vozerbaobaoso1,"Jan 15, 2026 at 2:01 PM","nhox4mat said:



			sợ chênh vài trăm mà mốt tiền điện chênh vài trăm mỗi tháng cũng mệt :v
		
Click to expand...

1.5 hp mở cả đêm tốn hơn tầm 1 số so với ko mở",https://voz.vn/t/may-lanh-tcl-tep-13csd-f1i-1-5hp.1182981/page-5,
1182981,310720,nhox4mat,"Jan 15, 2026 at 2:10 PM","vozerbaobaoso1 said:



			1.5 hp mở cả đêm tốn hơn tầm 1 số so với ko mở  

Click to expand...

sắp tới vợ nằm ổ, nhìu khi phải bật 24/24 luôn ấy chứ",https://voz.vn/t/may-lanh-tcl-tep-13csd-f1i-1-5hp.1182981/page-5,
1182981,1973116,vozerbaobaoso1,"Jan 15, 2026 at 2:11 PM","nhox4mat said:



			sắp tới vợ nằm ổ, nhìu khi phải bật 24/24 luôn ấy chứ
		
Click to expand...

bao nhiêu đâu",https://voz.vn/t/may-lanh-tcl-tep-13csd-f1i-1-5hp.1182981/page-5,
1182981,1432382,Jaeho Kouki,"Jan 15, 2026 at 2:13 PM","nhox4mat said:



			sắp tới vợ nằm ổ, nhìu khi phải bật 24/24 luôn ấy chứ
		
Click to expand...

có cái máy lạnh khó khăn thế, mua về sợ tốn tiền mua làm gì.",https://voz.vn/t/may-lanh-tcl-tep-13csd-f1i-1-5hp.1182981/page-5,
1182981,1945278,ctpahm,"Jan 16, 2026 at 11:27 AM","vdthkdt said:



			Em hisense 1.5hp này sao các thím thấy chỉ số tiết kiệm điện 6.33








						Máy lạnh Hisense Inverter 1.5 HP AS-12TR4RGUUA00 - giá tốt,  mua trả chậm.
					

Máy lạnh Máy lạnh Hisense Inverter 1.5 HP AS-12TR4RGUUA00 giá rẻ chính hãng, mua trả chậm 0% lãi suất, bảo hành chính hãng - Giao hàng tận nơi, lắp đặt nhanh chóng, khuyến mãi hấp dẫn tại Điện máy XANH!




					www.dienmayxanh.com
				




Click to expand...

1hp mua về giá 5,5 shoppe oke nhé bác. nhược duy nhất ít người biết là k có module wifi ) mà quảng cáo có wifi kết nối app như đúng rồi ha ha )",https://voz.vn/t/may-lanh-tcl-tep-13csd-f1i-1-5hp.1182981/page-5,
1182981,1973116,vozerbaobaoso1,"Mar 3, 2026 at 4:22 PM",Sau 1 time xài thì theo dõi qua app evn thì mở máy lạnh đêm cứ 1 tiếng thêm tầm 200-250w. Chạy 8 tiếng hết tầm gần 2 số,https://voz.vn/t/may-lanh-tcl-tep-13csd-f1i-1-5hp.1182981/page-6,
1182981,428204,mitanit2,"Mar 4, 2026 at 9:43 AM","sao chủ thớt close rồi, tức là mẫu này cho qua à",https://voz.vn/t/may-lanh-tcl-tep-13csd-f1i-1-5hp.1182981/page-6,
1182981,1973116,vozerbaobaoso1,"Mar 4, 2026 at 10:00 AM","mitanit2 said:



			sao chủ thớt close rồi, tức là mẫu này cho qua à 

Click to expand...

tôi xài vẫn đang ngon, chủ thớt vào cmt lại xem nào",https://voz.vn/t/may-lanh-tcl-tep-13csd-f1i-1-5hp.1182981/page-6,
1182981,428204,mitanit2,"Mar 4, 2026 at 11:48 AM","giờ vô giá 5tr5, thôi chắc tìm con khác ngon hơn ^^^",https://voz.vn/t/may-lanh-tcl-tep-13csd-f1i-1-5hp.1182981/page-6,
1182981,1973116,vozerbaobaoso1,"Mar 4, 2026 at 3:11 PM","mitanit2 said:



			giờ vô giá 5tr5, thôi chắc tìm con khác ngon hơn ^^^
		
Click to expand...

săn sale ngày đôi hay ngày 10,20 giá rẻ hơn fen, t mua có 4tr3",https://voz.vn/t/may-lanh-tcl-tep-13csd-f1i-1-5hp.1182981/page-6,
1187105,1838329,Privacy_Terms,"Dec 22, 2025 at 12:01 PM","Nay đầu tuần rảnh, review sơ Find X9 Pro sau 1 tuần trải nghiệm và chuyển về vivo X300 Pro. Lưu ý đây là bản nội địa nhé.

------------------------------------------------

Những điểm hơn:
+ Ngoại hình xịn xò, cảm giác rất cao cấp. Bản mình dùng là bản màu trắng, lưng hơi sần, khung kim loại dc vát rất chỉnh chu từ cạnh khung đến cụm cam, logo hasselblad. Cầm con máy trong tay cảm giác rất xịn xò.

+ Build và cầm nắm: đầm chắc, kiểu thiết kế đặt cụm cam 1 bên dễ cầm ngang hơn ko bị cấn tay.

+ Có thêm 1 nút máy ảnh giống iphone, mặc dù theo mình thấy khá là vô dụng. Đeo ốp hãng mà vẫn khó bấm để kích mặc dù để độ nhạy tối đa, tính năng vuốt để zoom thì ko mượt bằng zoom trong camera UI. Dẫu sao thì nice to have còn hơn ko có.

+ Thông báo nổ tốt, nhạy hơn vivo.

+ Màn hình: sáng đẹp, chọn chế độ số 3 (chuyên nghiệp hay rực rỡ gì đó) nhìn khá trong trẻo nịnh mắt.

+ Loa: nghe ổn hơn đám vivo, nghe bảo dùng module AAC 1510 có n'bass cả trên lẫn dưới. Mở thử EDM thì thấy dải âm bass/mid tách bạch rõ hơn thật. Cũng ko bị vỡ khi max volume.

+ ColorOS 16 rất đẹp. Triết lý thiết kế của team oppo có vẻ khá dựa sát vào iOS nên nhìn từ bộ icon, giao diện, font chữ, animation, khả năng tuỳ biến đều cho cảm giác rất mượt, rất mở.

+ Nhiều AI hỗ trợ: AI chép lời, AI mind space, hỗ trợ ghi chú, tạo nội dung, tóm tắt văn bản. So ra thì đám AI hỗ trợ công việc, tác vụ hàng ngày phong phú hơn vivo nhiều.

+ Camera: cho phép cà da trong chế độ chụp bình thường, mode xpan khá hay, rất hợp chụp ngoại cảnh. Filter Trầm Lặng cho ra màu rất nghệ. Master Mode cho phép can thiệp vào độ sáng, tương phản, sắc nét.... nhưng chưa có điều kiện thử nhiều.

+ Cục rung và các chế độ rung phản hồi tốt hơn vivo.

+ Pin trâu khỏi nói, sạc đầy 1 lần dùng phải dc 1 ngày rưỡi mới cần sạc lại.

------------------------------------------------

Những điểm thua:
+ To ngang, dày hơn vivo, khiến cho những ai tay bé sẽ hơi khó khăn nếu thao tác 1 tay.

+ ColorOS đẹp nhưng quản lý ram và tài nguyên rất chán (bản 16.0.2.401) thường xuyên kill app khiến phải reload, mở lại. Đã thử khoá app, cho chạy nền, cho chạy hao pin cao,  mở quyền thông báo, mở tuỳ chọn nhà phát triển cho tối đa 4 app chạy nền... vẫn ko khắc phục dc. Theo dõi thì thấy ram 12gb nhưng chỉ cần lên đến tầm 10,5 / 11GB là bắt đầu kill app. Tính về khả năng giữ app và đa nhiệm này thua xa OriginOS của vivo.

+ Pin trâu nhưng sạc chậm, cái này thì trên này nói nhiều rồi. Khoảng 50 - 60% đầu sạc nhanh, tầm 80% trở lên sạc khá chậm. Ngoài ra thì bệnh chung của bọn oppo là kén sạc. Cùng củ ugreen 100w vivo sạc phà phà tầm dưới 1h là đầy (iqoo 13, x300 pro), oppo phải hơn tiếng. So ra vivo dễ dãi như phò.

+ Camera: ai mua con này chắc cũng vì chụp choẹt là chính, nhưng trải nghiệm cam tele 200mpx lại ko như mong đợi. Cam preview khá là lag, focus chậm và bị khựng, đặc biệt khi zoom đến tầm 3x (70mm), 6x (~140mm) trở lên.

Nhắc đến tiêu cự thì x9 pro chân dung thọt 1 chút xíu so với vivo, khi tiêu cự zoom quang là 3x (70mm) so với vivo là 3,7x (85mm). Trong setting cũng cho phép chạm 2 lần để chuyển từ 70mm ->  85mm, nhưng là crop lại từ 3x. Ngoài ra oppo cũng ko có tiêu cự 135mm như vivo.
Camera lấy nét chủ thể phức tạp hoặc thiếu sáng khá tệ, ví dụ như focus 1 cái bóng đèn xen giữa tán lá cây hoặc côn trùng ở giữa 1 đám cỏ, sẽ thấy hunting rất kinh, nhảy nét liên tục. Video cũng chịu tình trạng tương tự nếu panning. Ko biết liệu đây là tình trạng chung của đám camera phone nhà oppo hay do con find x9 pro này chưa tối ưu nên vậy?
Vivo cho phép gõ 2 lần để khoá nét/ tracking chủ thể. Oppo ko có.
Camera chụp lâu lâu nóng còn văng cả app.
Hiệu năng game ko tối ưu nếu ko add game vào game center và mở game assistant. Lúc đầu ko biết cái này, quen tay xài máy tàu xoá mấy app rác đi thì tiễn luôn thằng game center. Đến lúc chơi thử vài ván TFT thấy lag vcl, mò mẫm 1 hồi cài lại, add vào game center, mở thanh game assistant mới hết.
Máy khá nóng, nóng hơn vivo khi load các tác vụ nặng, chơi game.
------------------------------------------------
Tóm lại: muốn cảm giác cầm 1 con điện thoại sang xịn mịn, cảm giác cao cấp, trải nghiệm UI mượt mà, pin trâu thì oppo. Còn muốn 1 con điện thoại ổn định, camera best cùng phân khúc, hiệu năng ổn thì vivo.

Lý do chính mình đổi về lại vivo là :
1/ Color OS kill app quá kinh, reload app liên tọi nên mỗi lần mở lên phải khởi động lại rất khó chịu.
2/ Trải nghiệm camera chụp, lấy nét ko dc smooth, mặc dù ảnh của oppo vẫn có cái chất riêng và đặc biệt mà vivo ko có. Hy vọng những cái này sẽ dc oppo cải thiện trong tương lai.

Còn lại mấy cái lặt vặt như sạc chậm, lỗi hiển thị font bị cắt 1 bên trên facebook, cảm giác cầm nắm vv... là những cái có thể khắc phục theo thời gian sử dụng dc.

Bonus cái ảnh chụp bằng filter Trầm lặng của oppo và Màu CN của vivo  Ở trên oppo dưới vivo nhé 

 


Attachments








2025-12-22 11.55.36.webp

					168.3 KB
					
					· Views: 25
					
				










2025-12-22 11.57.24.webp

					161.8 KB
					
					· Views: 32
					
				







			
				Last edited: Jan 13, 2026",https://voz.vn/t/so-sanh-trai-nghiem-find-x9-pro-va-x300-pro.1187105/,
1187105,1032626,azbinhaz,"Dec 22, 2025 at 1:09 PM",chính hãng hay nội địa vậy bác,https://voz.vn/t/so-sanh-trai-nghiem-find-x9-pro-va-x300-pro.1187105/,
1187105,652249,anhbx1992,"Dec 22, 2025 at 1:45 PM","Mình dùng con X300 thường, một điểm rất ấn tượng là con này quản lý ram cực kỳ tốt, thậm chí có những hôm mình vào lại cái app đã mở cách đó vài ngày nó vẫn chạy tiếp, điều mà con S25U hiện tại đang méo làm được. 

Ví dụ chơi TFT, có Zalo, mở ra check reply mấy cái, vào 1 app OTT khác check tiếp, vào lại TFT là nó reload. Trong khi con X300 thì không. Rất ấn tượng.

OneUI từ ngày update bản 8.0 pin tụt như tụt quần, ngày sạc 2 lần. Ụ ẹ.",https://voz.vn/t/so-sanh-trai-nghiem-find-x9-pro-va-x300-pro.1187105/,
1187105,764689,skynet01,"Dec 22, 2025 at 1:45 PM","Vivo cho phép gõ 2 lần để khoá nét/ tracking chủ thể. Oppo ko có.


Click to expand...


Bản update lần 2 đã  fix vụ này rồi, chạm 2 lần nó nó khóa nét luôn dù chủ thể có chạy lung tung vẫn tracking theo. Mình chụp nhóc ở nhà chạy nhảy nên rất rõ việc này",https://voz.vn/t/so-sanh-trai-nghiem-find-x9-pro-va-x300-pro.1187105/,
1187105,1838329,Privacy_Terms,"Dec 22, 2025 at 1:48 PM","azbinhaz said:



			chính hãng hay nội địa vậy bác
		
Click to expand...

cả 2 đều nội địa hết nhé. thông báo oppo có vẻ tốt và nhạy hơn. nhắn tin telegram, messenger xong là nhảy luôn. vivo chậm hơn tí",https://voz.vn/t/so-sanh-trai-nghiem-find-x9-pro-va-x300-pro.1187105/,
1187105,1838329,Privacy_Terms,"Dec 22, 2025 at 1:52 PM","anhbx1992 said:



			Mình dùng con X300 thường, một điểm rất ấn tượng là con này quản lý ram cực kỳ tốt, thậm chí có những hôm mình vào lại cái app đã mở cách đó vài ngày nó vẫn chạy tiếp, điều mà con S25U hiện tại đang méo làm được.

Ví dụ chơi TFT, có Zalo, mở ra check reply mấy cái, vào 1 app OTT khác check tiếp, vào lại TFT là nó reload. Trong khi con X300 thì không. Rất ấn tượng.

OneUI từ ngày update bản 8.0 pin tụt như tụt quần, ngày sạc 2 lần. Ụ ẹ.
		
Click to expand...

này là lý do chính mà cái color os tệ hơn origin os đây, mặc dù UI đẹp hơn.

hoặc ví dụ như đang dùng chatgpt trên điện thoại, đang ghi chú giữa chừng xong chưa send mà back ra xem tin nhắn/lướt facebook/xem youtube, vô lại thấy reload cmnr. cái trải nghiệm nó cực kỳ khó chịu, ko dc mượt.",https://voz.vn/t/so-sanh-trai-nghiem-find-x9-pro-va-x300-pro.1187105/,
1187105,1838329,Privacy_Terms,"Dec 22, 2025 at 1:56 PM","skynet01 said:



			Bản update lần 2 đã  fix vụ này rồi, chạm 2 lần nó nó khóa nét luôn dù chủ thể có chạy lung tung vẫn tracking theo. Mình chụp nhóc ở nhà chạy nhảy nên rất rõ việc này 

Click to expand...

còn mấy vụ về preview khựng, focus nhảy nét của camera thì sao nhỉ. ko cần nhiều, chỉ cần dc tầm 8/10 so với vivo là dc.

nếu oppo update và fix dc mấy cái này thì chờ X9 Ultra ra chắc sẽ nhảy về oppo xem sao, vì vẫn khoái trải nghiệm cầm nắm, build quality của oppo hơn",https://voz.vn/t/so-sanh-trai-nghiem-find-x9-pro-va-x300-pro.1187105/,
1187105,764689,skynet01,"Dec 22, 2025 at 1:59 PM","Privacy_Terms said:



			còn mấy vụ về preview khựng, focus nhảy nét của camera thì sao nhỉ. ko cần nhiều, chỉ cần dc tầm 8/10 so với vivo là dc.

nếu oppo update và fix dc mấy cái này thì chờ X9 Ultra ra chắc sẽ nhảy về oppo xem sao, vì vẫn khoái trải nghiệm cầm nắm, build quality của oppo hơn
		
Click to expand...

Bác mượn máy hay mua mà không last update gì rồi mà bán luôn vậy 

Bình thường flagship chính hãng 1 tháng update 1 lần mà đám Find X9 series 1 tháng nó 3 bản update OTA và 03 bản update hệ thống (up riêng) đấy",https://voz.vn/t/so-sanh-trai-nghiem-find-x9-pro-va-x300-pro.1187105/,
1187105,1838329,Privacy_Terms,"Dec 22, 2025 at 2:14 PM","skynet01 said:



			Bác mượn máy hay mua mà không last update gì rồi mà bán luôn vậy 

Bình thường flagship chính hãng 1 tháng update 1 lần mà đám Find X9 series 1 tháng nó 3 bản update OTA và 03 bản update hệ thống (up riêng) đấy 

Click to expand...

Máy mình mua săn sale 12/12. Nhận máy về là update lên bản mới nhất rồi. Ở trên có nói đó, bản 16.0.2.401

Về dùng dc 1 tuần thì đổi qua vivo, vì cuối tuần này là có event đi chơi với công ti rồi.",https://voz.vn/t/so-sanh-trai-nghiem-find-x9-pro-va-x300-pro.1187105/,
1187105,764689,skynet01,"Dec 22, 2025 at 2:17 PM","Privacy_Terms said:



			Máy mình mua săn sale 12/12. Nhận máy về là update lên bản mới nhất rồi. Ở trên có nói đó, bản 16.0.2.401

Về dùng dc 1 tuần thì đổi qua vivo, vì cuối tuần này là có event đi chơi với công ti rồi.
		
Click to expand...


Sao lạ nhỉ ? 

Bản update 16.0.2.401 chỉ có chưa  được 1 tuần và sớm trước X9 chỉ 12 tiếng mà bạn đã update dc 401 từ 12/12 - 15/12. Có khi nào nhằm máy nội địa không bác, em xin cái imei check cái",https://voz.vn/t/so-sanh-trai-nghiem-find-x9-pro-va-x300-pro.1187105/,
1187105,1838329,Privacy_Terms,"Dec 22, 2025 at 2:29 PM","skynet01 said:



			Sao lạ nhỉ ?

Bản update 16.0.2.401 chỉ có chưa  được 1 tuần và sớm trước X9 chỉ 12 tiếng mà bạn đã update dc 401 từ 12/12 - 15/12. Có khi nào nhằm máy nội địa không bác, em xin cái imei check cái  

Click to expand...

thì đúng là máy nội địa mà, ở trên có nói đó.

săn sale 12/12, nhưng đến 17 mới nhận máy. đổi về vivo thì mới hôm qua đây thôi.

 


Attachments








2025-12-22 14.29.17.webp

					138.1 KB
					
					· Views: 26",https://voz.vn/t/so-sanh-trai-nghiem-find-x9-pro-va-x300-pro.1187105/,
1187105,764689,skynet01,"Dec 22, 2025 at 2:36 PM","Privacy_Terms said:



			thì đúng là máy nội địa mà, ở trên có nói đó.

săn sale 12/12, nhưng đến 17 mới nhận máy. đổi về vivo thì mới hôm qua đây thôi.
		
Click to expand...

Ra là máy nội địa, thôi mình đi ra",https://voz.vn/t/so-sanh-trai-nghiem-find-x9-pro-va-x300-pro.1187105/,
1187105,1970912,Cà Là Tê,"Dec 22, 2025 at 8:06 PM","mốt thím thêm chữ nội địa vô tiêu đề nữa, rom tàu nó tối ưu theo bọn tàu tắt app quốc tế ác lắm nên xài có chỗ khác máy chính hãng 

 



			
				Last edited: Dec 22, 2025",https://voz.vn/t/so-sanh-trai-nghiem-find-x9-pro-va-x300-pro.1187105/,
1187105,1469651,uloving81,"Dec 23, 2025 at 3:49 AM","lên các group fb toàn các dân chơi khen find x9 pro tít trên mây, cười ẻ )",https://voz.vn/t/so-sanh-trai-nghiem-find-x9-pro-va-x300-pro.1187105/,
1187105,2113408,mrhoang2025,"Dec 23, 2025 at 9:21 AM","vivo cái rom theo mình rất lỏ, mặc dù đa nhiệm tốt nhưng còn quá nhiều thứ dở hơi cám lợn

hỗ trợ cảm ứng app quốc tế kém, vd như cài lanbankey hay gboard để gõ tiếng việt thì rất dễ sai chữ, ko nhạy, cực kém chính xác (tàu thì mình vivo bị cái này). nếu xài bàn phím secure mặc định của vivo thì cảm ứng ngon nhưng lại méo có tiếng việt.
zalo os 4 5 thì muốn có chuông cuộc gọi thì đổi lại méo có rung, méo biết os6 có cải thiện chưa mà chắc vẫn như cũ
up video từ máy lên zalo, mess, shopee thì cực kỳ chậm, phải nói chậm vl lun cực ức chế
font chữ hệ thống quá xấu, chỉ có 2 font mặc định.",https://voz.vn/t/so-sanh-trai-nghiem-find-x9-pro-va-x300-pro.1187105/,
1187105,1530825,Bird Man,"Dec 23, 2025 at 10:06 AM","từ người dùng Iporn chuyển sang dùng x9 pro từ ngày đầu mở bán đến giờ mình có 1 số cảm nhận như sau:

Mic thu âm: kém, video call mà quay ngang máy là dễ che vào 2 cái mic dưới thân máy, nói chuyện với người khác là ko nghe đc mình nói gì
Loa: gọi là tạm ổn nhưng phải nói là so với giá thì nghe tệ
Camera: cam trước chất lượng tạm được, cái này thua IP rõ. Camera sau: cái này ko phải bàn, 1 người ko ham chụp như mình thấy rất oke, chụp xong thì sẽ có AI làm nét lại 1 lượt
Màn hình: đẹp, chất lượng tốt.
Pin: trâu, dùng mxh nhiều như mình thoải mái 1 ngày, tối về sạc 1 lần là lại ngon
HĐH: mượt nhưng tối ưu 1 số app vẫn rất ngu, ví dụ: người khác share link tiktok, IG, FB khi bấm vào thì sẽ mở trình duyệt, hỏi mở app nhưng bấm vào thì éo mở, bực vcđ. Dùng tiktok lâu chút thì giật đơ lag chỉ bị mỗi trong app đang xài, ...
Tóm gọn lại thì năm nay Find X9 pro mình thấy cũng ổn nhất trong đám android, với cái giá lúc mua trừ quà và suất NV nội bộ 28tr, bằng giá 16prm và rẻ hơn 17prm 10tr thì đã là quá hợp lý",https://voz.vn/t/so-sanh-trai-nghiem-find-x9-pro-va-x300-pro.1187105/,
1187105,2102820,Tôi Đến Từ Bát Kỳ,"Dec 24, 2025 at 12:56 PM","Mới vô đầu bài thấy khen ngoại hình xịn sò cao cấp của con điện thoại thiết kế như đám tầm trung  của con Oppo Find X9pro thì dừng đọc tiếp đc rồi.

 



			
				Last edited: Dec 24, 2025",https://voz.vn/t/so-sanh-trai-nghiem-find-x9-pro-va-x300-pro.1187105/,
1187105,1992456,Hoang Đường,"Dec 24, 2025 at 8:07 PM","Tôi thì mua Vivo x300pro dùng đc ít hôm lại trade qua X9 pro. Lí do vì con Vivo cà mặt nhiều quá, làm da nhìn bệt đi, mất hết chi tiết, giống như phim tàu dùng filter nhòe hết cả mặt. Mà t mua về chủ yếu chụp vợ con mà vợ nó còn chê sao cà nhiều quá. Mấy cái tính năng thiết kế khác thì t ko quan tâm",https://voz.vn/t/so-sanh-trai-nghiem-find-x9-pro-va-x300-pro.1187105/,
1187105,1173889,optimus296,"Dec 24, 2025 at 8:48 PM","Hoang Đường said:



			Tôi thì mua Vivo x300pro dùng đc ít hôm lại trade qua X9 pro. Lí do vì con Vivo cà mặt nhiều quá, làm da nhìn bệt đi, mất hết chi tiết, giống như phim tàu dùng filter nhòe hết cả mặt. Mà t mua về chủ yếu chụp vợ con mà vợ nó còn chê sao cà nhiều quá. Mấy cái tính năng thiết kế khác thì t ko quan tâm
		
Click to expand...

Đồng quan điểm, vợ em cũng thế

via theNEXTvoz for iPhone",https://voz.vn/t/so-sanh-trai-nghiem-find-x9-pro-va-x300-pro.1187105/,
1187105,1413417,MH370,"Dec 26, 2025 at 10:32 AM","Đúng là phone toàn diện của 2025. Chắc ko chờ xiaomi 17 nữa mà dùng X9 pro to hơn .




hóng 17 Ultra leica vs. Find X9 Ultra",https://voz.vn/t/so-sanh-trai-nghiem-find-x9-pro-va-x300-pro.1187105/,
1187105,401828,manhcuong04,"Jan 5, 2026 at 9:31 PM","MH370 said:



			Đúng là phone toàn diện của 2025. Chắc ko chờ xiaomi 17 nữa mà dùng X9 pro to hơn .




hóng 17 Ultra leica vs. Find X9 Ultra
		
Click to expand...

T cũng hóng, ngoại hình con mi17u leica đẹp vcc mà vẫn dị ứng con mi14u chụp ng da vàng khè",https://voz.vn/t/so-sanh-trai-nghiem-find-x9-pro-va-x300-pro.1187105/page-2,
1187105,1631605,rebel1712,"Jan 12, 2026 at 10:33 AM","Privacy_Terms said:



			Nay đầu tuần rảnh, review sơ Find X9 Pro sau 1 tuần trải nghiệm và chuyển về vivo X300 Pro. Lưu ý đây là bản nội địa nhé.

Những điểm hơn:
+ Ngoại hình xịn xò, cảm giác rất cao cấp. Bản mình dùng là bản màu trắng, lưng hơi sần, khung kim loại dc vát rất chỉnh chu từ cạnh khung đến cụm cam, logo hasselblad. Cầm con máy trong tay cảm giác rất xịn xò.

+ Build và cầm nắm: đầm chắc, kiểu thiết kế đặt cụm cam 1 bên dễ cầm ngang hơn ko bị cấn tay.

+ Có thêm 1 nút máy ảnh giống iphone, mặc dù theo mình thấy khá là vô dụng. Đeo ốp hãng mà vẫn khó bấm để kích mặc dù để độ nhạy tối đa, tính năng vuốt để zoom thì ko mượt bằng zoom trong camera UI. Dẫu sao thì nice to have còn hơn ko có.

+ Thông báo nổ tốt, nhạy hơn vivo.

+ Màn hình: sáng đẹp, chọn chế độ số 3 (chuyên nghiệp hay rực rỡ gì đó) nhìn khá trong trẻo nịnh mắt.

+ Loa: nghe ổn hơn đám vivo, nghe bảo dùng module AAC 1510 có n'bass cả trên lẫn dưới. Mở thử EDM thì thấy dải âm bass/mid tách bạch rõ hơn thật. Cũng ko bị vỡ khi max volume.

+ ColorOS 16 rất đẹp. Triết lý thiết kế của team oppo có vẻ khá dựa sát vào iOS nên nhìn từ bộ icon, giao diện, font chữ, animation, khả năng tuỳ biến đều cho cảm giác rất mượt, rất mở.

+ Nhiều AI hỗ trợ: AI chép lời, AI mind space, hỗ trợ ghi chú, tạo nội dung, tóm tắt văn bản. So ra thì đám AI hỗ trợ công việc, tác vụ hàng ngày phong phú hơn vivo nhiều.

+ Camera: cho phép cà da trong chế độ chụp bình thường, mode xpan khá hay, rất hợp chụp ngoại cảnh. Filter Trầm Lặng cho ra màu rất nghệ. Master Mode cho phép can thiệp vào độ sáng, tương phản, sắc nét.... nhưng chưa có điều kiện thử nhiều.

+ Cục rung và các chế độ rung phản hồi tốt hơn vivo.

+ Pin trâu khỏi nói, sạc đầy 1 lần dùng phải dc 1 ngày rưỡi mới cần sạc lại.




Những điểm thua:
+ To ngang, dày hơn vivo, khiến cho những ai tay bé sẽ hơi khó khăn nếu thao tác 1 tay.

+ ColorOS đẹp nhưng quản lý ram và tài nguyên rất chán (bản 16.0.2.401) thường xuyên kill app khiến phải reload, mở lại. Đã thử khoá app, cho chạy nền, cho chạy hao pin cao,  mở quyền thông báo, mở tuỳ chọn nhà phát triển cho tối đa 4 app chạy nền... vẫn ko khắc phục dc. Theo dõi thì thấy ram 12gb nhưng chỉ cần lên đến tầm 10,5 / 11GB là bắt đầu kill app. Tính về khả năng giữ app và đa nhiệm này thua xa OriginOS của vivo.

+ Pin trâu nhưng sạc chậm, cái này thì trên này nói nhiều rồi. Khoảng 50 - 60% đầu sạc nhanh, tầm 80% trở lên sạc khá chậm. Ngoài ra thì bệnh chung của bọn oppo là kén sạc. Cùng củ ugreen 100w vivo sạc phà phà tầm dưới 1h là đầy (iqoo 13, x300 pro), oppo phải hơn tiếng. So ra vivo dễ dãi như phò.


Camera: ai mua con này chắc cũng vì chụp choẹt là chính, nhưng trải nghiệm cam tele 200mpx lại ko như mong đợi. Cam preview khá là lag, focus chậm và bị khựng, đặc biệt khi zoom đến tầm 3x (70mm), 6x (~140mm) trở lên.
Nhắc đến tiêu cự thì x9 pro chân dung thọt 1 chút xíu so với vivo, khi tiêu cự zoom quang là 3x (70mm) so với vivo là 3,7x (85mm). Trong setting cũng cho phép chạm 2 lần để chuyển từ 70mm ->  85mm, nhưng là crop lại từ 3x.
Camera lấy nét chủ thể phức tạp hoặc thiếu sáng khá tệ, ví dụ như focus 1 cái bóng đèn xen giữa tán lá cây hoặc côn trùng ở giữa 1 đám cỏ, sẽ thấy hunting rất kinh, nhảy nét liên tục. Video cũng chịu tình trạng tương tự nếu panning. Ko biết liệu đây là tình trạng chung của đám camera phone nhà oppo hay do con find x9 pro này chưa tối ưu nên vậy?
Vivo cho phép gõ 2 lần để khoá nét/ tracking chủ thể. Oppo ko có.
Camera chụp lâu lâu nóng còn văng cả app.
Hiệu năng game ko tối ưu nếu ko add game vào game center và mở game assistant. Lúc đầu ko biết cái này, quen tay xài máy tàu xoá mấy app rác đi thì tiễn luôn thằng game center. Đến lúc chơi thử vài ván TFT thấy lag vcl, mò mẫm 1 hồi cài lại, add vào game center, mở thanh game assistant mới hết.
Máy khá nóng, nóng hơn vivo khi load các tác vụ nặng, chơi game.

Tóm lại: muốn cảm giác cầm 1 con điện thoại sang xịn mịn, cảm giác cao cấp, trải nghiệm UI mượt mà, pin trâu thì oppo. Còn muốn 1 con điện thoại ổn định, camera best cùng phân khúc, hiệu năng ổn thì vivo.

Lý do chính mình đổi về lại vivo là :
1/ Color OS kill app quá kinh, reload app liên tọi nên mỗi lần mở lên phải khởi động lại rất khó chịu.
2/ Trải nghiệm camera chụp, lấy nét ko dc smooth, mặc dù ảnh của oppo vẫn có cái chất riêng và đặc biệt mà vivo ko có. Hy vọng những cái này sẽ dc oppo cải thiện trong tương lai.

Còn lại mấy cái lặt vặt như sạc chậm, lỗi hiển thị font bị cắt 1 bên trên facebook, cảm giác cầm nắm vv... là những cái có thể khắc phục theo thời gian sử dụng dc.

Bonus cái ảnh chụp bằng filter Trầm lặng của oppo và Màu CN của vivo  Ở trên oppo dưới vivo nhé 

Click to expand...

Mình đang dùng X9pro, chỗ đa nhiệm của mình k bị. Nhiều lúc tiktok để 2-3 ngày đến lúc nó lag quá mình k chịu được mới phải kill nó để mở lại thôi.
Camera thì nhót thật, nhưng đây là do phần mềm thôi, chắc vài phiên bản nữa sẽ hết. Có cái năm nay ColorOS 16 tối ưu app đúng lỏ, cái này thì còn xách dép cho Iphone dài",https://voz.vn/t/so-sanh-trai-nghiem-find-x9-pro-va-x300-pro.1187105/page-2,
1187105,1838329,Privacy_Terms,"Jan 12, 2026 at 10:43 AM","rebel1712 said:



			Mình đang dùng X9pro, chỗ đa nhiệm của mình k bị. Nhiều lúc tiktok để 2-3 ngày đến lúc nó lag quá mình k chịu được mới phải kill nó để mở lại thôi.
Camera thì nhót thật, nhưng đây là do phần mềm thôi, chắc vài phiên bản nữa sẽ hết. Có cái năm nay ColorOS 16 tối ưu app đúng lỏ, cái này thì còn xách dép cho Iphone dài 

Click to expand...

bác dùng nội địa hay chính hãng, bản update bao nhiêu thế.

đợt này find x9 ultra nghe leak cụm cam tiềm năng ghê. nếu đúng như leak thì chờ ultra ra bán về lại oppo",https://voz.vn/t/so-sanh-trai-nghiem-find-x9-pro-va-x300-pro.1187105/page-2,
1187105,1631605,rebel1712,"Jan 12, 2026 at 10:47 AM","Privacy_Terms said:



			bác dùng nội địa hay chính hãng, bản update bao nhiêu thế.

đợt này find x9 ultra nghe leak cụm cam tiềm năng ghê. nếu đúng như leak thì chờ ultra ra bán về lại oppo
		
Click to expand...

Mình dùng chính hãng nha, đang bản 16.0.2.401
Mình cũng thích dòng ultra hơn mà k có bán chính hãng mới cay. Xài nội địa đang lỗi ngân hàng, dính vào lại mệt.",https://voz.vn/t/so-sanh-trai-nghiem-find-x9-pro-va-x300-pro.1187105/page-2,
1187105,1732542,LeHieu0608,"Jan 14, 2026 at 10:49 PM","Privacy_Terms said:



			bác dùng nội địa hay chính hãng, bản update bao nhiêu thế.

đợt này find x9 ultra nghe leak cụm cam tiềm năng ghê. nếu đúng như leak thì chờ ultra ra bán về lại oppo
		
Click to expand...

So pin 2 con thế nào bác? x300p có thọt hơn x9p nhiều ko? Camera nữa. 
Đang tính múc x9p nội địa mà nghe kill app với cam lag thì cũng hơi rén",https://voz.vn/t/so-sanh-trai-nghiem-find-x9-pro-va-x300-pro.1187105/page-2,
1187105,1858494,Kientrinhh,"Jan 29, 2026 at 9:23 AM","Privacy_Terms said:



			này là lý do chính mà cái color os tệ hơn origin os đây, mặc dù UI đẹp hơn.

hoặc ví dụ như đang dùng chatgpt trên điện thoại, đang ghi chú giữa chừng xong chưa send mà back ra xem tin nhắn/lướt facebook/xem youtube, vô lại thấy reload cmnr. cái trải nghiệm nó cực kỳ khó chịu, ko dc mượt.
		
Click to expand...

Bác có thể nói rõ hơn tình huống sd được không. Chứ 2 app mà đã load lại thì đa nhiệm lỏ quá. M xài oneplus app tiktok nặng để từ đêm hôm qua tới sáng nay nó còn k load lại luôn ấy, bật cả tiết kiệm pin + tối ưu pin khi ngủ luôn.",https://voz.vn/t/so-sanh-trai-nghiem-find-x9-pro-va-x300-pro.1187105/page-2,
1187105,1838329,Privacy_Terms,"Jan 29, 2026 at 9:38 AM","LeHieu0608 said:



			So pin 2 con thế nào bác? x300p có thọt hơn x9p nhiều ko? Camera nữa.
Đang tính múc x9p nội địa mà nghe kill app với cam lag thì cũng hơi rén  

Click to expand...

x300p đủ xài 1 ngày cơ bản rồi. vd như dưới đây dùng chủ yếu facebook, youtube, nghe nhạc, chơi 1 vài game linh tinh thì 12h đêm hôm trước -> 20h hôm sau còn tầm 48%

pin con x9 pro trâu hơn tầm 1 tiếng, tiếng rưỡi gì đó nếu dùng onscreen. xài kiểu hỗn hợp thì x300p 1 ngày sạc 1 lần thì x9 pro tầm ngày rưỡi mới phải sạc

nghe bảo colorsOS nội địa có cái whitelist của nó. app nào nằm ngoài whitelist thì kể cả đã khoá đa nhiệm nó vẫn kill. thực tế trải nghiệm thì thấy nó kill gắt thiệt.

vụ cam lag, bị nóng với văng app khi chụp 1 lúc thì ko rõ đã khắc phục trong những bản update sau này chưa.",https://voz.vn/t/so-sanh-trai-nghiem-find-x9-pro-va-x300-pro.1187105/page-2,
1187105,1838329,Privacy_Terms,"Jan 29, 2026 at 9:49 AM","Kientrinhh said:



			Bác có thể nói rõ hơn tình huống sd được không. Chứ 2 app mà đã load lại thì đa nhiệm lỏ quá. M xài oneplus app tiktok nặng để từ đêm hôm qua tới sáng nay nó còn k load lại luôn ấy, bật cả tiết kiệm pin + tối ưu pin khi ngủ luôn.
		
Click to expand...

ko phải là mới 2 app đã load lại. mà là trong quá trình dùng thì nó rất hay bị reload kể cả đã khoá đa nhiệm. ngoài trg hợp dùng chatgpt như đã nêu ở trên, còn có đang chơi game -> back ra firefox tìm thông tin -> quay lại thấy bị reload, hoặc facebook đang dùng -> mở sidebar youtube nghe nhạc, mở dualscreen để đọc truyện -> quay lại bị reload.

trc mình dùng magicos (magic 6 pro) sau này origin os (iqoo 13, x200 promini, x300 pro) thì ko có tình trạng này. khoá đa nhiệm lại là hệ thống tự hiểu mình muốn giữ app chạy ngầm. chỉ khi để quá lâu hoặc mất mạng mới bị reload

oneplus ngày trc mình cũng có dùng con 8 chạy oxygen os cũng ko bị.

đến bây giờ là gần 2 tháng đổi qua x300p rồi. có thể color os đã update những bản khác. bạn cần ra tiệm tự trải nghiệm thử rồi quyết định",https://voz.vn/t/so-sanh-trai-nghiem-find-x9-pro-va-x300-pro.1187105/page-2,
1187105,1732542,LeHieu0608,"Jan 29, 2026 at 11:39 AM","Privacy_Terms said:



			x300p đủ xài 1 ngày cơ bản rồi. vd như dưới đây dùng chủ yếu facebook, youtube, nghe nhạc, chơi 1 vài game linh tinh thì 12h đêm hôm trước -> 20h hôm sau còn tầm 48%

pin con x9 pro trâu hơn tầm 1 tiếng, tiếng rưỡi gì đó nếu dùng onscreen. xài kiểu hỗn hợp thì x300p 1 ngày sạc 1 lần thì x9 pro tầm ngày rưỡi mới phải sạc

nghe bảo colorsOS nội địa có cái whitelist của nó. app nào nằm ngoài whitelist thì kể cả đã khoá đa nhiệm nó vẫn kill. thực tế trải nghiệm thì thấy nó kill gắt thiệt.

vụ cam lag, bị nóng với văng app khi chụp 1 lúc thì ko rõ đã khắc phục trong những bản update sau này chưa.

View attachment 3456238

Click to expand...

Không thấy bác rep e quất x9p luôn rồi, thấy quá ưng 



Bản 16/512, dùng 2 tuần qua chưa bao giờ bị load lại app (trừ khi để quá lâu), chơi game từ 12h, xong lướt 1 đống thứ khác phải gần chục app, đến 15h mở lại game vẫn thấy giữ  
Cam quay chụp liên tục tầm 30p không thấy bị văng.
Nhìn biểu đồ của bác thì pin x9p đúng là hơn tầm 1h30-2h, e dùng đến mốc 50% là hơn 6h.",https://voz.vn/t/so-sanh-trai-nghiem-find-x9-pro-va-x300-pro.1187105/page-2,
1187105,1838329,Privacy_Terms,"Jan 29, 2026 at 11:47 AM","LeHieu0608 said:



			Không thấy bác rep e quất x9p luôn rồi, thấy quá ưng 



Bản 16/512, dùng 2 tuần qua chưa bao giờ bị load lại app (trừ khi để quá lâu), chơi game từ 12h, xong lướt 1 đống thứ khác phải gần chục app, đến 15h mở lại game vẫn thấy giữ  
Cam quay chụp liên tục tầm 30p không thấy bị văng.
Nhìn biểu đồ của bác thì pin x9p đúng là hơn tầm 1h30-2h, e dùng đến mốc 50% là hơn 6h.
		
Click to expand...

bác dùng nđ hay chính hãng, với cả phiên bản firmware bao nhiêu thế?

thực tế e vẫn thích dùng color os hơn origin os. nếu múc lên bản 16/512 mà khắc phục dc mấy cái lặt vặt thì chờ đợt này x9 ultra ra múc hẳn lên dùng cho sướng",https://voz.vn/t/so-sanh-trai-nghiem-find-x9-pro-va-x300-pro.1187105/page-2,
1187105,1732542,LeHieu0608,"Jan 29, 2026 at 11:52 AM","Privacy_Terms said:



			bác dùng nđ hay chính hãng, với cả phiên bản firmware bao nhiêu thế?

thực tế e vẫn thích dùng color os hơn origin os. nếu múc lên bản 16/512 mà khắc phục dc mấy cái lặt vặt thì chờ đợt này x9 ultra ra múc hẳn lên dùng cho sướng
		
Click to expand...

E dùng nội địa, bản hiện tại là 16.0.3.504, lúc mới mua nó update 1 lần, sau vài hôm lại update phát nữa.
Cơ mà cái lỗi lướt fb thi thoảng mất thanh search với thông báo vẫn chưa fix, chắc do dân tàu ko xài fb",https://voz.vn/t/so-sanh-trai-nghiem-find-x9-pro-va-x300-pro.1187105/page-2,
1187105,1694203,toad_sage,"Mar 2, 2026 at 8:35 AM","LeHieu0608 said:



			E dùng nội địa, bản hiện tại là 16.0.3.504, lúc mới mua nó update 1 lần, sau vài hôm lại update phát nữa.
Cơ mà cái lỗi lướt fb thi thoảng mất thanh search với thông báo vẫn chưa fix, chắc do dân tàu ko xài fb  

Click to expand...

giống em  quả FB có lỗi mất status bar, tự chạy nhạc nền (đ biết ở đâu ra) với Zalổ cuộc gọi đến chỉ chuông không hiện giao diện cc gì hết là 2 cái bug cáu nhất",https://voz.vn/t/so-sanh-trai-nghiem-find-x9-pro-va-x300-pro.1187105/page-2,
1187105,1732542,LeHieu0608,"Mar 2, 2026 at 10:34 AM","toad_sage said:



			giống em  quả FB có lỗi mất status bar, tự chạy nhạc nền (đ biết ở đâu ra) với Zalổ cuộc gọi đến chỉ chuông không hiện giao diện cc gì hết là 2 cái bug cáu nhất
		
Click to expand...

Cái bug fb có vẻ do fb bác ạ, thấy máy khác cũng kêu   
Còn Zalo thì bác vào ứng dụng -> quyền truy cập ứng dụng đặc biệt -> gửi tb toàn màn hình rồi cho phép thằng zalo là đc.",https://voz.vn/t/so-sanh-trai-nghiem-find-x9-pro-va-x300-pro.1187105/page-2,
1187105,945286,qlinhchi,"Apr 28, 2026 at 8:59 PM","toad_sage said:



			giống em  quả FB có lỗi mất status bar, tự chạy nhạc nền (đ biết ở đâu ra) với Zalổ cuộc gọi đến chỉ chuông không hiện giao diện cc gì hết là 2 cái bug cáu nhất
		
Click to expand...

Sửa được lỗi chưa thím",https://voz.vn/t/so-sanh-trai-nghiem-find-x9-pro-va-x300-pro.1187105/page-2,
1190832,1995972,dzungvu99,"Jan 1, 2026 at 4:50 AM","Xin chào các bác.

Sau hơn tuần trải nghiệm màn 27"" AOC Q27G11E/74 thì mình thấy màn >=27 inch hơi to quá và gây khó khăn cho việc way tay nghiên cứu tài liệu học tập 
Nên mình quyết định tậu 1 em 24"" 2K về thay thế.

Sau mấy ngày mò mấy mã AOC Q24G2/74, AOC Q24G4E/74 và Philips 24M1N5500Z ở khắp internet và mọi nơi đều hết hàng thì.........Bằng một cách thần kì nào đó em KTC H24T7 này hiện lên trên feed của sọp pê và mình bấm vô luôn 




------------------------
Thông số:

Size màn hình: 24 inch
Size tấm nền hiển thị: 23.8 inch
Độ phân giải: 2K - 2560 x 1440
Tấm nền: TCL CSOFT (mã SG2381G01-3)
Phân loại màn: IPS
Độ sâu bit màu: 10 bit (8bit + FRC)
Độ sáng: 450 nits (thấy video review trên bilibili là lên dc gần 500 nits nên có vẻ ổn áp)
Tần số quét: 180hz (có overclocking lên 185hz nhưng cá nhân mình thấy..... có mỗi 5hz thì cũng chả cần thiết lắm)
Tốc độ phản hồi: 1ms GtG
Độ phủ màu: 99% sRGB, 91% DCI-P3 (trên giấy tờ thông tin của tấm panel ghi là 91%, còn hãng gáy là 95% thì mình cũng ko rõ lắm, xem vid trên bilibili thì thấy họ đo dc độ phủ màu DCI-P3 là 90.2%.....nên có vẻ thông số đúng DCI-P3 là tầm 91%)
-------------------------
Ngoài lề xíu, trước khi có bác nào chê, thì theo mình tìm hiểu dc thì gam màu và độ phủ màu khác nhau nhé các bác, gam màu có thể lên >=120% sRGB hay >=100% DCI-P3 nhưng độ phủ màu thì gần như ko lúc nào dc max 100% đâu, các hãng hay ghi mỗi gam màu (chẳng hạn như AOC) vì số nó to nhìn nó phê hơn.
Sau một hồi lượn lờ shop này thì mình thấy mẫu Viewsonic VX25G26-2K này, màn 25 inch, cũng khá ok. Thấy AOC cũng mới ra mẫu mới 25 inch bên trung, nên mình nghĩ sắp tới màn 25 inch sẽ là trend cho độ phân giải 2K, nhìn cho nó đỡ rỗ.




Và sau một thời gian ngồi nghiên cứu thông số của em này và xem youtube GearVN đo thông số của 2 con màn AOC thì mình thấy độ phủ màu của mấy con này như sau:

KTC H24T7: 99% sRGB + 91% DCI-P3 + 10 bit (8 bit + FRC)
Viewsonic VX25G26-2K: 99% sRGB + 89% DCI-P3 + 8 bit (nguồn hãng gáy)
AOC Q24G2/74: 99% sRGB + 78% DCI-P3 + 8 bit (nguồn youtube GearVN)
AOC Q24Q11E/74: 99% sRGB + 87% DCI-P3 + 8 bit (nguồn youtube GearVN)
Philips 24M1N5500Z: 94% sRGB + 89% DCI-P3 + 8  bit (nguồn hãng gáy)

Con Viewsonic thông số khá ngon, dc cái hz cao nhưng mình thấy trên voz ae kêu màn viewsonic bị ám vàng hay màu xấu........nên mình đã quyết định làm chuột bạch và tậu em KTC H24T7 này về, mặc dù KTC có vẻ ít được ưa chuộng tại VN và gần như ko có cái review nào 
Còn bác nào muốn làm chuột bạch giúp ae thử con Viewsonic VX25G26-2K mới ra kia thì mình cũng ủng hộ nhiệt tình 
------------------------
Và đây là em nó thưa các bác: 
Box gồm:

1 cái stand
1 dây DP
1 cục nguồn
Nhân vật chính
Vài tờ giấy vớ vẩn làm nhân vật phụ













Cục nguồn và dây nguồn của em KTC H24T7 này to và dày dặn hơn so với dây sạc của AOC Q27G11E/74 





Giờ là phần chính, trải nghiệm khả năng hiển thị của em nó và so với AOC Q27G11E/74, vs màn laptop Lenovo Legion 7 2021:





Mình thấy con KTC H24T7 hiển thị màu ngon hơn hẳn màn laptop và con AOC, riêng con AOC còn ko ăn nổi màn laptop. 

Nhưng so màu thì chưa đủ, chúng ta cần thực chiến xem khả năng chinh chiến của em KTC này như nào 
---------
Normal mode 




----------
sRGB mode 




----------
HDR mode 




===========================
Tóm cái váy lại là màu của em KTC H24T7 này quá đẹp, thông số cũng quá ổn áp so với giá tiền. Đúng 'bang for the buck' luôn 
Chơi liều làm chuột bạch và nhận được cái kết như này là quá ổn áp.
Còn về độ bền thì để thời gian sẽ trả lời. 

 



			
				Last edited: Jan 2, 2026",https://voz.vn/t/review-man-hinh-ktc-h24t7-vs-aoc-q27g11e-74.1190832/,
1190832,1995972,dzungvu99,"Jan 1, 2026 at 4:56 AM","Bonus cho các bác thêm vài tấm ảnh   







màn 24"" ko quá to, rất thích hợp cho việc way tay luyện chưởng",https://voz.vn/t/review-man-hinh-ktc-h24t7-vs-aoc-q27g11e-74.1190832/,
1190832,1995972,dzungvu99,"Jan 1, 2026 at 4:59 AM",Bảo hành thì như này nhé các bác,https://voz.vn/t/review-man-hinh-ktc-h24t7-vs-aoc-q27g11e-74.1190832/,
1190832,1123118,yogurt.v20,"Jan 2, 2026 at 12:58 PM",Công đức vô lượng. Cho link đi shop,https://voz.vn/t/review-man-hinh-ktc-h24t7-vs-aoc-q27g11e-74.1190832/,
1190832,1995972,dzungvu99,"Jan 2, 2026 at 2:00 PM","yogurt.v20 said:



			Công đức vô lượng. Cho link đi shop  

Click to expand...

Mình có phải nv seeder của shop đâu bác 
Nhưng mà bác muốn thêm info thì đây, mình mua của bên Siêu Cấp PC. 
Mình để ảnh, tại ko biết có dc gửi link sọp pe vào đây ko lmao.








Hàng có sẵn nè bác. Múc nhanh kẻo hết hàng thì lại phải đợi shop nhập từ TQ về",https://voz.vn/t/review-man-hinh-ktc-h24t7-vs-aoc-q27g11e-74.1190832/,
1190832,1123118,yogurt.v20,"Jan 2, 2026 at 2:11 PM","dzungvu99 said:



			Mình có phải nv seeder của shop đâu bác 
Nhưng mà bác muốn thêm info thì đây, mình mua của bên Siêu Cấp PC.
Mình để ảnh, tại ko biết có dc gửi link sọp pe vào đây ko lmao.
View attachment 3411373
View attachment 3411374
Hàng có sẵn nè bác. Múc nhanh kẻo hết hàng thì lại phải đợi shop nhập từ TQ về 

Click to expand...

Công đức vô lượng. Đa tạ huynh đài.",https://voz.vn/t/review-man-hinh-ktc-h24t7-vs-aoc-q27g11e-74.1190832/,
1190832,1995972,dzungvu99,"Jan 2, 2026 at 3:07 PM","yogurt.v20 said:



			Công đức vô lượng. Đa tạ huynh đài.
		
Click to expand...

hay bác múc con KTC H24T7 và cả con Viewsonic VX25G26-2K kia về làm chuột bạch xong review cho ae xem thử xem mẫu mới Viewsonic như nào 

Thấy thằng AOC mới ra mã mới AOC Q25G4S 2K 300hz hiện đang chỉ có bên TQ.
Nhìn cũng ổn áp đấy.......mỗi tội độ sáng 350 nits thì vứt 
Sau khi mình chuyển từ con AOC Q27G11E/74 350 nits kia sang KTC H24T7 450 nits này thì từ giờ say đoé với màn =< 350 nits luôn, tối vl 

Khá chắc là sắp tới màn 25"" sẽ thành trend cho độ phân giải 2K vì PPI sẽ là ~120 PPI, nhìn màn sẽ đỡ rỗ hơn so với màn 27"" 2K với mức PPI là 108.
Nhưng mà hiện tại mình thấy em KTC H24T7 24"" này cũng quá ngon rồi.",https://voz.vn/t/review-man-hinh-ktc-h24t7-vs-aoc-q27g11e-74.1190832/,
1190832,1995972,dzungvu99,"Jan 2, 2026 at 4:28 PM","Update:
Thêm vài hình test thêm cho các bác  Con AOC mình bán lại rồi nên ko test so sánh dc. So sánh với màn laptop vậy, mà dù sao thì con AOC cũng chả ăn nổi màn laptop nên chả cần.

Test hở sáng:
ISO 640 - Shutter Speed 1/180s - WB 6500K





Bloom test:
ISO 250 - Shutter Speed 1/500s - WB 5500K








Túm lại thì hở sáng và bloom thì vẫn có, trên camera thì chỉnh settings chụp như kia nhìn nó thế, nhưng thực tế thì sẽ đỡ hơn nhiều.",https://voz.vn/t/review-man-hinh-ktc-h24t7-vs-aoc-q27g11e-74.1190832/,
1190832,1995972,dzungvu99,"Jan 2, 2026 at 4:36 PM","Anyway kết luận là cái phân khúc màn 24 inch 2K thì mình thấy con KTC H24T7 này là ngon nhất rồi   
Ngoài thị trường có đúng 4 con màn 24"" là KTC H24T7, AOC Q24G2/74, AOC Q24Q11E/74, Philips 24M1N5500Z. Thì 3 con kia ko con nào ăn dc con KTC này.

Còn lên 25 inch 2K có con Viewsonic VX25G26-2K và con AOC Q25G4S thì đợi xem có bác nào dũng cảm làm chuột bạch ko",https://voz.vn/t/review-man-hinh-ktc-h24t7-vs-aoc-q27g11e-74.1190832/,
1190832,1828982,Minhkute360,"Jan 3, 2026 at 1:08 AM","Hỏi cái là con aoc q27g11e chỉ có 8bit thôi ko p 8bit+frc à? Đang tính mua em này và m thấy 27” là vừa mắt rồi chứ 24” thấy hơi bé quá.
Có con Philips 27m3n3540/27m3n3540q thấy con non-q có hdr400 còn con có q chỉ có hdr10 như con aoc nhưng có 1 tỉ màu & 10bit, ko rõ nên ưu tiên cái nào hơn, bác nào có kinh nghiệm khoảng này chia sẻ em với ạ. Và màn Phil nói chung ok chứ ạ?",https://voz.vn/t/review-man-hinh-ktc-h24t7-vs-aoc-q27g11e-74.1190832/,
1190832,1995972,dzungvu99,"Jan 3, 2026 at 1:57 AM","Minhkute360 said:



			Hỏi cái là con aoc q27g11e chỉ có 8bit thôi ko p 8bit+frc à? Đang tính mua em này và m thấy 27” là vừa mắt rồi chứ 24” thấy hơi bé quá.
Có con Philips 27m3n3540/27m3n3540q thấy con non-q có hdr400 còn con có q chỉ có hdr10 như con aoc nhưng có 1 tỉ màu & 10bit, ko rõ nên ưu tiên cái nào hơn, bác nào có kinh nghiệm khoảng này chia sẻ em với ạ. Và màn Phil nói chung ok chứ ạ?
		
Click to expand...

#1: Confirm với bác là AOC Q27G11E/74 là 8 bit nhé, ko lên dc 10 bit (8 bit + FRC) đâu.
Bác nhìn ảnh dưới, cái ô 8 bit nó bị lock lại, màu xám, ko chọn dc => tức là 8 bit thôi. 





#2: 27 inch mà chơi 2K, PPI sẽ là 108, nếu bác xài màn cùi thì sẽ thấy màn bị rỗ, 24 inch thì PPI là 123 nên nó sẽ đỡ hơn.

#3: Mình ko rõ mấy con philips, hãng này thấy cực kì ít review.
Ban đầu mình nghe thằng bạn là AOC best  thế là nghe nó múc con AOC Q27G11E/74 về nhưng về sau muốn xuống 24"" nên mò AOC Q24G2 hoặc Q24G11E, thấy chỗ nào cũng out of stock => chuyển sang tìm philips, dù ít review nhưng thôi làm chuột bạch cũng dc. Nhưng nó cũng hết cmn hàng luôn => thế là mình chốt con KTC H24T7 này.

Mình nghĩ chất lượng build thì philips đâu đó ngang viewsonic. Nhưng chất lượng hiển thị thì ko ngồi chung mâm với tụi KTC, HKC, Koorui, AOC, MSI được.
Bác có thể nhìn thông số tham khảo trên post đầu mình ghi, độ phủ màu sRGB và DCI-P3 thấy nhất cả đám luôn.
Bền thì có thể, nhưng màu sắc thì chưa thấy cái review nào khen cả, chỉ thấy gọi là dùng ok, kể cả màn 10 bit, bên tq tụi nó cũng ko ưa chuộng hãng này. Nói chung hit or miss 50/50.

Mua Philips thì bác nên cân nhắc độ sáng nữa, như mình nói bên trên ý, mấy con =< 350 nits (IPS thường) tối vcl. Nên tìm mã nào hdr400 trở lên bác ạ.",https://voz.vn/t/review-man-hinh-ktc-h24t7-vs-aoc-q27g11e-74.1190832/,
1190832,1828982,Minhkute360,"Jan 3, 2026 at 11:40 AM","Thanks bác nhiều ạ. Giờ m đang nhắm sang con vx27g58 bên Siêu cấp Pc vì con này có hdr400 + joystick dễ bấm menu hơn. Tuy nhiên vẫn còn lăn tăn chất lg & hiển thị con view tn nhỉ? Mẫu 27g58 này tìm mãi chưa thấy review nào.
Và cái hdr400 phải hơn cái hdr10 ko? M ko rõ khoảng này.",https://voz.vn/t/review-man-hinh-ktc-h24t7-vs-aoc-q27g11e-74.1190832/,
1190832,1995972,dzungvu99,"Jan 3, 2026 at 12:22 PM","Minhkute360 said:



			Thanks bác nhiều ạ. Giờ m đang nhắm sang con vx27g58 bên Siêu cấp Pc vì con này có hdr400 + joystick dễ bấm menu hơn. Tuy nhiên vẫn còn lăn tăn chất lg & hiển thị con view tn nhỉ? Mẫu 27g58 này tìm mãi chưa thấy review nào.
Và cái hdr400 phải hơn cái hdr10 ko? M ko rõ khoảng này.
		
Click to expand...

HDR10 = độ sau màu 10 bit (8bit+FRC cũng được coi là HDR10)
HDR400, HDR1000, etc = cái chứng nhận của VESA, tức bảo là cái màn này có độ sáng tối đa sẽ đạt giá trị tối thiểu là 400 nits, 1000 nits, etc (tức là độ sáng >=400 nits, >=1000 nits, etc)

Còn review thì việt nam chắc ko có đâu.
Bên tàu thì có. Bác có thể search mục video là ra ấy mà





						强势入场！2K原生200Hz只要799？优派VX27G58-2K详细评测【屏测】_哔哩哔哩_bilibili
					

突破底价的原生200Hz、超频210Hz的2K显示器来了, 视频播放量 114923、弹幕量 125、点赞数 545、投硬币枚数 48、收藏人数 101、转发人数 112, 视频作者 好屏如潮, 作者简介 想带来最贴合实际的显示设备评测or体验。商务vx：qf1624559608，备注品牌来意。交流群：1081536946，相关视频：超高性价比全能屏！ 27英寸/2K/275Hz 优派VX27G58-2K-2详细评测 /Fast-IPS 游戏显示器，【2026年3月显示器推荐】百万设备教你怎么选显示器！万字爆肝高性价比购买攻略，涵盖所有规格/性价比/电竞/游戏 高刷 办公屏...




					www.bilibili.com
				








						入门价格，旗舰调教！27寸2K 210Hz 高刷硬件低蓝光电竞显示器优派VX27G58-2K评测_哔哩哔哩_bilibili
					

相信兄弟们买显示器一定是抓住大屏、高刷、高清、高亮度这些重点来挑选的如果再加上不到千元的价格那想必各位已经开始心动了今天我们就给大家带来一款同时具备上述这些重点的显示器它就是优派VX27G58-2K27英寸2K 210Hz FastIPS电竞显示器支持硬件低蓝光售价仅799元那它的具体表现如何，咱们一起来看看吧, 视频播放量 317980、弹幕量 232、点赞数 5909、投硬币枚数 819、收藏人数 1451、转发人数 321, 视频作者 搞机所, 作者简介 淘宝店：搞机所电脑 微博:搞机所 商务合作微信gjsffff ，相关视频：逆天！27寸2k...




					www.bilibili.com
				




Thông số thì ngon đấy, nhưng again cái chúng ta cần là khả năng sử dụng thực tế.
Lần trước mình ngắm mấy con nano-ips bên bác Trieubom nhưng thằng bạn mình gạt luôn, bảo là màn >=27 inch của viewsonic rỗ vl, bác có thể ra showroom để xem.
+ thấy mấy anh em trên voz từng kêu rất nhiều là màn ám vàng, hay tông màu bị ấm (chắc là >=6500K gì đó) cần phải cân màu lại, vân vân và vân vân, mặc dù bền thì nó có thể bền thật.

Đấy là lý do mình ko chọn hiến máu cho viewsonic đó bác, chứ ko thì mình múc con VX25G26-2K kia rồi.  Hên sao may quá chọn làm chuột bạch mua con KTC H24T7 xong màu nó hiển thị ngon quá.
Nói chung là màn IPS thường thì chất lượng màu sẽ hit or miss 50/50 tuỳ từng hãng và nhân phẩm của bác.
Còn Nano IPS hay Miniled thì có thể màu sắc ngon hơn, nhưng mà mình chưa dùng bao giờ, với cả phân khúc 24 inch cũng ko có con nào mà mua nên ko nói chắc cho bác được.

Cái review của bọn tàu kia mình nhìn thì vẫn gọi là tham khảo thông số thôi, vì bản chất tụi nó cũng là nhân viên của các shop/hãng review để thu khách giúp bán hàng. Chứ thật sự chất lượng ngon nghẻ hay ko thì vẫn hên xui bác ạ 

Chúc bác làm chuột bạch may mắn và nhận cái kết có hậu 

 



			
				Last edited: Jan 3, 2026",https://voz.vn/t/review-man-hinh-ktc-h24t7-vs-aoc-q27g11e-74.1190832/,
1190832,1828982,Minhkute360,"Jan 3, 2026 at 6:06 PM","dzungvu99 said:



			Lần trước mình ngắm mấy con nano-ips bên bác Trieubom nhưng thằng bạn mình gạt luôn, bảo là màn >=27 inch của viewsonic rỗ vl, bác có thể ra showroom để xem.
		
Click to expand...

Showroom ở đâu thế b? M ở HN ra đc ko?
Mà m chỉ cần mua về dùng ngon là đc thôi chứ ko chơi chuột bạch đâu ạ",https://voz.vn/t/review-man-hinh-ktc-h24t7-vs-aoc-q27g11e-74.1190832/,
1190832,1995972,dzungvu99,"Jan 3, 2026 at 6:50 PM","Minhkute360 said:



			Showroom ở đâu thế b? M ở HN ra đc ko?
Mà m chỉ cần mua về dùng ngon là đc thôi chứ ko chơi chuột bạch đâu ạ
		
Click to expand...

Bác sang thread bên viewsonic của bác Trieubom rồi nhắn thẳng bác ý đi.
Thằng bạn mình bảo showroom ở hà đông mà mình cũng chả rõ chỗ nào, cũng chả rõ của bác Trieubom hay của bên khác",https://voz.vn/t/review-man-hinh-ktc-h24t7-vs-aoc-q27g11e-74.1190832/,
1190832,1718467,thichvoz333,"Jan 4, 2026 at 10:55 AM","Con này đợt săn Laz đáy chỉ tầm 2 củ 2 nhưng ko có bảo hành, giá ngang Tmall luôn. Bác nào ko ngại có thể canh tầm Tết khả năng cao sẽ lại có mã đáy tiếp

KTC e thấy khá thành công phân khúc màn giá rẻ ở Tây mà về VN giá toàn đội lên. Cho bác nào ko biết thì nó là thương hiệu giá rẻ của HKC, màn p/p rất tốt. Mong nó tiếp tục để giá ngang Taobao để phổ cập màn ngon",https://voz.vn/t/review-man-hinh-ktc-h24t7-vs-aoc-q27g11e-74.1190832/,
1190832,1995972,dzungvu99,"Jan 4, 2026 at 5:33 PM","thichvoz333 said:



			Cho bác nào ko biết thì nó là thương hiệu giá rẻ của HKC, màn p/p rất tốt.
		
Click to expand...

Ủa vậy hả bác. 
Mình tưởng KTC nó là brand lẻ.
Mình tìm hiểu thì thấy KTC là hãng OEM lớn chuyên đi gia công cho tụi khác, LG, Samshit, etc cũng toàn thuê KTC làm OEM cho, phải >= 10 năm nay rồi. Tức độ uy tín của KTC có thể nói là cực kì cao.
Mấy năm gần đây KTC mới quyết định tự làm tự bán.
Tìm hiểu thấy là hãng OEM lớn, uy tín cao, tự làm tự bán nên mình mới quyết định hiến máu, làm chuột bạch thử xem sao",https://voz.vn/t/review-man-hinh-ktc-h24t7-vs-aoc-q27g11e-74.1190832/,
1190832,1192344,[F]zeNix,"Jan 4, 2026 at 7:14 PM","thichvoz333 said:



			Con này đợt săn Laz đáy chỉ tầm 2 củ 2 nhưng ko có bảo hành, giá ngang Tmall luôn. Bác nào ko ngại có thể canh tầm Tết khả năng cao sẽ lại có mã đáy tiếp

KTC e thấy khá thành công phân khúc màn giá rẻ ở Tây mà về VN giá toàn đội lên. Cho bác nào ko biết thì nó là thương hiệu giá rẻ của HKC, màn p/p rất tốt. Mong nó tiếp tục để giá ngang Taobao để phổ cập màn ngon
		
Click to expand...

Đoạn sau bác chém gió kinh vậy, KTC (thành lập 1995) mà là thương hiệu giá rẻ của HKC (thành lập 1997) . HKC có 2 sub brand là Koorui với AntGamer thôi",https://voz.vn/t/review-man-hinh-ktc-h24t7-vs-aoc-q27g11e-74.1190832/,
1190832,1718467,thichvoz333,"Jan 5, 2026 at 1:15 AM","[F]zeNix said:



			Đoạn sau bác chém gió kinh vậy, KTC (thành lập 1995) mà là thương hiệu giá rẻ của HKC (thành lập 1997) . HKC có 2 sub brand là Koorui với AntGamer thôi 

Click to expand...

E xem vid bên Tàu bảo vậy mà, hay e hiểu nhầm nhỉ. Cơ mà phần trên e cam đoan chuẩn, màn Tàu về VN đội giá kinh vl",https://voz.vn/t/review-man-hinh-ktc-h24t7-vs-aoc-q27g11e-74.1190832/,
1190832,1995972,dzungvu99,"Jan 5, 2026 at 4:28 AM","Vừa rảnh háng ngồi check em innocn 25M2S, mặc dù màn 'miniled ips + 10 bit (8bit +frc) + 25 inch' nghe thì ngon đấy, nhưng thấy review trên reddit bảo hãng láo, treo đầu dê bán thịt chó 
+HDR1000 nhưng ko có chứng chỉ VESA, tức là bịa ra
+Độ sáng 1000 nits là bịa :v dimming chỉ hoạt động ở chế độ HDR thôi, và độ sáng còn đếch chạm dc tới 1000 nits, chắc đâu đó 700-800 nits là căng
+Chế độ thường SDR thì chỉ 300-350 nits gì đó
+HDMI 2.1 thực chất là 2.0, max 144hz thoai
Thấy vài cái review lẻ tẻ trên mạng nhưng ko cha nào review phần độ sáng SDR, mặc dù chủ yếu người dùng xài SDR, chứng tỏ tụi nó cố tình làm thế để bán dc hàng. 
Anh em tránh xa hãng này nhé 
--------------------
Nhưng có 1 điều chắc chắn là màn 24-25 inch đang trở thành trend mới cho độ phân giải 2K, mong sẽ có nhiều mẫu 24""-25"" nano-ips hay miniled ngon từ KTC hay hãng khác trong năm nay để còn múc",https://voz.vn/t/review-man-hinh-ktc-h24t7-vs-aoc-q27g11e-74.1190832/,
1190832,209,Modife,"Jan 6, 2026 at 9:29 PM","Một năm rưỡi trước cũng đi kiếm màn 24in-2k mà ngoài AOC ra chẳng thấy có hãng nào khác nên đành nhắm mắt múc luôn, về xem màu xấu quá nên thành ra giờ cũng ít dùng 
		
		
	


	


 , giá thì mắc hơn cả 27in nữa chứ méo hiểu kiểu gì",https://voz.vn/t/review-man-hinh-ktc-h24t7-vs-aoc-q27g11e-74.1190832/page-2,
1190832,985692,banvibarca,"Jan 7, 2026 at 5:24 AM","Hóng thêm option 24 25inch 2k hz cao, bàn mình bé nên chỉ dùng màn 24 là tối ưu nhất",https://voz.vn/t/review-man-hinh-ktc-h24t7-vs-aoc-q27g11e-74.1190832/page-2,
1190832,1945226,vlrfpsgaming,"Jan 7, 2026 at 5:26 AM","dzungvu99 said:



			Vừa rảnh háng ngồi check em innocn 25M2S, mặc dù màn 'miniled ips + 10 bit (8bit +frc) + 25 inch' nghe thì ngon đấy, nhưng thấy review trên reddit bảo hãng láo, treo đầu dê bán thịt chó 
+HDR1000 nhưng ko có chứng chỉ VESA, tức là bịa ra
+Độ sáng 1000 nits là bịa :v dimming chỉ hoạt động ở chế độ HDR thôi, và độ sáng còn đếch chạm dc tới 1000 nits, chắc đâu đó 700-800 nits là căng
+Chế độ thường SDR thì chỉ 300-350 nits gì đó
+HDMI 2.1 thực chất là 2.0, max 144hz thoai
Thấy vài cái review lẻ tẻ trên mạng nhưng ko cha nào review phần độ sáng SDR, mặc dù chủ yếu người dùng xài SDR, chứng tỏ tụi nó cố tình làm thế để bán dc hàng. 
Anh em tránh xa hãng này nhé 
--------------------
Nhưng có 1 điều chắc chắn là màn 24-25 inch đang trở thành trend mới cho độ phân giải 2K, mong sẽ có nhiều mẫu 24""-25"" nano-ips hay miniled ngon từ KTC hay hãng khác trong năm nay để còn múc 

Click to expand...

đang làm con màn h24t7 này quay dọc thành màn phụ để kế oled 42 inch, đánh giá sắc nét ngon lành so với tầm giá. ban đầu mình cũng tính xúc con 25m2s này làm màn phụ vì cái mác ""miniled"" nè, mà tìm hiểu thêm thì con 25m2s này cái 240hz của nó chỉ dc trên 8-bit, muốn giữ 10-bit thì phải ép xuống dưới <200hz do màn ko hỗ trợ DSC.
Chưa kể nút điều khiển OSD có vẻ lộn xộn mình k thích lắm, con KTC có 1 nút duy nhất để điều khiển OSD thôi có vẻ tiện hơn
còn cái vụ HDMI với độ sáng hdr 1000 nits thì thật ra hãng nào cũng bịa cả

Góc setup h24t7 ips (bên trái) + lg c5 42 inch oled (bên phảl)








































 



			
				Last edited: Jan 7, 2026",https://voz.vn/t/review-man-hinh-ktc-h24t7-vs-aoc-q27g11e-74.1190832/page-2,
1190832,1995972,dzungvu99,"Jan 7, 2026 at 5:54 AM","vlrfpsgaming said:



			đang làm con màn h24t7 này quay dọc thành màn phụ để kế oled 42 inch, đánh giá sắc nét ngon lành so với tầm giá. ban đầu mình cũng tính xúc con 25m2s này làm màn phụ vì cái mác ""miniled"" nè, mà tìm hiểu thêm thì con 25m2s này cái 240hz của nó chỉ dc trên 8-bit, muốn giữ 10-bit thì phải ép xuống dưới <200hz do màn ko hỗ trợ DSC.
Chưa kể nút điều khiển OSD có vẻ lộn xộn mình k thích lắm, con KTC có 1 nút duy nhất để điều khiển OSD thôi có vẻ tiện hơn
còn cái vụ HDMI với độ sáng hdr 1000 nits thì thật ra hãng nào cũng bịa cả

Góc setup h24t7 ips (bên trái) + lg c5 42 inch oled (bên phảl)
		
Click to expand...

KTC của bác để HDR hay sao nhìn màu nhạt thế, hay do góc chụp nhỉ. 

Con H24T7 này thì chơi SDR hoặc dùng sRGB thoai.
Chứ HDR thì phải Miniled hoặc Oled màu mới ngon được. 

Bác mà làm đồ hoạ thì cứ bật sRGB mà chiến  . Game thì xài SDR hay sRGB mình thấy màu đều ok cả.
HDR dùng gam màu DCI-P3 xong lại ko có dimming như Miniled/Oled nên nhìn màu ko đc đẹp ý.
Bật sRGB lên nhìn ngon nhất",https://voz.vn/t/review-man-hinh-ktc-h24t7-vs-aoc-q27g11e-74.1190832/page-2,
1190832,1945226,vlrfpsgaming,"Jan 7, 2026 at 6:22 AM","dzungvu99 said:



			KTC của bác để HDR hay sao nhìn màu nhạt thế, hay do góc chụp nhỉ. 

Con H24T7 này thì chơi SDR hoặc dùng sRGB thoai.
Chứ HDR thì phải Miniled hoặc Oled màu mới ngon được. 

Bác mà làm đồ hoạ thì cứ bật sRGB mà chiến  . Game thì xài SDR hay sRGB mình thấy màu đều ok cả.
HDR dùng gam màu DCI-P3 xong lại ko có dimming như Miniled/Oled nên nhìn màu ko đc đẹp ý.
Bật sRGB lên nhìn ngon nhất 

Click to expand...

À lúc chụp thì con ktc đang để chế độ SDR, professional mode mình để Native, preset User. Còn lại settings mặc định hết. Video chạy bên màn ktc cũng SDR luôn.
Còn màn oled bên phải lúc chụp đang để chế độ HDR, video chạy cũng là HDR.

SDR vs HDR để kế nhau chụp nhìn mới khập khiễng vậy.
Mà đúng như bác nói mấy màn ips thông thường như con ktc chế độ HDR khá là phèn, nên mình chả bao h bật HDR của con KTC lên. Dc cái đọc chữ rất sắc nét, đế chân của con này với giá ntn phải nói quá ngon, nhiều bác ko muốn gắn arm vẫn xài đế đi kèm xoay nâng hạ các kiểu dc ngon lành",https://voz.vn/t/review-man-hinh-ktc-h24t7-vs-aoc-q27g11e-74.1190832/page-2,
1190832,2101756,hohongquan,"Jan 18, 2026 at 11:49 PM","Lazada đợt này đang có con KTC H25T7 260Hz đáy có 1m2 các bác ạ, bác nào muốn trải nghiệm vào múc thử. Tại giá nó cũng rẻ",https://voz.vn/t/review-man-hinh-ktc-h24t7-vs-aoc-q27g11e-74.1190832/page-2,
1190832,382932,mitsu,"Jan 21, 2026 at 4:01 PM","Vừa múc con LG 27inch 2k LG G640A, đúng là 27 inch mình thấy hơi to thật, đặc biệt là dùng ở văn phòng. Biết thế đợi thêm chút đọc bài bác chủ múc theo",https://voz.vn/t/review-man-hinh-ktc-h24t7-vs-aoc-q27g11e-74.1190832/page-2,
1190832,1995972,dzungvu99,"Jan 22, 2026 at 1:44 AM","hohongquan said:



			Lazada đợt này đang có con KTC H25T7 260Hz đáy có 1m2 các bác ạ, bác nào muốn trải nghiệm vào múc thử. Tại giá nó cũng rẻ
		
Click to expand...







						极致的性价比！新一代宿舍神屏KTC H25T7-3详细评测 24.5英寸 1080P 240/260Hz【屏测】_哔哩哔哩_bilibili
					

新一代的宿舍神屏，我想，这台KTC的H25T7-3，大概率有它的一席之地了。它的表现如何？马上带你看看, 视频播放量 147616、弹幕量 118、点赞数 1359、投硬币枚数 490、收藏人数 424、转发人数 182, 视频作者 好屏如潮, 作者简介 想带来最贴合实际的显示设备评测or体验。商务vx：qf1624559608，备注品牌来意。交流群：1081536946，相关视频：国补￥509的260Hz高刷屏，要内卷电竞到底咯？KTC H25T7-3大货【评测】，宿舍神屏！国补509元的240Hz电竞显示器HKC G24H3S经典版评测，KTC H25T7-3...




					www.bilibili.com
				



tóm tắt vid review bilibili

Độ sáng 400 nits
8 bits
Màn 1080p
98% sRGB, 82% DCI-P3
240hz (overclock lên 260hz)
Nói chung với mình thì mình thấy cùi hơn H24T7, vì mình cần màn 2K + Màu đẹp  còn hz thì nói thật, không biết người khác cảm nhận như nào, nhưng với mắt mình thì 180hz vs 240hz chả khác gì nhau 


mitsu said:



			Vừa múc con LG 27inch 2k LG G640A, đúng là 27 inch mình thấy hơi to thật, đặc biệt là dùng ở văn phòng. Biết thế đợi thêm chút đọc bài bác chủ múc theo 

Click to expand...

đúng bác 
27 inch mà ngồi bàn hẹp thì vỡ mòm luôn, phải ngẩng đầu lên chỉ để nhìn FPS lúc chơi game, hoặc chỉ để nhập URL vào trình duyệt, hay phải cúi đầu xuống lúc bật start menu,........đau mỏi cổ vcl 
Bàn mình rộng 80cm, có thể nói là bàn tiêu chuẩn, nhưng và mình ngồi cũng khá gần màn + mình làm đồ hoạ, vẽ tranh, dùng bảng vẽ nhiều  vẽ mà màn to quá nhìn mỏi cổ bome.
Kể cả mấy cái display tablet cũng chả hãng nào làm quá 24 inch cả.
Nchung 24 inch mình cảm giác vừa vặn cho tất cả mọi thứ + độ phân giải 2K là hết nước chấm.
Nếu lên 27-32 inch chắc chắn mình sẽ kiếm 4K chứ không chơi 2K",https://voz.vn/t/review-man-hinh-ktc-h24t7-vs-aoc-q27g11e-74.1190832/page-2,
1190832,2179734,Massimu,"Jan 22, 2026 at 2:18 PM","dzungvu99 said:








						极致的性价比！新一代宿舍神屏KTC H25T7-3详细评测 24.5英寸 1080P 240/260Hz【屏测】_哔哩哔哩_bilibili
					

新一代的宿舍神屏，我想，这台KTC的H25T7-3，大概率有它的一席之地了。它的表现如何？马上带你看看, 视频播放量 147616、弹幕量 118、点赞数 1359、投硬币枚数 490、收藏人数 424、转发人数 182, 视频作者 好屏如潮, 作者简介 想带来最贴合实际的显示设备评测or体验。商务vx：qf1624559608，备注品牌来意。交流群：1081536946，相关视频：国补￥509的260Hz高刷屏，要内卷电竞到底咯？KTC H25T7-3大货【评测】，宿舍神屏！国补509元的240Hz电竞显示器HKC G24H3S经典版评测，KTC H25T7-3...




					www.bilibili.com
				



tóm tắt vid review bilibili

Độ sáng 400 nits
8 bits
Màn 1080p
98% sRGB, 82% DCI-P3
240hz (overclock lên 260hz)
Nói chung với mình thì mình thấy cùi hơn H24T7, vì mình cần màn 2K + Màu đẹp  còn hz thì nói thật, không biết người khác cảm nhận như nào, nhưng với mắt mình thì 180hz vs 240hz chả khác gì nhau 

đúng bác 
27 inch mà ngồi bàn hẹp thì vỡ mòm luôn, phải ngẩng đầu lên chỉ để nhìn FPS lúc chơi game, hoặc chỉ để nhập URL vào trình duyệt, hay phải cúi đầu xuống lúc bật start menu,........đau mỏi cổ vcl 
Bàn mình rộng 80cm, có thể nói là bàn tiêu chuẩn, nhưng và mình ngồi cũng khá gần màn + mình làm đồ hoạ, vẽ tranh, dùng bảng vẽ nhiều  vẽ mà màn to quá nhìn mỏi cổ bome.
Kể cả mấy cái display tablet cũng chả hãng nào làm quá 24 inch cả.
Nchung 24 inch mình cảm giác vừa vặn cho tất cả mọi thứ + độ phân giải 2K là hết nước chấm.
Nếu lên 27-32 inch chắc chắn mình sẽ kiếm 4K chứ không chơi 2K
		
Click to expand...

27 inch mà 4K thì đã gì đâu. nét căng",https://voz.vn/t/review-man-hinh-ktc-h24t7-vs-aoc-q27g11e-74.1190832/page-2,
1190832,1435175,canguvang1098,"Jan 22, 2026 at 2:55 PM","dzungvu99 said:








						极致的性价比！新一代宿舍神屏KTC H25T7-3详细评测 24.5英寸 1080P 240/260Hz【屏测】_哔哩哔哩_bilibili
					

新一代的宿舍神屏，我想，这台KTC的H25T7-3，大概率有它的一席之地了。它的表现如何？马上带你看看, 视频播放量 147616、弹幕量 118、点赞数 1359、投硬币枚数 490、收藏人数 424、转发人数 182, 视频作者 好屏如潮, 作者简介 想带来最贴合实际的显示设备评测or体验。商务vx：qf1624559608，备注品牌来意。交流群：1081536946，相关视频：国补￥509的260Hz高刷屏，要内卷电竞到底咯？KTC H25T7-3大货【评测】，宿舍神屏！国补509元的240Hz电竞显示器HKC G24H3S经典版评测，KTC H25T7-3...




					www.bilibili.com
				



tóm tắt vid review bilibili

Độ sáng 400 nits
8 bits
Màn 1080p
98% sRGB, 82% DCI-P3
240hz (overclock lên 260hz)
Nói chung với mình thì mình thấy cùi hơn H24T7, vì mình cần màn 2K + Màu đẹp  còn hz thì nói thật, không biết người khác cảm nhận như nào, nhưng với mắt mình thì 180hz vs 240hz chả khác gì nhau 

đúng bác 
27 inch mà ngồi bàn hẹp thì vỡ mòm luôn, phải ngẩng đầu lên chỉ để nhìn FPS lúc chơi game, hoặc chỉ để nhập URL vào trình duyệt, hay phải cúi đầu xuống lúc bật start menu,........đau mỏi cổ vcl 
Bàn mình rộng 80cm, có thể nói là bàn tiêu chuẩn, nhưng và mình ngồi cũng khá gần màn + mình làm đồ hoạ, vẽ tranh, dùng bảng vẽ nhiều  vẽ mà màn to quá nhìn mỏi cổ bome.
Kể cả mấy cái display tablet cũng chả hãng nào làm quá 24 inch cả.
Nchung 24 inch mình cảm giác vừa vặn cho tất cả mọi thứ + độ phân giải 2K là hết nước chấm.
Nếu lên 27-32 inch chắc chắn mình sẽ kiếm 4K chứ không chơi 2K
		
Click to expand...




Massimu said:



			27 inch mà 4K thì đã gì đâu. nét căng 

Click to expand...

có con đồ họa giá rẻ nào 21inch 100% srgb 60hz ko các bác nhỉ,hic?",https://voz.vn/t/review-man-hinh-ktc-h24t7-vs-aoc-q27g11e-74.1190832/page-2,
1190832,1995972,dzungvu99,"Jan 22, 2026 at 9:35 PM","canguvang1098 said:



			có con đồ họa giá rẻ nào 21inch 100% srgb 60hz ko các bác nhỉ,hic?
		
Click to expand...

#1: budget của bác bao nhiêu?

#2: mình thấy bác hỏi màn 21 inch, hơi lạ, chắc to hơn màn laptop có tí, nên cho hỏi bác muốn mua màn để bàn hay màn di động?

#3: Nhu cầu đồ hoạ như thế nào?
Vẽ tranh hoặc dựng phim, hardcore hơn thì render 3D art, thì sẽ cần độ chính xác màu cao, lựa chọn sẽ ít đi.
Design banner các thứ thông thường thì lựa chọn sẽ nhiều hơn do yêu cầu không quá cao.

#4: Gần như màn nào ở tầm ~21 inch đó độ lại cũng chỉ sáng 250 nits thôi, mình nói thật 250 nits thì màu không thể hiển thị đẹp như các màn sáng hơn được. Cái này bác phải chấp nhận.

#5:




Tìm màn đẹp thì quan tâm cái chỉ số Gamut Coverage và Delta E, đừng quan tâm Gamut Volume làm gì.
Gamut Volume có thể >= 100% nhưng Coverage thì gần như không bao giờ chạm được 100% đâu (có thì cũng do hãng, hay software làm tròn lên thôi, bất kể 8 bit, 10 bit, etc)........ít nhất là với thời điểm công nghệ hiện tại, còn tương lai thì không biết.
Tất nhiên chỉ số là trên giấy còn các hãng hay báo láo để bán được hàng, xong mang về màn ám vàng màu xấu òm, điển hình như bọn dbrr gu đu zúc, hay AOC thì chỉ báo gamut volume chứ không hề ghi gamut coverage.
-> Nên chọn hãng nào tự tin thẳng thắn công bố chỉ số coverage như KTC cho nó an toàn, nhìn thấy 99% sRGB thì ít nhất có vẻ khá ok rồi + nhiều review tốt từ người dùng phổ thông, hoặc kênh nào review chuyên sâu tí.
Chứ như mấy kênh VN hay review láo nâng bi cho các hãng vcl, đặc biệt là nâng bi Viewsonic.
Kênh nào mà cố tình né tránh ko review một điểm nào đó ví dụ ko review SDR mà chỉ review HDR -> coot luôn.
Mình đảm bảo các hãng bán Display Tablet như Wacom, Xencelabs, etc, không một hãng nào dám ghi 100% sRGB đâu 

=======================

=> Nếu nới budget thêm tí thì múc con KTC H25T7-3, như bác nào bên trên post kìa, ngon hơn hẳn so với đống màn trong phân khúc này.

Mình không nâng bi KTC, chỉ muốn nói là nó là hãng OEM, nên chất lượng màn, độ chính xác màu có thể đồng đều, ngon hơn các hãng khác, mà người dùng luôn phải đặt cược vào nhân phẩm, hit or miss. Cũng có nhiều video so sánh màn KTC với các hãng khác rồi nên mình cũng chả phải chứng minh thêm  với mình từ giờ cứ KTC mà múc

 



			
				Last edited: Jan 22, 2026",https://voz.vn/t/review-man-hinh-ktc-h24t7-vs-aoc-q27g11e-74.1190832/page-2,
1190832,985692,banvibarca,"Jan 23, 2026 at 5:18 PM","dzungvu99 said:



			#1: budget của bác bao nhiêu?
		
Click to expand...

Màn 24 25inch 2K hz cao màu ổn phân phối tại VN ko có con nào ngon với dễ mua như con H24T7 hả fen?",https://voz.vn/t/review-man-hinh-ktc-h24t7-vs-aoc-q27g11e-74.1190832/page-2,
1190832,1995972,dzungvu99,"Jan 23, 2026 at 7:13 PM","banvibarca said:



			Màn 24 25inch 2K hz cao màu ổn phân phối tại VN ko có con nào ngon với dễ mua như con H24T7 hả fen? 

Click to expand...

Hết sạch rùi thím. 
Ngoài thị trường có đúng mấy mẫu này thôi:

AOC Q24G2/74 - Hết hàng (Khả năng cao hãng ko sx nữa)
AOC Q24Q11E/74 - Hết hàng (Khả năng cao hãng ko sx nữa)
Philips 24M1N5500Z - Hết hàng (Khả năng cao hãng ko sx nữa)
KTC H24T7
Viewsonic VX25G26-2K (có 2 bản 250hz và 300hz)
AOC Q25G4S
Thím có thể đem nhân phẩm mình ra đặt cược và múc thử con Veo Son Níc hoặc Ah Oh Cê về, rồi cho mọi người xem kết cục hạnh phúc hay xuống hố 

Cái phân khúc 24 inch này cực kì ít mã, cũng ít hãng làm, mặc dù sure 1 điều là thị trường ko hề thiếu người muốn mua 24"" 2K.
Màn nhỏ hơn nữa mà muốn 2K chắc chỉ còn mấy cái màn di động random no name bán trên sọp pe thôi, làm màn phụ thì được chứ màn chính thì có cc",https://voz.vn/t/review-man-hinh-ktc-h24t7-vs-aoc-q27g11e-74.1190832/page-2,
1190832,2179734,Massimu,"Jan 24, 2026 at 8:47 AM","dzungvu99 said:



			Hết sạch rùi thím. 
Ngoài thị trường có đúng mấy mẫu này thôi:

AOC Q24G2/74 - Hết hàng (Khả năng cao hãng ko sx nữa)
AOC Q24Q11E/74 - Hết hàng (Khả năng cao hãng ko sx nữa)
Philips 24M1N5500Z - Hết hàng (Khả năng cao hãng ko sx nữa)
KTC H24T7
Viewsonic VX25G26-2K (có 2 bản 250hz và 300hz)
AOC Q25G4S
Thím có thể đem nhân phẩm mình ra đặt cược và múc thử con Veo Son Níc hoặc Ah Oh Cê về, rồi cho mọi người xem kết cục hạnh phúc hay xuống hố 

Cái phân khúc 24 inch này cực kì ít mã, cũng ít hãng làm, mặc dù sure 1 điều là thị trường ko hề thiếu người muốn mua 24"" 2K.
Màn nhỏ hơn nữa mà muốn 2K chắc chỉ còn mấy cái màn di động random no name bán trên sọp pe thôi, làm màn phụ thì được chứ màn chính thì có cc

Click to expand...

e cũng mới mua con KTC H24T7 mấy hôm trước.Trong quá trình dùng thì không thấy tý tý điểm rỗ nào cả (vì 2k 24 inch).
Dùng HDR màu sắc nhìn cũng cũng ra gì đó. Có cái là mấy chỗ nền đen hoặc nền tối thì nó lộ rõ hở sáng hơn chế độ bình thường. (cái này e cũng không biết là màn IPS nào bật HDR cũng bị hay sao).
Nhưng mà nhìn chung thì mọi thứ đều ok, đáng giá để mua.",https://voz.vn/t/review-man-hinh-ktc-h24t7-vs-aoc-q27g11e-74.1190832/page-2,
1190832,1995972,dzungvu99,"Jan 24, 2026 at 3:05 PM","Massimu said:



			e cũng mới mua con KTC H24T7 mấy hôm trước.Trong quá trình dùng thì không thấy tý tý điểm rỗ nào cả (vì 2k 24 inch).
Dùng HDR màu sắc nhìn cũng cũng ra gì đó. Có cái là mấy chỗ nền đen hoặc nền tối thì nó lộ rõ hở sáng hơn chế độ bình thường. (cái này e cũng không biết là màn IPS nào bật HDR cũng bị hay sao).
Nhưng mà nhìn chung thì mọi thứ đều ok, đáng giá để mua.
		
Click to expand...

Hở sáng là đặc điểm chung của màn IPS, cái này phải chấp nhận thôi. 
Kể cả màn miniled vẫn sẽ bị nhưng sẽ giảm đi rất nhiều.

Được cái là màu hiển thị trên con KTC H24T7 này không hề bị ám vàng 

HDR xài dải màu DCI-P3 + màn không phải miniled, ít dimming zone -> nhìn khá là phèn, màu sẽ có cảm giác hơi tối, ám màu xám -> Muốn HDR ngon thì mua miniled hoặc oled.....hoặc chờ công nghệ tương lai cải tiến thêm -> Hiện tại mấy màn IPS thường thì auto bỏ qua chế độ HDR. 

Riêng chỉ trừ một số trường hợp, ví dụ điển hình là màn laptop như con legion 7 của mình, nó có driver software cài vào máy, hỗ trợ HDR -> thì lúc đó bật HDR lên nhìn nó sẽ oke hơn. 

Còn nếu làm đồ hoạ, vẽ tranh, render các thứ => Nên bật chế độ sRGB.
Màu sẽ đỡ rực hơn chế độ native và có độ chính xác cao hơn. 






Tất nhiên cũng có nhiều người thích để native để làm việc, chơi game, mọi thứ.
Nchung là tùy gu của từng người. Mình thì chủ yếu xài native, thỉnh thoảng game hay vẽ thì sRGB",https://voz.vn/t/review-man-hinh-ktc-h24t7-vs-aoc-q27g11e-74.1190832/page-2,
1190832,1995972,dzungvu99,"Jan 24, 2026 at 6:22 PM","Legion 7 SDR vs KTC SDR:













Legion 7 SDR vs KTC sRGB:",https://voz.vn/t/review-man-hinh-ktc-h24t7-vs-aoc-q27g11e-74.1190832/page-2,
1190832,1995972,dzungvu99,"Jan 24, 2026 at 6:26 PM","Legion 7 HDR vs KTC SDR:













Legion 7 HDR vs KTC sRGB:",https://voz.vn/t/review-man-hinh-ktc-h24t7-vs-aoc-q27g11e-74.1190832/page-2,
1190832,1995972,dzungvu99,"Jan 24, 2026 at 6:32 PM","dzungvu99 said:



Legion 7 SDR vs KTC SDR:

Legion 7 SDR vs KTC sRGB:

Click to expand...




dzungvu99 said:



Legion 7 HDR vs KTC SDR:

Legion 7 HDR vs KTC sRGB:

Click to expand...

@Massimu 
Đó, ảnh so sánh kia 

Thích làm màu thủ thì cứ bật sRGB Mode mà phang. 
Cảm giác nó cũng chả khác HDR (DCI-P3) lắm đâu, nhiều lúc còn đẹp hơn là đằng khác, vì sRGB nhìn có phần dịu hơn so với HDR.

Còn SDR thì như mình đã nói, tuỳ gu từng người, đa số người dùng phổ thông không biết vọc vạch chỉnh settings cứ xài SDR suốt, chả sao cả, nhìn vẫn ngon choét",https://voz.vn/t/review-man-hinh-ktc-h24t7-vs-aoc-q27g11e-74.1190832/page-2,
1190832,1995972,dzungvu99,"Jan 25, 2026 at 5:22 AM","@banvibarca
tìm được thêm 2 option 24 inch 2k cho fen đây  
-------------
Titan Army P2510S Plus
Youtube Review 1
Youtube Review 2
Tóm tắt:

Build phèn
Màu hơi phèn, ám xanh (green/blue gì đó) -> Chơi game, giải trí thì được, nhưng edit, vẽ, render các thứ thì không.
Độ sáng con P2510S bản thường thì phèn (< 300 nits), còn con Plus thì chắc...hơn tí, quảng cáo HDR400 nên chắc là đâu đó loanh quanh 350 nits.
HDR nhìn phèn, tốt nhất đừng bật
Không có sRGB mode -> Không thích hợp cho việc làm đồ hoạ
-------------
Titan Army P245MS+
Bilibili Video
Tóm tắt:

Xài panel BOE (MV245QHB-NF1-AWK0) => Kèo nhân phẩm
Bản thường 240hz, bản plus 300hz (không tính overdrive)
Bản thường 8 bit, bản plus 10 bit (8bit+FRC)
Miniled, bản thường 576 dimming zone, bản + plus 1152 dimming zone
Độ sáng SDR ở mức loanh quanh trên dưới 350 nits => khá tối
Chế độ HDR thì bản thường 1000 nits, bản plus 1200 nits
Build mặt sau nhìn giống con P2510S plus (video YT bên trên) -> cảm giác hơi phèn, không chắc chắn
Không có chế độ sRGB Mode -> Không thích hợp cho việc làm đồ hoạ
Chưa thấy review so sánh màu của con này vs mẫu khác từ hãng khác.
-------------
Còn đây là vài video so sánh màu của màn Titan Army vs HKC vs vài hãng khác:
Titan Army P275MV PLUS＆HKC G27M7
HPC - Viewsonic - SANC - HKC - Titan Army - KTC
Titan Army P275MV Plus vs HKC G27M7 Pro vs Sanc DM73u Pro
-------------
Túm lại fen có thể thử kèo nhân phẩm và múc con P245MS+ 10 bit 300 hz về.
Biết đâu vớ được panel BOE loại xịn 
Nhưng mà độ sáng SDR thì chưa thấy con nào vượt được KTC H24T7 vì nó đạt gần 500 nits.
Còn con Viewsonic VX25G26-2K thì chưa thấy page nào review luôn, kể cả tụi tàu cẩu, mặc dù thấy quảng cáo sáng 450 nits

 



			
				Last edited: Jan 25, 2026",https://voz.vn/t/review-man-hinh-ktc-h24t7-vs-aoc-q27g11e-74.1190832/page-2,
1190832,1435175,canguvang1098,"Jan 25, 2026 at 6:56 AM","dzungvu99 said:



@banvibarca
tìm được thêm 2 option 24 inch 2k cho fen đây  
-------------
Titan Army P2510S Plus
Youtube Review 1
Youtube Review 2
Tóm tắt:

Build phèn
Màu hơi phèn, ám xanh (green/blue gì đó) -> Chơi game, giải trí thì được, nhưng edit, vẽ, render các thứ thì không.
Độ sáng con P2510S bản thường thì phèn (< 300 nits), còn con Plus thì chắc...hơn tí, quảng cáo HDR400 nên chắc là đâu đó loanh quanh 350 nits.
HDR nhìn phèn, tốt nhất đừng bật
Không có sRGB mode -> Không thích hợp cho việc làm đồ hoạ
-------------
Titan Army P245MS+
Bilibili Video
Tóm tắt:

Xài panel BOE (MV245QHB-NF1-AWK0) => Kèo nhân phẩm
Bản thường 240hz, bản plus 300hz (không tính overdrive)
Bản thường 8 bit, bản plus 10 bit (8bit+FRC)
Miniled, bản thường 576 dimming zone, bản + plus 1152 dimming zone
Độ sáng SDR ở mức loanh quanh trên dưới 350 nits => khá tối
Chế độ HDR thì bản thường 1000 nits, bản plus 1200 nits
Build mặt sau nhìn giống con P2510S plus (video YT bên trên) -> cảm giác hơi phèn, không chắc chắn
Không có chế độ sRGB Mode -> Không thích hợp cho việc làm đồ hoạ
Chưa thấy review so sánh màu của con này vs mẫu khác từ hãng khác.
-------------
Còn đây là vài video so sánh màu của màn Titan Army vs HKC vs vài hãng khác:
Titan Army P275MV PLUS＆HKC G27M7
HPC - Viewsonic - SANC - HKC - Titan Army - KTC
Titan Army P275MV Plus vs HKC G27M7 Pro vs Sanc DM73u Pro
-------------
Túm lại fen có thể thử kèo nhân phẩm và múc con P245MS+ 10 bit 300 hz về.
Biết đâu vớ được panel BOE loại xịn 
Nhưng mà độ sáng SDR thì chưa thấy con nào vượt được KTC H24T7 vì nó đạt gần 500 nits.
Còn con Viewsonic VX25G26-2K thì chưa thấy page nào review luôn, kể cả tụi tàu cẩu, mặc dù thấy quảng cáo sáng 450 nits
		
Click to expand...




Massimu said:



			e cũng mới mua con KTC H24T7 mấy hôm trước.Trong quá trình dùng thì không thấy tý tý điểm rỗ nào cả (vì 2k 24 inch).
Dùng HDR màu sắc nhìn cũng cũng ra gì đó. Có cái là mấy chỗ nền đen hoặc nền tối thì nó lộ rõ hở sáng hơn chế độ bình thường. (cái này e cũng không biết là màn IPS nào bật HDR cũng bị hay sao).
Nhưng mà nhìn chung thì mọi thứ đều ok, đáng giá để mua.
		
Click to expand...

24-2k cái aoc có cổng usb c pd 65w tiện hơn nhiều mà các bác nhỉ,hic?",https://voz.vn/t/review-man-hinh-ktc-h24t7-vs-aoc-q27g11e-74.1190832/page-2,
1190832,1995972,dzungvu99,"Jan 25, 2026 at 7:58 AM","canguvang1098 said:



			24-2k cái aoc có cổng usb c pd 65w tiện hơn nhiều mà các bác nhỉ,hic?
		
Click to expand...

#1: Đúng là nó tiện hơn, vì nó xài 1 dây, nhưng hiệu năng thì không chắc.

#2:Trước khi mất tiền mua dây, fen phải xem kĩ cả cái cổng USB-C của PC và màn hình là loại gì:

PC thì bắt buộc phải hỗ trợ thunderbolt 3 hoặc thunderbolt 4, có support display port hoặc hdmi
Cái cổng thunderbolt của PC bắt buộc phải hỗ trợ sạc nhanh, 100W là hợp lý
Cái cổng USB-C của màn hình phải có hỗ trợ display port hoặc hdmi

#3: Cồng C mà 65W thường khá cùi, chủ yếu hz chỉ đạt được ở 8 bit 60hz, hiếm lắm mới lên được cao hơn.

Như vậy, giả sử nếu PC của fen có thunderbolt, thì thà xài 1 cái dây USB-C Thunderbolt to Displayport/HDMI, mua của thằng Ugreen, còn hơn là xài cái cổng đó.
Hoặc cứ dùng cable truyền thống cho lành.

Trừ khi fen đang nói đến màn di động, mà mình chả thấy mẫu màn di động nào mà 24 inch cả.
Mà AOC mấy màn 24 inch 2K hết moẹ hàng, không sx nữa rồi hay sao mà nhỉ, fen kiếm dc đâu mẫu nào mới à?

Mà, again, fen kiếm màn đồ hoạ thì 1 là kiếm con nào 99% sRGB + màn hình có chế độ sRGB, không thì ít nhất chế độ SDR màu đã được cân khá tốt.

sRGB = Phù hợp cho gần như tất cả các loại content - gần với màu thực nhất - hợp cho vẽ, edit, render.
HDR hay DCI-P3 = Chỉ cần thiết nếu fen làm content HDR, vài thứ lung tung trên macOS, và content dạng này luôn yêu cầu màn hình được cân màu chỉnh chu -> nếu không cân màu ngon thì màu sẽ nhìn khá rực, không sát với thực tế.
=> Bỏ qua DCI-P3 hay HDR ở cái phân khúc kích cỡ màn và giá tiền này. Quan tâm đến màu và chế độ hiển thị sRGB thôi.

Còn nếu fen thừa tiền thì múc luôn mấy con display tablet như XPPEN Artist Pro, Wacom Cintiq Pro, hoặc Xencelab Pen Display đi 
Mấy con đó có sRGB, DCI-P3 mode đủ cả, Delta E < 1 luôn.
Mua về vừa làm đồ hoạ vừa làm màn game, web các thứ, ngon lành cành đào, khỏi phải nghĩ ngợi nhiều",https://voz.vn/t/review-man-hinh-ktc-h24t7-vs-aoc-q27g11e-74.1190832/page-3,
1190832,741154,the.second.life,"Jan 25, 2026 at 1:18 PM","Con hkc g27m2 pro tầm này đáng mua không các bác? Hàng xt nội địa shop bảo bh mõm 2 năm tại shop thôi, không biết ổn áp không 

Gửi từ nubia NX729J bằng VOZVNApp

 


Attachments








Screenshot_20260125_101419.webp

					36.8 KB
					
					· Views: 20",https://voz.vn/t/review-man-hinh-ktc-h24t7-vs-aoc-q27g11e-74.1190832/page-3,
1190832,1995972,dzungvu99,"Jan 25, 2026 at 5:58 PM","the.second.life said:



			Con hkc g27m2 pro tầm này đáng mua không các bác? Hàng xt nội địa shop bảo bh mõm 2 năm tại shop thôi, không biết ổn áp không 

Gửi từ nubia NX729J bằng VOZVNApp

Click to expand...

cái này fen phải sang bên thread của bác ktnam1994 hỏi chứ sao lại hỏi ở đây  
chắc muốn tránh buff quá đà à 


dzungvu99 said:



Titan Army P275MV PLUS＆HKC G27M7
HPC - Viewsonic - SANC - HKC - Titan Army - KTC
Titan Army P275MV Plus vs HKC G27M7 Pro vs Sanc DM73u Pro

Click to expand...

Còn đáng tiền hay ko thì phải xem nhu cầu của fen là gì.
Mình quăng mấy vid so sánh ở đây rồi. Cá nhân mình đánh giá là màu của HKC khá đậm so với titan army, nên có vẻ làm đồ hoạ thì có lẽ sẽ không hợp lý.
Titan army thì lại không có chế độ sRGB -> Cũng không thích hợp làm đồ hoạ

-> Nhưng nếu fen cuồng HDR thì mình nghĩ nó vẫn sẽ oke, mặc dù màu có vẻ hơi rực  tuỳ gu cảm nhận màu của fen",https://voz.vn/t/review-man-hinh-ktc-h24t7-vs-aoc-q27g11e-74.1190832/page-3,
1190832,741154,the.second.life,"Jan 25, 2026 at 6:09 PM","dzungvu99 said:



			cái này fen phải sang bên thread của bác ktnam1994 hỏi chứ sao lại hỏi ở đây  
chắc muốn tránh buff quá đà à 

Còn đáng tiền hay ko thì phải xem nhu cầu của fen là gì.
Mình quăng mấy vid so sánh ở đây rồi. Cá nhân mình đánh giá là màu của HKC khá đậm so với titan army, nên có vẻ làm đồ hoạ thì có lẽ sẽ không hợp lý.
Titan army thì lại không có chế độ sRGB -> Cũng không thích hợp làm đồ hoạ

-> Nhưng nếu fen cuồng HDR thì mình nghĩ nó vẫn sẽ oke, mặc dù màu có vẻ hơi rực  tuỳ gu cảm nhận màu của fen
		
Click to expand...

tks fen, chắc chờ chốt 1 con bên thớt bác ktnam1994 vậy",https://voz.vn/t/review-man-hinh-ktc-h24t7-vs-aoc-q27g11e-74.1190832/page-3,
1190832,6539,cao9duoi_05,"Jan 28, 2026 at 4:51 PM","dzungvu99 said:



			#1: Đúng là nó tiện hơn, vì nó xài 1 dây, nhưng hiệu năng thì không chắc.

#2:Trước khi mất tiền mua dây, fen phải xem kĩ cả cái cổng USB-C của PC và màn hình là loại gì:

PC thì bắt buộc phải hỗ trợ thunderbolt 3 hoặc thunderbolt 4, có support display port hoặc hdmi
Cái cổng thunderbolt của PC bắt buộc phải hỗ trợ sạc nhanh, 100W là hợp lý
Cái cổng USB-C của màn hình phải có hỗ trợ display port hoặc hdmi

#3: Cồng C mà 65W thường khá cùi, chủ yếu hz chỉ đạt được ở 8 bit 60hz, hiếm lắm mới lên được cao hơn.

Như vậy, giả sử nếu PC của fen có thunderbolt, thì thà xài 1 cái dây USB-C Thunderbolt to Displayport/HDMI, mua của thằng Ugreen, còn hơn là xài cái cổng đó.
Hoặc cứ dùng cable truyền thống cho lành.

Trừ khi fen đang nói đến màn di động, mà mình chả thấy mẫu màn di động nào mà 24 inch cả.
Mà AOC mấy màn 24 inch 2K hết moẹ hàng, không sx nữa rồi hay sao mà nhỉ, fen kiếm dc đâu mẫu nào mới à?

Mà, again, fen kiếm màn đồ hoạ thì 1 là kiếm con nào 99% sRGB + màn hình có chế độ sRGB, không thì ít nhất chế độ SDR màu đã được cân khá tốt.

sRGB = Phù hợp cho gần như tất cả các loại content - gần với màu thực nhất - hợp cho vẽ, edit, render.
HDR hay DCI-P3 = Chỉ cần thiết nếu fen làm content HDR, vài thứ lung tung trên macOS, và content dạng này luôn yêu cầu màn hình được cân màu chỉnh chu -> nếu không cân màu ngon thì màu sẽ nhìn khá rực, không sát với thực tế.
=> Bỏ qua DCI-P3 hay HDR ở cái phân khúc kích cỡ màn và giá tiền này. Quan tâm đến màu và chế độ hiển thị sRGB thôi.

Còn nếu fen thừa tiền thì múc luôn mấy con display tablet như XPPEN Artist Pro, Wacom Cintiq Pro, hoặc Xencelab Pen Display đi 
Mấy con đó có sRGB, DCI-P3 mode đủ cả, Delta E < 1 luôn.
Mua về vừa làm đồ hoạ vừa làm màn game, web các thứ, ngon lành cành đào, khỏi phải nghĩ ngợi nhiều 

Click to expand...

giờ màn hình toàn wide gamut để native nhìn quen rồi chuyển lại sRGB thấy nhợt nhạt khó chịu thật = ))",https://voz.vn/t/review-man-hinh-ktc-h24t7-vs-aoc-q27g11e-74.1190832/page-3,
1190832,1435175,canguvang1098,"Jan 29, 2026 at 3:45 PM","cao9duoi_05 said:



			giờ màn hình toàn wide gamut để native nhìn quen rồi chuyển lại sRGB thấy nhợt nhạt khó chịu thật = ))
		
Click to expand...

thì chuyển qua wide gamut đc mà bác nhỉ,hic?",https://voz.vn/t/review-man-hinh-ktc-h24t7-vs-aoc-q27g11e-74.1190832/page-3,
1190832,1774320,kuden259,"Jan 29, 2026 at 11:02 PM",Con này bên sàn Laz tmall thì 2 củ tiểu học không? Trước giờ không mua bên này nên chả có mã gì ngon. Quá rẻ hợp size dùng 3 4 năm đổi màn mới vừa đẹp,https://voz.vn/t/review-man-hinh-ktc-h24t7-vs-aoc-q27g11e-74.1190832/page-3,
1190832,1995972,dzungvu99,"Jan 30, 2026 at 2:48 AM","Con màn này mình dùng thấy ngon mà. 
Màn 10-bit nên ít bị dính color banding, ngồi vẽ thấy màu blend mượt vl.
Độ sáng thì có đúng mẫu này với con viewsonic VX25G26-2K, là đạt được 450 nits ở SDR thôi......mà con viewsonic kia hz cao nhưng lại 8-bit nên thôi.
Hz cao hơn 180Hz thì mình không cần, vì chủ yếu chơi game 3A.
Nchung là phù hợp cho cả nhu cầu game + đồ hoạ.

Còn thím nào nghiện HDR, chủ yếu game + video, không có nhu cầu làm đồ hoạ và cần độ chính xác màu cao, thì tốt nhất múc con titan army P245ms+ (hz cao + 10 bit + miniled).
Mà mình chả tin tụi titan army lắm vì tụi này với innocn là một vừa mới bên trên bảo tụi innocn quảng cáo shady xong.
Tắt HDR thì nói thật màn miniled chả khác gì màn thường, độ sáng SDR thấp nữa thì thôi chim coot.
















 



			
				Last edited: Jan 30, 2026",https://voz.vn/t/review-man-hinh-ktc-h24t7-vs-aoc-q27g11e-74.1190832/page-3,
1190832,2059934,Muclatoi,"Mar 9, 2026 at 7:55 PM","Bác ơi cho e hỏi tí ạ, laptop của e kh có Displayport vậy thì nên mua dây HDMI to Displayport hay HDMI to HDMI ok hơn bác",https://voz.vn/t/review-man-hinh-ktc-h24t7-vs-aoc-q27g11e-74.1190832/page-3,
1190832,1995972,dzungvu99,"Mar 9, 2026 at 8:43 PM","Muclatoi said:



			Bác ơi cho e hỏi tí ạ, laptop của e kh có Displayport vậy thì nên mua dây HDMI to Displayport hay HDMI to HDMI ok hơn bác
		
Click to expand...

không tồn tại HDMI to DP nhé, chỉ có DP to HDMI thôi.
Lap của mình có cổng thunderbolt4 hỗ trợ DP, mình xài cổng đó.  Dùng dây type C thunderbolt 4 to displayport - cái dây mình mua của ugreen.
Còn nếu lap của thím cũng ko có cổng type c thunderbolt đó luôn thì xài hdmi to hdmi nhé",https://voz.vn/t/review-man-hinh-ktc-h24t7-vs-aoc-q27g11e-74.1190832/page-3,
1190832,2059934,Muclatoi,"Mar 9, 2026 at 9:41 PM","dzungvu99 said:



			không tồn tại HDMI to DP nhé, chỉ có DP to HDMI thôi.
Lap của mình có cổng thunderbolt4 hỗ trợ DP, mình xài cổng đó.  Dùng dây type C thunderbolt 4 to displayport - cái dây mình mua của ugreen.
Còn nếu lap của thím cũng ko có cổng type c thunderbolt đó luôn thì xài hdmi to hdmi nhé
		
Click to expand...

e thấy có cái cáp chuyển đổi từ  Displayport sang HDMI của Ugreen, bác thấy cái đó có oke kh",https://voz.vn/t/review-man-hinh-ktc-h24t7-vs-aoc-q27g11e-74.1190832/page-3,
1190832,1995972,dzungvu99,"Mar 10, 2026 at 4:54 AM","Muclatoi said:



			e thấy có cái cáp chuyển đổi từ  Displayport sang HDMI của Ugreen, bác thấy cái đó có oke kh
		
Click to expand...

Dùng cái đó cũng dc, nhưng chả có lý do gì phải xài loại đó cả, áp dụng khi màn ko có port DP thôi.
1 - xài DP to DP (lap của thím ko có port DP) - Bỏ
2 - Xài DP to HDMI - Bỏ
3 - Xài Type C Thunderbolt4 to DP (ko chắc lap của thím có port thunderbolt ko) - Mình xài loại này
4 - xài Thunderbolt to HDMI (chấp nhận 8-bit 144hz vì con H24T7 là HDMI 2.0)
5 - HDMI to HDMI (chấp nhận max 8-bit 144hz vì con H24T7 là HDMI 2.0)

Hình dung như này nhé.
Thường ngta nói [Port PC] to [Port Màn], chứ ngta ko nói ngược lại.
Nên nếu thím đang muốn cắm HDMI vào lap - DP vào màn, thì xác định ko hoạt động dc nhé. Vì sao thì hỏi AI nó giải thích cho.

Dây của Ugreen thì mình đánh giá ngon, 4-5 năm nay xài đồ của Ugreen ko sao cả.
Vention có vẻ tốt, nhưng dây của tụi này ko bện dù nên mình ko mua )) hãng khác thì chịu",https://voz.vn/t/review-man-hinh-ktc-h24t7-vs-aoc-q27g11e-74.1190832/page-3,
1190832,1531378,HoangKhatMau,"Mar 21, 2026 at 2:47 AM","Tôi là người tìm nát cái taobao và gửi link taobao cho shop đó để tạo cái màn KTC trên shopee và là người mua đầu tiên nhé thím: , bận quá không lên review cho ae vozđược, nayđọcđược bài của thím thì confirm là con màn này dùng ngon thật (trong tầm giá), tuy nhiên có mộtđiểm trừ là hở sáng hơi nhiều khiở nềnđen, thím xác nhận giúp tôi xem màn thím có bị không? hay mỗi màn tôi bị lỗi? 

 


Attachments








Screenshot 2026-03-21 024325.webp

					39.1 KB
					
					· Views: 8",https://voz.vn/t/review-man-hinh-ktc-h24t7-vs-aoc-q27g11e-74.1190832/page-3,
1190832,1995972,dzungvu99,"Mar 21, 2026 at 8:32 AM","HoangKhatMau said:



			Tôi là người tìm nát cái taobao và gửi link taobao cho shop đó để tạo cái màn KTC trên shopee và là người mua đầu tiên nhé thím: , bận quá không lên review cho ae vozđược, nayđọcđược bài của thím thì confirm là con màn này dùng ngon thật (trong tầm giá), tuy nhiên có mộtđiểm trừ là hở sáng hơi nhiều khiở nềnđen, thím xác nhận giúp tôi xem màn thím có bị không? hay mỗi màn tôi bị lỗi? 

Click to expand...

Confirm là native thì hở sáng khá rõ.
Nếu đặt mức hở sáng của màn oled là 100% (coi như là ko hở sáng) - thì màn hình con lap legion của mình hở hơn tầm 10% - con ktc h24t7 hở đâu đó tầm ~15% ở chế độ native, chuyển sang sRGB thì đâu đó giảm xuống 10% như màn laptop.
Hở sáng thì đặc điểm chung của màn IPS rồi.
Mình bật sRGB Mode suốt nên thấy đỡ hơn nhiều và không thấy ảnh hưởng nhiều lắm thím à. Cái này có thể là do cân màu, sRGB màu nó dịu hơn, không rực nên nó không hở sáng nhiều như native.",https://voz.vn/t/review-man-hinh-ktc-h24t7-vs-aoc-q27g11e-74.1190832/page-3,
1190832,1531378,HoangKhatMau,"Mar 21, 2026 at 9:09 AM","dzungvu99 said:



			Confirm là native thì hở sáng khá rõ.
Nếu đặt mức hở sáng của màn oled là 100% (coi như là ko hở sáng) - thì màn hình con lap legion của mình hở hơn tầm 10% - con ktc h24t7 hở đâu đó tầm ~15% ở chế độ native, chuyển sang sRGB thì đâu đó giảm xuống 10% như màn laptop.
Hở sáng thì đặc điểm chung của màn IPS rồi.
Mình bật sRGB Mode suốt nên thấy đỡ hơn nhiều và không thấy ảnh hưởng nhiều lắm thím à. Cái này có thể là do cân màu, sRGB màu nó dịu hơn, không rực nên nó không hở sáng nhiều như native.
		
Click to expand...

Tôi đặt cạnh con lap HP Elitebook 845 G11 có màn HP Dream Color (cùng độ phân giải 2k) thì đúng như công với quạ thím ạ. Nhưng cái màn 3tr5 thì cũng không đòi hỏi thêm gì, chịu khó chỉnh tý thì cũng ổn.",https://voz.vn/t/review-man-hinh-ktc-h24t7-vs-aoc-q27g11e-74.1190832/page-3,
1190832,1995972,dzungvu99,"Mar 21, 2026 at 1:19 PM","HoangKhatMau said:



			Tôi đặt cạnh con lap HP Elitebook 845 G11 có màn HP Dream Color (cùng độ phân giải 2k) thì đúng như công với quạ thím ạ. Nhưng cái màn 3tr5 thì cũng không đòi hỏi thêm gì, chịu khó chỉnh tý thì cũng ổn.
		
Click to expand...

Con H24T7 này mỗi nền đen có vẻ hở sáng hơi khó chịu tí thôi.
Ai hay xem content 1080p, hình ảnh hay video, nó ra cái viền đen, thì hơi khó chịu tí.
Nhưng mà nếu chơi game fullscreen hay vẽ tranh chỉnh ảnh trên photoshop, bật sRGB Mode lên thì màu nó lại đẹp vcl",https://voz.vn/t/review-man-hinh-ktc-h24t7-vs-aoc-q27g11e-74.1190832/page-3,
1190832,1214508,Rikka-san,"Mar 25, 2026 at 8:08 AM",Đọc review xong đặt cái màn mà nó đứng yên ở kho 5 ngày rồi. Dự không biết đến được không nữa  GHN chán quá,https://voz.vn/t/review-man-hinh-ktc-h24t7-vs-aoc-q27g11e-74.1190832/page-3,
1190832,1945226,vlrfpsgaming,"Mar 28, 2026 at 10:18 AM","vlrfpsgaming said:



			đang làm con màn h24t7 này quay dọc thành màn phụ để kế oled 42 inch, đánh giá sắc nét ngon lành so với tầm giá. ban đầu mình cũng tính xúc con 25m2s này làm màn phụ vì cái mác ""miniled"" nè, mà tìm hiểu thêm thì con 25m2s này cái 240hz của nó chỉ dc trên 8-bit, muốn giữ 10-bit thì phải ép xuống dưới <200hz do màn ko hỗ trợ DSC.
Chưa kể nút điều khiển OSD có vẻ lộn xộn mình k thích lắm, con KTC có 1 nút duy nhất để điều khiển OSD thôi có vẻ tiện hơn
còn cái vụ HDMI với độ sáng hdr 1000 nits thì thật ra hãng nào cũng bịa cả

Góc setup h24t7 ips (bên trái) + lg c5 42 inch oled (bên phảl)
		
Click to expand...

Cập nhật tí. Thêm tí ảnh góp vui. 24"" 2k IPS KTC H24T7 vs 42"" 4k LG OLED C5. Chế độ SDR. Con KTC cảm thấy vẫn ok với tầm giá",https://voz.vn/t/review-man-hinh-ktc-h24t7-vs-aoc-q27g11e-74.1190832/page-3,
1190832,1995972,dzungvu99,"Mar 28, 2026 at 12:19 PM","vlrfpsgaming said:



			Cập nhật tí. Thêm tí ảnh góp vui. 24"" 2k IPS KTC H24T7 vs 42"" 4k LG OLED C5. Chế độ SDR. Con KTC cảm thấy vẫn ok với tầm giá
		
Click to expand...

Quăng ảnh so sánh với sRGB Mode vào đi fen 
Cái điểm cộng lớn nhất của con H24T7 này là có cái chế độ sRGB hẳn hoi, thì mấy ông lại ko xài",https://voz.vn/t/review-man-hinh-ktc-h24t7-vs-aoc-q27g11e-74.1190832/page-3,
1190832,487724,Gakho007,"Mar 29, 2026 at 10:05 AM",Nhìn màu con h24t7 có vẻ lệch màu vs ảo ảo sao ấy nhỉ mấy thím?,https://voz.vn/t/review-man-hinh-ktc-h24t7-vs-aoc-q27g11e-74.1190832/page-3,
1190832,1995972,dzungvu99,"Mar 29, 2026 at 10:18 AM","Gakho007 said:



			Nhìn màu con h24t7 có vẻ lệch màu vs ảo ảo sao ấy nhỉ mấy thím?
		
Click to expand...

Để native thì chả lệch. Màu nó bị rực. Chơi game nhìn phê thoai.
Nguyên nhân tại sao màu rực thì thím hỏi AI nó trả lời cho.
Muốn native màu ngon thì khi mua màn, hên xui hãng nó chỉnh màu ngon cho sẵn, hoặc màu xấu thì phải tự ra quán căn lại màu.
Fen muốn màu ngon trên con h24t7 này, thì bật sRGB Mode lên. Thấy nó khác cmn hẳn luôn, màu nào ra màu đấy.

 



			
				Last edited: Mar 29, 2026",https://voz.vn/t/review-man-hinh-ktc-h24t7-vs-aoc-q27g11e-74.1190832/page-4,
1190832,487724,Gakho007,"Mar 29, 2026 at 10:28 AM","dzungvu99 said:



			Để native thì chả lệch. Màu nó bị rực. Chơi game nhìn phê thoai.
Nguyên nhân tại sao màu rực thì thím hỏi AI nó trả lời cho.
Muốn native màu ngon thì khi mua màn, hên xui hãng nó chỉnh màu ngon cho sẵn, hoặc màu xấu thì phải tự ra quán căn lại màu.
Fen muốn màu ngon trên con h24t7 này, thì bật sRGB Mode lên. Thấy nó khác cmn hẳn luôn, màu nào ra màu đấy.
		
Click to expand...

À e đang dùng con h27t22s 3 pro. Để srgb suốt mà. Thấy thím kia up hình k rõ là srgb hay native mà thấy da người nó ám hồng quá ))",https://voz.vn/t/review-man-hinh-ktc-h24t7-vs-aoc-q27g11e-74.1190832/page-4,
1190832,1995972,dzungvu99,"Mar 29, 2026 at 10:37 AM","Gakho007 said:



			À e đang dùng con h27t22s 3 pro. Để srgb suốt mà. Thấy thím kia up hình k rõ là srgb hay native mà thấy da người nó ám hồng quá ))
		
Click to expand...

Mấy thím kia up ảnh native, nên nhìn rực là đúng rồi. Họ nói rõ là đang dùng native mà.
Có mấy ảnh sRGB là mình up thôi",https://voz.vn/t/review-man-hinh-ktc-h24t7-vs-aoc-q27g11e-74.1190832/page-4,
1190832,1374889,Iced.Tea,"Mar 29, 2026 at 4:24 PM","dzungvu99 said:



			Mấy thím kia up ảnh native, nên nhìn rực là đúng rồi. Họ nói rõ là đang dùng native mà.
Có mấy ảnh sRGB là mình up thôi 

Click to expand...

Mình chỉnh sRGB sao thấy nó ám vàng thế nhỉ thím. Chỉnh về native thì thấy đỡ hơn",https://voz.vn/t/review-man-hinh-ktc-h24t7-vs-aoc-q27g11e-74.1190832/page-4,
1190832,1728562,kbum226,"Mar 29, 2026 at 4:37 PM","dzungvu99 said:



			hay bác múc con KTC H24T7 và cả con Viewsonic VX25G26-2K kia về làm chuột bạch xong review cho ae xem thử xem mẫu mới Viewsonic như nào 

Thấy thằng AOC mới ra mã mới AOC Q25G4S 2K 300hz hiện đang chỉ có bên TQ.
Nhìn cũng ổn áp đấy.......mỗi tội độ sáng 350 nits thì vứt 
Sau khi mình chuyển từ con AOC Q27G11E/74 350 nits kia sang KTC H24T7 450 nits này thì từ giờ say đoé với màn =< 350 nits luôn, tối vl 

Khá chắc là sắp tới màn 25"" sẽ thành trend cho độ phân giải 2K vì PPI sẽ là ~120 PPI, nhìn màn sẽ đỡ rỗ hơn so với màn 27"" 2K với mức PPI là 108.
Nhưng mà hiện tại mình thấy em KTC H24T7 24"" này cũng quá ngon rồi. 

Click to expand...

Tôi dùng con 25 inch chỉ là Full HD chả biết rỗ là gì. Người ta chê con VSP màu kém nhưng lôi con LG đang dùng còn tốt ra so cùng video cảnh thức ăn, trái cây, hoa cỏ và sấm chớp chả thấy khác gì. Mắt tôi chắc kém khả năng phân biệt màu, nhưng đã kém thế mà tốn thêm tiền mua cái màu ngon hơn cũng như không vậy!",https://voz.vn/t/review-man-hinh-ktc-h24t7-vs-aoc-q27g11e-74.1190832/page-4,
1190832,1995972,dzungvu99,"Mar 29, 2026 at 5:47 PM","Iced.Tea said:



			Mình chỉnh sRGB sao thấy nó ám vàng thế nhỉ thím. Chỉnh về native thì thấy đỡ hơn
		
Click to expand...

Không phải nó ám vàng đâu bác.

Màu ở cái chế độ sRGB nó 'ấm' hơn, chứ không phải ám vàng.

Lý do là cái chế độ sRGB họ cân màu ở 6500K, trùng với mắt mình nhìn vào ban ngày, nên ""cảm giác"" màu có vẻ ""ấm"" hơn, còn native thì đâu đó ở 5500K-5600K, nên cảm giác màu trắng có vẻ ""lạnh"" hơn.
Ấm hay lạnh thì tuỳ gu từng người, có người thích ấm, có người thích lạnh.

Nhưng cái chế độ sRGB đó sinh ra là dành cho mấy màu thủ làm đồ hoạ các kiểu, nên họ cần chỉnh đúng ở mức 6500K, 1 là sát với thực tế, 2 là nhìn lâu vào màu ấm nó đỡ mỏi mắt hơn màu lạnh.

Còn bác mà muốn ví dụ về ám vàng thì bác thử con màn gu đu zúc trên sọp pe ấy  lần trước mình mua dc đúng 1 tuần pass cho người khác luôn lmao",https://voz.vn/t/review-man-hinh-ktc-h24t7-vs-aoc-q27g11e-74.1190832/page-4,
1190832,1945226,vlrfpsgaming,"Mar 30, 2026 at 9:25 AM","dzungvu99 said:



			Quăng ảnh so sánh với sRGB Mode vào đi fen 
Cái điểm cộng lớn nhất của con H24T7 này là có cái chế độ sRGB hẳn hoi, thì mấy ông lại ko xài 

Click to expand...

Oke bác SRGB mode color warm trên KTC vs Filmmaker trên LG oled (chế độ nhà làm phim tự cân màu của LG, color accuracy chuẩn 1:1 với iphone/ipad pro)
Cảnh sáng ok còn cảnh tối thì ko đọ dc (cũng ko trách dc vì bản chất IPS, thật ra màu chuẩn dc vậy là tốt lắm rồi)



























 



			
				Last edited: Mar 30, 2026",https://voz.vn/t/review-man-hinh-ktc-h24t7-vs-aoc-q27g11e-74.1190832/page-4,
1190832,1531378,HoangKhatMau,"Mar 31, 2026 at 1:31 PM","dzungvu99 said:



			Xin chào các bác.

Sau hơn tuần trải nghiệm màn 27"" AOC Q27G11E/74 thì mình thấy màn >=27 inch hơi to quá và gây khó khăn cho việc way tay nghiên cứu tài liệu học tập 
Nên mình quyết định tậu 1 em 24"" 2K về thay thế.

Sau mấy ngày mò mấy mã AOC Q24G2/74, AOC Q24G4E/74 và Philips 24M1N5500Z ở khắp internet và mọi nơi đều hết hàng thì.........Bằng một cách thần kì nào đó em KTC H24T7 này hiện lên trên feed của sọp pê và mình bấm vô luôn 
View attachment 3409730
------------------------
Thông số:

Size màn hình: 24 inch
Size tấm nền hiển thị: 23.8 inch
Độ phân giải: 2K - 2560 x 1440
Tấm nền: TCL CSOFT (mã SG2381G01-3)
Phân loại màn: IPS
Độ sâu bit màu: 10 bit (8bit + FRC)
Độ sáng: 450 nits (thấy video review trên bilibili là lên dc gần 500 nits nên có vẻ ổn áp)
Tần số quét: 180hz (có overclocking lên 185hz nhưng cá nhân mình thấy..... có mỗi 5hz thì cũng chả cần thiết lắm)
Tốc độ phản hồi: 1ms GtG
Độ phủ màu: 99% sRGB, 91% DCI-P3 (trên giấy tờ thông tin của tấm panel ghi là 91%, còn hãng gáy là 95% thì mình cũng ko rõ lắm, xem vid trên bilibili thì thấy họ đo dc độ phủ màu DCI-P3 là 90.2%.....nên có vẻ thông số đúng DCI-P3 là tầm 91%)
-------------------------
Ngoài lề xíu, trước khi có bác nào chê, thì theo mình tìm hiểu dc thì gam màu và độ phủ màu khác nhau nhé các bác, gam màu có thể lên >=120% sRGB hay >=100% DCI-P3 nhưng độ phủ màu thì gần như ko lúc nào dc max 100% đâu, các hãng hay ghi mỗi gam màu (chẳng hạn như AOC) vì số nó to nhìn nó phê hơn.
Sau một hồi lượn lờ shop này thì mình thấy mẫu Viewsonic VX25G26-2K này, màn 25 inch, cũng khá ok. Thấy AOC cũng mới ra mẫu mới 25 inch bên trung, nên mình nghĩ sắp tới màn 25 inch sẽ là trend cho độ phân giải 2K, nhìn cho nó đỡ rỗ.
View attachment 3409733
Và sau một thời gian ngồi nghiên cứu thông số của em này và xem youtube GearVN đo thông số của 2 con màn AOC thì mình thấy độ phủ màu của mấy con này như sau:

KTC H24T7: 99% sRGB + 91% DCI-P3 + 10 bit (8 bit + FRC)
Viewsonic VX25G26-2K: 99% sRGB + 89% DCI-P3 + 8 bit (nguồn hãng gáy)
AOC Q24G2/74: 99% sRGB + 78% DCI-P3 + 8 bit (nguồn youtube GearVN)
AOC Q24Q11E/74: 99% sRGB + 87% DCI-P3 + 8 bit (nguồn youtube GearVN)
Philips 24M1N5500Z: 94% sRGB + 89% DCI-P3 + 8  bit (nguồn hãng gáy)

Con Viewsonic thông số khá ngon, dc cái hz cao nhưng mình thấy trên voz ae kêu màn viewsonic bị ám vàng hay màu xấu........nên mình đã quyết định làm chuột bạch và tậu em KTC H24T7 này về, mặc dù KTC có vẻ ít được ưa chuộng tại VN và gần như ko có cái review nào 
Còn bác nào muốn làm chuột bạch giúp ae thử con Viewsonic VX25G26-2K mới ra kia thì mình cũng ủng hộ nhiệt tình 
------------------------
Và đây là em nó thưa các bác: 
Box gồm:

1 cái stand
1 dây DP
1 cục nguồn
Nhân vật chính
Vài tờ giấy vớ vẩn làm nhân vật phụ

View attachment 3409736View attachment 3409737
View attachment 3409749

Cục nguồn và dây nguồn của em KTC H24T7 này to và dày dặn hơn so với dây sạc của AOC Q27G11E/74 
View attachment 3409738

Giờ là phần chính, trải nghiệm khả năng hiển thị của em nó và so với AOC Q27G11E/74, vs màn laptop Lenovo Legion 7 2021:
View attachment 3409746

Mình thấy con KTC H24T7 hiển thị màu ngon hơn hẳn màn laptop và con AOC, riêng con AOC còn ko ăn nổi màn laptop. 

Nhưng so màu thì chưa đủ, chúng ta cần thực chiến xem khả năng chinh chiến của em KTC này như nào 
---------
Normal mode 
View attachment 3409750
----------
sRGB mode 
View attachment 3409751
----------
HDR mode 
View attachment 3409752
===========================
Tóm cái váy lại là màu của em KTC H24T7 này quá đẹp, thông số cũng quá ổn áp so với giá tiền. Đúng 'bang for the buck' luôn 
Chơi liều làm chuột bạch và nhận được cái kết như này là quá ổn áp.
Còn về độ bền thì để thời gian sẽ trả lời. 

Click to expand...

Hỏi thêm thím chút, thím xuất hình từ laptop ra màn hình ngoài bằng cáp gì thế?
Tôi dùng cáp usb-c to DP 1.4 của Ugreen (https://shopee.vn/Cáp-chuyển-USB-C-...34?xptdk=f1cb858d-ed33-4adb-8d08-ab9e9461b27e) xuất từ cổng thunderbolt của laptop sang con H24T7 thì bị chớp màn ở tần số trên 120HZ, chỉnh xuống 120hz thì lại không bị.
Thử với cáp HDMI to HDMI thì xuất ngon lành ở 2k 144hz.",https://voz.vn/t/review-man-hinh-ktc-h24t7-vs-aoc-q27g11e-74.1190832/page-4,
1190832,1995972,dzungvu99,"Mar 31, 2026 at 2:52 PM","HoangKhatMau said:



			Hỏi thêm thím chút, thím xuất hình từ laptop ra màn hình ngoài bằng cáp gì thế?
Tôi dùng cáp usb-c to DP 1.4 của Ugreen (https://shopee.vn/Cáp-chuyển-USB-C-sang-Displayport-1.4-8K-60Hz-4K-240Hz-hàng-chính-hãng-i.60169370.25023764934?xptdk=f1cb858d-ed33-4adb-8d08-ab9e9461b27e) xuất từ cổng thunderbolt của laptop sang con H24T7 thì bị chớp màn ở tần số trên 120HZ, chỉnh xuống 120hz thì lại không bị.
Thử với cáp HDMI to HDMI thì xuất ngon lành ở 2k 144hz.
		
Click to expand...

Mình cũng xài cái này dây này như thím mà, không khác tí gì.
Cũng chả có hiện tượng gì luôn.
Khả năng cao 1 là do driver GPU, 2 là do GPU (nhiều con GPU lúc đẩy độ phân giải/tần số lên nó sẽ có lỗi), 3 là do lỗi windows (mình vẫn đang xài W10 2021 IoT LTSC, tắt + pause update 100 năm).
Con lap của mình là legion 7 i7-11800H + RTX 3080 Laptop + Driver v566.36

À......có thể là do thiếu driver thunderbolt của thằng intel nữa. Thím lên trang support hãng rồi tải cái driver về, vì intel thunderbolt cần driver + app thunderbolt control center nữa.
thunderbolt control center thì qua rg-adguard tải, nhớ tải cả dependencies + app (hỏi chatgpt nó chỉ cho), rồi về cài offline, cài dependencies trước, rồi app. Không thì cứ xài windows store mà cài.

 



			
				Last edited: Mar 31, 2026",https://voz.vn/t/review-man-hinh-ktc-h24t7-vs-aoc-q27g11e-74.1190832/page-4,
1190832,1435175,canguvang1098,"Mar 31, 2026 at 4:17 PM","HoangKhatMau said:



			Hỏi thêm thím chút, thím xuất hình từ laptop ra màn hình ngoài bằng cáp gì thế?
Tôi dùng cáp usb-c to DP 1.4 của Ugreen (https://shopee.vn/Cáp-chuyển-USB-C-sang-Displayport-1.4-8K-60Hz-4K-240Hz-hàng-chính-hãng-i.60169370.25023764934?xptdk=f1cb858d-ed33-4adb-8d08-ab9e9461b27e) xuất từ cổng thunderbolt của laptop sang con H24T7 thì bị chớp màn ở tần số trên 120HZ, chỉnh xuống 120hz thì lại không bị.
Thử với cáp HDMI to HDMI thì xuất ngon lành ở 2k 144hz.
		
Click to expand...




dzungvu99 said:



			Mình cũng xài cái này dây này như thím mà, không khác tí gì.
Cũng chả có hiện tượng gì luôn.
Khả năng cao 1 là do driver GPU, 2 là do GPU (nhiều con GPU lúc đẩy độ phân giải/tần số lên nó sẽ có lỗi), 3 là do lỗi windows (mình vẫn đang xài W10 2021 IoT LTSC, tắt + pause update 100 năm).
Con lap của mình là legion 7 i7-11800H + RTX 3080 Laptop + Driver v566.36

À......có thể là do thiếu driver thunderbolt của thằng intel nữa. Thím lên trang support hãng rồi tải cái driver về, vì intel thunderbolt cần driver + app thunderbolt control center nữa.
thunderbolt control center thì qua rg-adguard tải, nhớ tải cả dependencies + app (hỏi chatgpt nó chỉ cho), rồi về cài offline, cài dependencies trước, rồi app. Không thì cứ xài windows store mà cài.
		
Click to expand...

có bản đồ họa giá rẻ 24 fhd usb-c 30w chưa vậy các bác nhỉ?",https://voz.vn/t/review-man-hinh-ktc-h24t7-vs-aoc-q27g11e-74.1190832/page-4,
1190832,1995972,dzungvu99,"Mar 31, 2026 at 8:20 PM","canguvang1098 said:



			có bản đồ họa giá rẻ 24 fhd usb-c 30w chưa vậy các bác nhỉ?
		
Click to expand...

Giá rẻ thì mình không biết nhưng giá chát thì lúc nào cũng có nhé   múc con bảng vẽ màn hình Xencelab hay Wacom đi bạn, XPPen cũng dc",https://voz.vn/t/review-man-hinh-ktc-h24t7-vs-aoc-q27g11e-74.1190832/page-4,
1190832,1531378,HoangKhatMau,"Apr 1, 2026 at 1:26 PM","dzungvu99 said:



			Mình cũng xài cái này dây này như thím mà, không khác tí gì.
Cũng chả có hiện tượng gì luôn.
Khả năng cao 1 là do driver GPU, 2 là do GPU (nhiều con GPU lúc đẩy độ phân giải/tần số lên nó sẽ có lỗi), 3 là do lỗi windows (mình vẫn đang xài W10 2021 IoT LTSC, tắt + pause update 100 năm).
Con lap của mình là legion 7 i7-11800H + RTX 3080 Laptop + Driver v566.36

À......có thể là do thiếu driver thunderbolt của thằng intel nữa. Thím lên trang support hãng rồi tải cái driver về, vì intel thunderbolt cần driver + app thunderbolt control center nữa.
thunderbolt control center thì qua rg-adguard tải, nhớ tải cả dependencies + app (hỏi chatgpt nó chỉ cho), rồi về cài offline, cài dependencies trước, rồi app. Không thì cứ xài windows store mà cài.
		
Click to expand...


Nếu thím vẫn xuất bình thường thì nhiều khả năng lỗi không nằm ở con H24T7
Lap của tôi thì lại dùng GPU tích hợp của con AMD R7 8840HS (Radeon 780M), tôi cũng đã cập nhật lên bản mới nhất của AMD software rồi, vẫn hiện tượng cũ, à, tôi cũng đang dùng win 11 nữa, định xuống win 10 nhưng bên bán lap bảo có nhiều driver không hỗ trợ nên thôi. Cái win 11 này rất bực, suốt ngày update, mà mỗi lần update lại bị thêm 1 lỗi vặt rất khó chịu.
Tôi có dùng cáp HDMI to HDMI cắm từ lap qua con H24T7 thì lên 2k 144HZ rất bình thường.
Có thể cái cáp của tôi có vấn đề, tôi đang đặt mua lại 1 sợi Ugreen khác xem sao",https://voz.vn/t/review-man-hinh-ktc-h24t7-vs-aoc-q27g11e-74.1190832/page-4,
1190832,1697263,3/6947,"Apr 4, 2026 at 1:56 AM","Mình đang dùng màn hình KTC H24T7 thấy 24 inch gọn gàng, tần số cao chơi game khá mượt, màu sắc ổn áp trong tầm giá.
Con KTC H24T7 mình săn Sale ở shop này hôm hội thành viên được Deal giảm giá khá thơm:


		Code:
	

https://s.shopee.vn/4VYZkhUHnh


(chịu khó copy link dán vào trình duyệt nhé)",https://voz.vn/t/review-man-hinh-ktc-h24t7-vs-aoc-q27g11e-74.1190832/page-4,
1190832,1995972,dzungvu99,"Apr 4, 2026 at 7:42 AM","3/6947 said:



			Deal giảm giá khá thơm:


		Code:
	

https://s.shopee.vn/4VYZkhUHnh


(chịu khó copy link dán vào trình duyệt nhé)
		
Click to expand...

Moẹ spam link affiliate kiếm tiền, coot",https://voz.vn/t/review-man-hinh-ktc-h24t7-vs-aoc-q27g11e-74.1190832/page-4,
1190832,2110720,kien trungth,"Apr 4, 2026 at 11:14 AM","dzungvu99 said:



			Dùng cái đó cũng dc, nhưng chả có lý do gì phải xài loại đó cả, áp dụng khi màn ko có port DP thôi.
1 - xài DP to DP (lap của thím ko có port DP) - Bỏ
2 - Xài DP to HDMI - Bỏ
3 - Xài Type C Thunderbolt4 to DP (ko chắc lap của thím có port thunderbolt ko) - Mình xài loại này
4 - xài Thunderbolt to HDMI (chấp nhận 8-bit 144hz vì con H24T7 là HDMI 2.0)
5 - HDMI to HDMI (chấp nhận max 8-bit 144hz vì con H24T7 là HDMI 2.0)

Hình dung như này nhé.
Thường ngta nói [Port PC] to [Port Màn], chứ ngta ko nói ngược lại.
Nên nếu thím đang muốn cắm HDMI vào lap - DP vào màn, thì xác định ko hoạt động dc nhé. Vì sao thì hỏi AI nó giải thích cho.

Dây của Ugreen thì mình đánh giá ngon, 4-5 năm nay xài đồ của Ugreen ko sao cả.
Vention có vẻ tốt, nhưng dây của tụi này ko bện dù nên mình ko mua )) hãng khác thì chịu
		
Click to expand...

1x cổng USB-C 3.2 Gen 2 (10Gbps + dGPU DP 2.1);
1x cổng USB-C 3.2 Gen 2 (10Gbps + dGPU DP 2.1 + 140W PD 3.0);
1x HDMI 2.1 (48Gbps)
con lap của t có thông số như này thì có xuất được 10 bit-180hz k b, đang tính mua con này.",https://voz.vn/t/review-man-hinh-ktc-h24t7-vs-aoc-q27g11e-74.1190832/page-4,
1190832,1995972,dzungvu99,"Apr 4, 2026 at 4:11 PM","kien trungth said:



			1x cổng USB-C 3.2 Gen 2 (10Gbps + dGPU DP 2.1);
1x cổng USB-C 3.2 Gen 2 (10Gbps + dGPU DP 2.1 + 140W PD 3.0);
1x HDMI 2.1 (48Gbps)
con lap của t có thông số như này thì có xuất được 10 bit-180hz k b, đang tính mua con này.
		
Click to expand...

Lên dc bác ạ.
HDMI thì ko lên dc, vì màn này là HDMI 2.0, muốn lên thì phải xài DP.
Mà bác có DP 2.1 thì lo gì.
Nhưng mà hơi ảo nhỉ, sao USB 3.2 mà có DP 2.1 dc nhẩy, nghe hơi vô lý, vì DP 2.1 bandwidth của nó lớn hơn USB 3.2 mà. Như này khác gì bị bóp 
Con lap của mình specs như này, DP 1.4 là đã lên dc rùi",https://voz.vn/t/review-man-hinh-ktc-h24t7-vs-aoc-q27g11e-74.1190832/page-4,
1188149,2174461,luuthuyvotinh,"Dec 25, 2025 at 8:24 AM","Tình hình con nồi mini mì xào của em lăn ra lỗi, ko biết sửa nên e tìm 1 con nồi khác thay thế, lâu nay toàn xài nồi rẻ tiền nghe các bác review cao tần nội địa Nhật ok em cũng múc 1 con nồi cơm điện cao tần Zojirushi NP-ZU18-TD 1.8L. Nồi này là nồi cao tần + áp suất như hình dưới





Tối qua nhận hàng e đã thử nấu 2 bữa và cảm nhận của em và cả nhà là ko thấy khác biệt với nồi xiami cũ mấy.

Lần 1: Gạo dẻo quê nấu cơm trắng chế độ thường 57 phút.
Cảm nhận tất cả hạt gạo chín đều độ nở như nhau, dẻo vừa nhưng ăn cảm giác ko hơn nồi cũ => thất vọng tập 1.

Lần 2: Gạo ST25 bao màu dưới - chế độ hẹn giờ 6h sáng nấu gạo trắng thường.  
Cơm nấu ra cũng ko thấy hơi nhão mà ăn ko ngon cảm thấy nhạt  thất vọng tập 2.
​




​​​Đánh giá chung của em là ko khác biệt mấy so với nồi rẻ tiền  hoặc em chưa biết nấu đúng cách. Mong bác nào đi qua cho e oánh giá lại về dòng nồi này hay chia sẻ thêm cho e cách nấu đúng. Tối e về thử lần 3 xem ​​Edit 1: Khả năng do gạo ST25 rồi các thím ạ, e mới nấu lại gạo quê đổ ít nước hơn chọn chế độ 79 phút thì cơm dẻo đều ăn khác bọt đấy. Để em test thêm vài ngày các chế độ khác xem sao. Nhưng nhìn chung chắc phải ăn nhấm nháp chứ ù ù các cạc ăn để mà ăn thì khó phân biệt được cơm ngon hơn phết.

 


Attachments








1766625078482.webp

					108.1 KB
					
					· Views: 24
					
				







			
				Last edited: Dec 25, 2025",https://voz.vn/t/danh-gia-noi-com-dien-cao-tan-zojirushi-np-zu18-td-1-8l-noi-dia-nhat.1188149/,
1188149,1651861,President Donald J. Trump,"Dec 25, 2025 at 8:44 AM","Con xiaomi chắc chỉ lỗi cái vụ đọng hơi nước chứ tầm tiền vẫn là ngon

via theNEXTvoz for iPhone",https://voz.vn/t/danh-gia-noi-com-dien-cao-tan-zojirushi-np-zu18-td-1-8l-noi-dia-nhat.1188149/,
1188149,2174461,luuthuyvotinh,"Dec 25, 2025 at 9:04 AM","President Donald J. Trump said:



			Con xiaomi chắc chỉ lỗi cái vụ đọng hơi nước chứ tầm tiền vẫn là ngon

via theNEXTvoz for iPhone

Click to expand...

Xiaomi e xài dc 5 năm do vụ đọng nước nó cứ rớt xuống nhiều e ko để ý nên hình như lỗi cảm biến rồi. Đổi qua con này chát phết mà ko dc như kỳ vọng hơi buồn",https://voz.vn/t/danh-gia-noi-com-dien-cao-tan-zojirushi-np-zu18-td-1-8l-noi-dia-nhat.1188149/,
1188149,1885119,abc25339_2,"Dec 25, 2025 at 9:16 AM",Mua cũ hay mới fen?,https://voz.vn/t/danh-gia-noi-com-dien-cao-tan-zojirushi-np-zu18-td-1-8l-noi-dia-nhat.1188149/,
1188149,2174461,luuthuyvotinh,"Dec 25, 2025 at 9:36 AM","abc25339_2 said:



			Mua cũ hay mới fen?
		
Click to expand...

Mới chứ fen, đồ này e ko dám xài đồ cũ",https://voz.vn/t/danh-gia-noi-com-dien-cao-tan-zojirushi-np-zu18-td-1-8l-noi-dia-nhat.1188149/,
1188149,1885119,abc25339_2,"Dec 25, 2025 at 11:00 AM","luuthuyvotinh said:



			Mới chứ fen, đồ này e ko dám xài đồ cũ
		
Click to expand...

1. Nồi cơm thông thường
2. Nồi cơm áp suất
3. Nồi cơm áp suất cao tần

Nói chung nếu để nhận thấy sự khác biệt rõ rệt thì chỉ khi chuyển từ 1 sang 2, còn từ 2 sang 3 thì có khác nhưng không rõ ràng đâu fen, khó cảm nhận",https://voz.vn/t/danh-gia-noi-com-dien-cao-tan-zojirushi-np-zu18-td-1-8l-noi-dia-nhat.1188149/,
1188149,2174461,luuthuyvotinh,"Dec 25, 2025 at 11:01 AM","abc25339_2 said:



			1. Nồi cơm thông thường
2. Nồi cơm áp suất
3. Nồi cơm áp suất cao tần

Nói chung nếu để nhận thấy sự khác biệt rõ rệt thì chỉ khi chuyển từ 1 sang 2, còn từ 2 sang 3 thì có khác nhưng không rõ ràng đâu fen, khó cảm nhận 

Click to expand...

từ 1 lên 3 bác ạ :v thế mới đau",https://voz.vn/t/danh-gia-noi-com-dien-cao-tan-zojirushi-np-zu18-td-1-8l-noi-dia-nhat.1188149/,
1188149,1885119,abc25339_2,"Dec 25, 2025 at 11:07 AM","luuthuyvotinh said:



			từ 1 lên 3 bác ạ :v thế mới đau
		
Click to expand...

Vậy fen xem lại loại gạo và nước, 2 và 3 thường cần ít nước hơn (do nó chín bằng nhiệt độ sôi cao của nước khi đạt áp suất cao nữa nên k cần nhiều nước, đủ nước để tạo áp là ok)",https://voz.vn/t/danh-gia-noi-com-dien-cao-tan-zojirushi-np-zu18-td-1-8l-noi-dia-nhat.1188149/,
1188149,2174461,luuthuyvotinh,"Dec 25, 2025 at 11:09 AM","abc25339_2 said:



			Vậy fen xem lại loại gạo và nước, 2 và 3 thường cần ít nước hơn (do nó chín bằng nhiệt độ sôi cao của nước khi đạt áp suất cao nữa nên k cần nhiều nước, đủ nước để tạo áp là ok)
		
Click to expand...

tối về e thử lại, chơi ST25 rồi mà mở nồi ra chỉ dc cái thơm, ăn thì nhạt thếch ko biết có phải do nấu hẹn giờ không",https://voz.vn/t/danh-gia-noi-com-dien-cao-tan-zojirushi-np-zu18-td-1-8l-noi-dia-nhat.1188149/,
1188149,430008,zitkolong,"Dec 25, 2025 at 11:10 AM","luuthuyvotinh said:



			Tình hình con nồi mini mì xào của em lăn ra lỗi, ko biết sửa nên e tìm 1 con nồi khác thay thế, lâu nay toàn xài nồi rẻ tiền nghe các bác review cao tần nội địa Nhật ok em cũng múc 1 con nồi cơm điện cao tần Zojirushi NP-ZU18-TD 1.8L. Nồi này là nồi cao tần + áp suất như hình dưới
View attachment 3398946​
Tối qua nhận hàng e đã thử nấu 2 bữa và cảm nhận của em và cả nhà là ko thấy khác biệt với nồi xiami cũ mấy.

Lần 1: Gạo dẻo quê nấu cơm trắng chế độ thường 57 phút.
Cảm nhận tất cả hạt gạo chín đều độ nở như nhau, dẻo vừa nhưng ăn cảm giác ko hơn nồi cũ => thất vọng tập 1.

Lần 2: Gạo ST25 bao màu dưới - chế độ hẹn giờ 6h sáng nấu gạo trắng thường.   
Cơm nấu ra cũng ko thấy hơi nhão mà ăn ko ngon cảm thấy nhạt  thất vọng tập 2.
​




​​​Đánh giá chung của em là ko khác biệt mấy so với nồi rẻ tiền  hoặc em chưa biết nấu đúng cách. Mong bác nào đi qua cho e oánh giá lại về dòng nồi này hay chia sẻ thêm cho e cách nấu đúng. Tối e về thử lần 3 xem ​​​

Click to expand...

mua cái nồi 20 củ này về nấu cũng thấy bình thường 



Thua Toshiba nồi gang 3 củ",https://voz.vn/t/danh-gia-noi-com-dien-cao-tan-zojirushi-np-zu18-td-1-8l-noi-dia-nhat.1188149/,
1188149,2174461,luuthuyvotinh,"Dec 25, 2025 at 11:13 AM","zitkolong said:



			mua cái nồi 20 củ này về nấu cũng thấy bình thường 



Thua Toshiba nồi gang 3 củ
		
Click to expand...

đâu có 6 củ thôi fen ko dám chi 20 củ cho nồi",https://voz.vn/t/danh-gia-noi-com-dien-cao-tan-zojirushi-np-zu18-td-1-8l-noi-dia-nhat.1188149/,
1188149,1885119,abc25339_2,"Dec 25, 2025 at 11:14 AM","luuthuyvotinh said:



			tối về e thử lại, chơi ST25 rồi mà mở nồi ra chỉ dc cái thơm, ăn thì nhạt thếch ko biết có phải do nấu hẹn giờ không
		
Click to expand...

sau khi tìm hiểu thì thấy con này có áp suất nhưng áp suất hẻo lắm fen.
loại áp suất chuẩn là nó phải có bi và khi nấu nó phải xì xì xèo xèo xả áp liên tục cơ  
con này có lẽ tập trung chủ yếu ở chức năng cao tần
chứ nếu nó làm áp suất chuẩn thì ăn sẽ khác bọt liền, tôi mua con chỉ áp suất của Cuckoo mà ăn khác ngay.",https://voz.vn/t/danh-gia-noi-com-dien-cao-tan-zojirushi-np-zu18-td-1-8l-noi-dia-nhat.1188149/,
1188149,2174461,luuthuyvotinh,"Dec 25, 2025 at 11:16 AM","abc25339_2 said:



			sau khi tìm hiểu thì thấy con này có áp suất nhưng áp suất hẻo lắm fen.
loại áp suất chuẩn là nó phải có bi và khi nấu nó phải xì xì xèo xèo xả áp liên tục cơ 
con này có lẽ tập trung chủ yếu ở chức năng cao tần
chứ nếu nó làm áp suất chuẩn thì ăn sẽ khác bọt liền, tôi mua con chỉ áp suất của Cuckoo mà ăn khác ngay.
		
Click to expand...

Có bi fen ạ, nấu nó cũng ầm ầm như nồi áp suất ấy",https://voz.vn/t/danh-gia-noi-com-dien-cao-tan-zojirushi-np-zu18-td-1-8l-noi-dia-nhat.1188149/,
1188149,1885119,abc25339_2,"Dec 25, 2025 at 11:20 AM","luuthuyvotinh said:



			Có bi fen ạ, nấu nó cũng ầm ầm như nồi áp suất ấy
		
Click to expand...

nếu vậy thì quá cay ) xin chia buồn fen
nhà tôi dùng nồi này: đánh giá - Nồi cơm 1,8L Cuckoo CRP-PK1000S (https://voz.vn/t/noi-com-1-8l-cuckoo-crp-pk1000s.742069/)

Sau khi khách đến ăn thử cơm nhà tôi thì khách nhờ tôi order thêm cho 4 cái nồi nữa để cho: nhà khách, nhà con gái của khách, nhà em gái của khách và thêm 1 cái cho nhà hàng xóm của khách",https://voz.vn/t/danh-gia-noi-com-dien-cao-tan-zojirushi-np-zu18-td-1-8l-noi-dia-nhat.1188149/,
1188149,430008,zitkolong,"Dec 25, 2025 at 11:20 AM","luuthuyvotinh said:



			đâu có 6 củ thôi fen ko dám chi 20 củ cho nồi
		
Click to expand...

ah chắc thím mua hàng bãi, mình mua mới, mua 4-5 năm rồi",https://voz.vn/t/danh-gia-noi-com-dien-cao-tan-zojirushi-np-zu18-td-1-8l-noi-dia-nhat.1188149/,
1188149,2174461,luuthuyvotinh,"Dec 25, 2025 at 11:23 AM","zitkolong said:



			ah chắc thím mua hàng bãi, mình mua mới, mua 4-5 năm rồi
View attachment 3399346

Click to expand...

khác mã mà, con của thím cao cấp hơn, con của em bình thường thôi. Mà thím nấu thấy cơm sao có khác biệt lắm ko",https://voz.vn/t/danh-gia-noi-com-dien-cao-tan-zojirushi-np-zu18-td-1-8l-noi-dia-nhat.1188149/,
1188149,2174461,luuthuyvotinh,"Dec 25, 2025 at 11:24 AM","abc25339_2 said:



			nếu vậy thì quá cay ) xin chia buồn fen
nhà tôi dùng nồi này: đánh giá - Nồi cơm 1,8L Cuckoo CRP-PK1000S (https://voz.vn/t/noi-com-1-8l-cuckoo-crp-pk1000s.742069/)

Sau khi khách đến ăn thử cơm nhà tôi thì khách nhờ tôi order thêm cho 4 cái nồi nữa để cho: nhà khách, nhà con gái của khách, nhà em gái của khách và thêm 1 cái cho nhà hàng xóm của khách 

Click to expand...

vãi con em gấp 2 con của bác  chán thật",https://voz.vn/t/danh-gia-noi-com-dien-cao-tan-zojirushi-np-zu18-td-1-8l-noi-dia-nhat.1188149/,
1188149,430008,zitkolong,"Dec 25, 2025 at 11:29 AM","luuthuyvotinh said:



			khác mã mà, con của thím cao cấp hơn, con của em bình thường thôi. Mà thím nấu thấy cơm sao có khác biệt lắm ko
		
Click to expand...

mình mà rảnh cũng biên bài như bác 


  chẳng thấy ngon hơn mấy, nấu nồi toshiba còn ok hơn",https://voz.vn/t/danh-gia-noi-com-dien-cao-tan-zojirushi-np-zu18-td-1-8l-noi-dia-nhat.1188149/,
1188149,1885119,abc25339_2,"Dec 25, 2025 at 11:31 AM","zitkolong said:



			mình mà rảnh cũng biên bài như bác 


  chẳng thấy ngon hơn mấy, nấu nồi toshiba còn ok hơn
		
Click to expand...

Thôi, so sánh làm gì, miễn ăn cơm vẫn hài lòng là đc )",https://voz.vn/t/danh-gia-noi-com-dien-cao-tan-zojirushi-np-zu18-td-1-8l-noi-dia-nhat.1188149/,
1188149,2083612,RaitoDTD,"Dec 25, 2025 at 11:32 AM","thật sự là em chê mấy cái nồi xuất khẩu này, đến nồi nội địa còn ko đắt như vậy, mà lại còn nhiều mẫu mã",https://voz.vn/t/danh-gia-noi-com-dien-cao-tan-zojirushi-np-zu18-td-1-8l-noi-dia-nhat.1188149/,
1188149,2174461,luuthuyvotinh,"Dec 25, 2025 at 11:35 AM","abc25339_2 said:



			Thôi, so sánh làm gì, miễn ăn cơm vẫn hài lòng là đc )
		
Click to expand...

Háo húc mua nấu rồi thấy ko ngon như kỳ vọng, vợ với người nhà bảo nồi quan trọng gì quan trọng là gạo tự dưng mình như thằng ngu ấy bác. Để e về test chế độ khác gạo khác xem sao. Mà bác cứ gạch e thế bị âm điểm",https://voz.vn/t/danh-gia-noi-com-dien-cao-tan-zojirushi-np-zu18-td-1-8l-noi-dia-nhat.1188149/page-2,
1188149,1120911,ducanhq1,"Dec 25, 2025 at 11:47 AM","luuthuyvotinh said:



			Háo húc mua nấu rồi thấy ko ngon như kỳ vọng, vợ với người nhà bảo nồi quan trọng gì quan trọng là gạo tự dưng mình như thằng ngu ấy bác. Để e về test chế độ khác gạo khác xem sao. Mà bác cứ gạch e thế bị âm điểm
		
Click to expand...

Do gạo ST25 ăn như đấm vào mồm chứ sao nữa a. Nhà tôi vừa chuyển ST25 về ăn gạo do ông cậu cấy được hơn tháng, ngon choét luôn.
Nhưng về cơ bản thì dùng NP-BSQ18V-TA thấy chả đáng với cái giá 20tr. Lần sau mua nồi cơm cạch bọn voi này ra. Và mua gạo cũng cạch bọn gạo mài ra. Về quê xem nhà nào gạo ngon mua thầu cả tấn ăn dần.",https://voz.vn/t/danh-gia-noi-com-dien-cao-tan-zojirushi-np-zu18-td-1-8l-noi-dia-nhat.1188149/page-2,
1188149,1885119,abc25339_2,"Dec 25, 2025 at 11:50 AM","luuthuyvotinh said:



			Háo húc mua nấu rồi thấy ko ngon như kỳ vọng, vợ với người nhà bảo nồi quan trọng gì quan trọng là gạo tự dưng mình như thằng ngu ấy bác. Để e về test chế độ khác gạo khác xem sao. Mà bác cứ gạch e thế bị âm điểm
		
Click to expand...

sorry fen vừa bỏ gạch )
gạo ST25 nghỉ đi, cứ gạo tám mà nấu, cho ít nước thôi là oke
mà chỗ cửa hàng ko cho đổi trả gì đó à, đổi trả chịu mất tí tiền múc con khác về còn hơn là cứ để như vậy thành ra mất không.",https://voz.vn/t/danh-gia-noi-com-dien-cao-tan-zojirushi-np-zu18-td-1-8l-noi-dia-nhat.1188149/page-2,
1188149,2174461,luuthuyvotinh,"Dec 25, 2025 at 12:03 PM","abc25339_2 said:



			sorry fen vừa bỏ gạch )
gạo ST25 nghỉ đi, cứ gạo tám mà nấu, cho ít nước thôi là oke
mà chỗ cửa hàng ko cho đổi trả gì đó à, đổi trả chịu mất tí tiền múc con khác về còn hơn là cứ để như vậy thành ra mất không.
		
Click to expand...

shopee fen ạ, để tối e cho ít nước đổi chế độ nấu khác xem sao",https://voz.vn/t/danh-gia-noi-com-dien-cao-tan-zojirushi-np-zu18-td-1-8l-noi-dia-nhat.1188149/page-2,
1188149,2174461,luuthuyvotinh,"Dec 25, 2025 at 7:54 PM","abc25339_2 said:



			sorry fen vừa bỏ gạch )
gạo ST25 nghỉ đi, cứ gạo tám mà nấu, cho ít nước thôi là oke
mà chỗ cửa hàng ko cho đổi trả gì đó à, đổi trả chịu mất tí tiền múc con khác về còn hơn là cứ để như vậy thành ra mất không.
		
Click to expand...

Đã test gạo quê đổ ít nước hơn nấu chế độ khác lâu hơn thì ăn ngon hơn thật, nhưng vợ với bác em vẫn ko khen cơm ngon gì cả khả năng toàn mồm gầu",https://voz.vn/t/danh-gia-noi-com-dien-cao-tan-zojirushi-np-zu18-td-1-8l-noi-dia-nhat.1188149/page-2,
1188149,1825381,henjken2,"Dec 25, 2025 at 8:08 PM","abc25339_2 said:



			1. Nồi cơm thông thường
2. Nồi cơm áp suất
3. Nồi cơm áp suất cao tần

Nói chung nếu để nhận thấy sự khác biệt rõ rệt thì chỉ khi chuyển từ 1 sang 2, còn từ 2 sang 3 thì có khác nhưng không rõ ràng đâu fen, khó cảm nhận 

Click to expand...

quốc nồi voz dc liệt vào loại nào bác nhỉ?",https://voz.vn/t/danh-gia-noi-com-dien-cao-tan-zojirushi-np-zu18-td-1-8l-noi-dia-nhat.1188149/page-2,
1188149,1825381,henjken2,"Dec 25, 2025 at 8:13 PM","ducanhq1 said:



			Do gạo ST25 ăn như đấm vào mồm chứ sao nữa a. Nhà tôi vừa chuyển ST25 về ăn gạo do ông cậu cấy được hơn tháng, ngon choét luôn.
Nhưng về cơ bản thì dùng NP-BSQ18V-TA thấy chả đáng với cái giá 20tr. Lần sau mua nồi cơm cạch bọn voi này ra. Và mua gạo cũng cạch bọn gạo mài ra. Về quê xem nhà nào gạo ngon mua thầu cả tấn ăn dần.
		
Click to expand...

còn e thì từ gạo thường lên st25 ăn ngon hơn hẳn bác ạ, mà giá đắt quá 310k/10kg. Mà gạo này ăn nóng nó ko dẻo bằng để nguội",https://voz.vn/t/danh-gia-noi-com-dien-cao-tan-zojirushi-np-zu18-td-1-8l-noi-dia-nhat.1188149/page-2,
1188149,2174461,luuthuyvotinh,"Dec 25, 2025 at 9:58 PM","henjken2 said:



			còn e thì từ gạo thường lên st25 ăn ngon hơn hẳn bác ạ, mà giá đắt quá 310k/10kg. Mà gạo này ăn nóng nó ko dẻo bằng để nguội

Click to expand...

Hay mua phải gạo đểu hoặc e nấu hẹn giờ qua đêm. Bác thử nấu hẹn giờ qua đêm xem :v qua e thử chức năng hẹn giờ 9h bỏ vào nấu hẹn 6h có cơm ăn nên gạo ngâm quá lâu chăng",https://voz.vn/t/danh-gia-noi-com-dien-cao-tan-zojirushi-np-zu18-td-1-8l-noi-dia-nhat.1188149/page-2,
1188149,1885119,abc25339_2,"Dec 25, 2025 at 10:14 PM","luuthuyvotinh said:



			Đã test gạo quê đổ ít nước hơn nấu chế độ khác lâu hơn thì ăn ngon hơn thật, nhưng vợ với bác em vẫn ko khen cơm ngon gì cả khả năng toàn mồm gầu
		
Click to expand...

Thế bác mời cơm hàng xóm đi xem sao )
Cái miệng khó chiều của người nhà có lẽ phải đổi nồi khác :v",https://voz.vn/t/danh-gia-noi-com-dien-cao-tan-zojirushi-np-zu18-td-1-8l-noi-dia-nhat.1188149/page-2,
1188149,1885119,abc25339_2,"Dec 25, 2025 at 10:14 PM","henjken2 said:



			quốc nồi voz dc liệt vào loại nào bác nhỉ?
		
Click to expand...

loại đầu tiên fen :v",https://voz.vn/t/danh-gia-noi-com-dien-cao-tan-zojirushi-np-zu18-td-1-8l-noi-dia-nhat.1188149/page-2,
1188149,862813,deathkael,"Dec 25, 2025 at 10:58 PM","henjken2 said:



			còn e thì từ gạo thường lên st25 ăn ngon hơn hẳn bác ạ, mà giá đắt quá 310k/10kg. Mà gạo này ăn nóng nó ko dẻo bằng để nguội

Click to expand...

ST25 loại 2 3 rồi fen
Loại chuẩn: 480k/10kg nhé",https://voz.vn/t/danh-gia-noi-com-dien-cao-tan-zojirushi-np-zu18-td-1-8l-noi-dia-nhat.1188149/page-2,
1188149,1120911,ducanhq1,"Dec 26, 2025 at 10:51 AM","henjken2 said:



			còn e thì từ gạo thường lên st25 ăn ngon hơn hẳn bác ạ, mà giá đắt quá 310k/10kg. Mà gạo này ăn nóng nó ko dẻo bằng để nguội

Click to expand...

Nhà tôi anti gạo mài rồi anh ạ. Ông cậu cấy đc ruộng gạo chả biết tên gì, hạt gần như gạo nếp ăn ngọt hơn hẳn. Mùi cũng dịu. ST25 đc mỗi cái mùi và hạt nở đều, còn vị thì xuồi xuồi.",https://voz.vn/t/danh-gia-noi-com-dien-cao-tan-zojirushi-np-zu18-td-1-8l-noi-dia-nhat.1188149/page-2,
1188149,1825381,henjken2,"Dec 26, 2025 at 3:20 PM","deathkael said:



			ST25 loại 2 3 rồi fen
Loại chuẩn: 480k/10kg nhé
		
Click to expand...

Chắc thế rồi fen, gạo này st 25, nhưng nơi sản xuất là tiền giang",https://voz.vn/t/danh-gia-noi-com-dien-cao-tan-zojirushi-np-zu18-td-1-8l-noi-dia-nhat.1188149/page-2,
1188149,815152,LaJoconde,"Dec 27, 2025 at 2:12 PM","zitkolong said:



			mua cái nồi 20 củ này về nấu cũng thấy bình thường 
		
		
	


	



Thua Toshiba nồi gang 3 củ
		
Click to expand...

Xin mã nồi gan Toshiba với bác ơi.",https://voz.vn/t/danh-gia-noi-com-dien-cao-tan-zojirushi-np-zu18-td-1-8l-noi-dia-nhat.1188149/page-2,
1188149,430008,zitkolong,"Dec 27, 2025 at 2:35 PM","LaJoconde said:



			Xin mã nồi gan Toshiba với bác ơi.
		
Click to expand...",https://voz.vn/t/danh-gia-noi-com-dien-cao-tan-zojirushi-np-zu18-td-1-8l-noi-dia-nhat.1188149/page-2,
1188149,2089136,youknowmylove,"Dec 27, 2025 at 2:52 PM","Con này khá giống con nhà mình xài (được đứa e họ cho, hàng nội nhật), nấu cơm ngon, có chế độ hâm cả ngày vẫn ấm.
Tuy nhiên, con nhà mình nấu chỉ tầm 30 - 35 phút thôi, đến khi nó sắp hết date sử dụng thì cũng chỉ 45p, cơm vừa ngon, vửa dẻo, xài nhiều loại gạo kể cả gạo huyết các thứ, chưa xảy ra tình trạng như thớt bao giờ.
Bác nên đổi gạo khác xem thử, chứ nấu 1 bửa mà 75 80 thì thôi nghỉ phẻ đc r.",https://voz.vn/t/danh-gia-noi-com-dien-cao-tan-zojirushi-np-zu18-td-1-8l-noi-dia-nhat.1188149/page-2,
1188149,815152,LaJoconde,"Dec 27, 2025 at 4:51 PM","zitkolong said:



View attachment 3402975




Click to expand...

Tks bác, trùng hợp cũng có người giới thiệu con này cho mình luôn
Ủa hình như khác xíu 
.





 



			
				Last edited: Dec 27, 2025",https://voz.vn/t/danh-gia-noi-com-dien-cao-tan-zojirushi-np-zu18-td-1-8l-noi-dia-nhat.1188149/page-2,
1188149,1788228,khoacuathongminh,"Dec 27, 2025 at 5:58 PM",E cũng mới làm con nồi Cuckoo áp suất kép cao tần. Để mai e review cho các thím,https://voz.vn/t/danh-gia-noi-com-dien-cao-tan-zojirushi-np-zu18-td-1-8l-noi-dia-nhat.1188149/page-2,
1188149,2174461,luuthuyvotinh,"Dec 27, 2025 at 8:31 PM","youknowmylove said:



			Con này khá giống con nhà mình xài (được đứa e họ cho, hàng nội nhật), nấu cơm ngon, có chế độ hâm cả ngày vẫn ấm.
Tuy nhiên, con nhà mình nấu chỉ tầm 30 - 35 phút thôi, đến khi nó sắp hết date sử dụng thì cũng chỉ 45p, cơm vừa ngon, vửa dẻo, xài nhiều loại gạo kể cả gạo huyết các thứ, chưa xảy ra tình trạng như thớt bao giờ.
Bác nên đổi gạo khác xem thử, chứ nấu 1 bửa mà 75 80 thì thôi nghỉ phẻ đc r.
		
Click to expand...

nồi nhật toàn nấu lâu mà thím nhanh nhất của nó cũng hơn 40 phút :v",https://voz.vn/t/danh-gia-noi-com-dien-cao-tan-zojirushi-np-zu18-td-1-8l-noi-dia-nhat.1188149/page-2,
1188149,1054202,secret90,"Dec 27, 2025 at 9:32 PM","zitkolong said:



View attachment 3402975




Click to expand...

Hàng made in Thailand. Nhà tôi xài cũng 6 năm cái 1,8 lít. Xong 2 vc ra ở riêng mới sắm thêm cái 1 lít vì ăn cả ngày chưa được 2/3 lon gạo. Bao bền với ngon cơm. Nồi cũng dễ chùi rửa.",https://voz.vn/t/danh-gia-noi-com-dien-cao-tan-zojirushi-np-zu18-td-1-8l-noi-dia-nhat.1188149/page-2,
1188149,993012,Harry James Potter,"Dec 29, 2025 at 10:56 AM",Thím thớt thử ngâm gạo trong nồi tầm 15-30' xong rồi hãy nấu xem sao,https://voz.vn/t/danh-gia-noi-com-dien-cao-tan-zojirushi-np-zu18-td-1-8l-noi-dia-nhat.1188149/page-3,
1188149,2174461,luuthuyvotinh,"Dec 29, 2025 at 10:58 AM","Harry James Potter said:



			Thím thớt thử ngâm gạo trong nồi tầm 15-30' xong rồi hãy nấu xem sao
		
Click to expand...

E đổi qua chế độ nấu lâu hơn cơm có ngon hơn nhưng để trầm trồ thì ko có thím ạ, hơi buồn",https://voz.vn/t/danh-gia-noi-com-dien-cao-tan-zojirushi-np-zu18-td-1-8l-noi-dia-nhat.1188149/page-3,
1188149,993012,Harry James Potter,"Dec 29, 2025 at 11:04 AM","luuthuyvotinh said:



			E đổi qua chế độ nấu lâu hơn cơm có ngon hơn nhưng để trầm trồ thì ko có thím ạ, hơi buồn
		
Click to expand...

Có thể là do gạo nữa. Mình đang ở Nhật cũng dùng cái nồi này luôn nấu cơm thấy khá là ngon. Chủ quan thì thấy ngon hơn ở nhà.
Ở nhà mình cũng đã ăn ST25 nhưng thấy cũng không ngon bằng gạo Đài Thơm (xưa là Bắc Thơm) pha tí nếp.
Nếu thím thấy không ổn thì thôi dùng cái loại nấu gia nhiệt bình thường cũng được.",https://voz.vn/t/danh-gia-noi-com-dien-cao-tan-zojirushi-np-zu18-td-1-8l-noi-dia-nhat.1188149/page-3,
1188149,1695213,tungkh,"Dec 30, 2025 at 9:08 AM",St25 cho nước hơn mức khuyên nghị trên thành nồi 1 chút với bác nấu chế độ áp suất cao tần thì hạt dẻo hơn. Còn ngon thì em thấy cũng chẳng ngon hơn loại gạo khác. Nồi áp suất cao tần nấu gạo nào cũng dẻo hết á.,https://voz.vn/t/danh-gia-noi-com-dien-cao-tan-zojirushi-np-zu18-td-1-8l-noi-dia-nhat.1188149/page-3,
1188149,430008,zitkolong,"Dec 30, 2025 at 9:09 AM","tungkh said:



			St25 cho nước hơn mức khuyên nghị trên thành nồi 1 chút với bác nấu chế độ áp suất cao tần thì hạt dẻo hơn. Còn ngon thì em thấy cũng chẳng ngon hơn loại gạo khác. Nồi áp suất cao tần nấu gạo nào cũng dẻo hết á.
		
Click to expand...

ST25 có loại cực ngon, mà trên thị trường hầu hết là hàng giả nên dở thúi",https://voz.vn/t/danh-gia-noi-com-dien-cao-tan-zojirushi-np-zu18-td-1-8l-noi-dia-nhat.1188149/page-3,
1188149,1695213,tungkh,"Dec 30, 2025 at 9:12 AM","zitkolong said:



			ST25 có loại cực ngon, mà trên thị trường hầu hết là hàng giả nên dở thúi
		
Click to expand...

Loại ST25 ngon chắc phải đúng chuẩn sóc trăng ăn mới thơm. Nhà em thường ăn loại bịch 5kg bán ở winmart ăn thấy bình thường.",https://voz.vn/t/danh-gia-noi-com-dien-cao-tan-zojirushi-np-zu18-td-1-8l-noi-dia-nhat.1188149/page-3,
1188149,2089136,youknowmylove,"Dec 30, 2025 at 9:22 AM","tungkh said:



			Loại ST25 ngon chắc phải đúng chuẩn sóc trăng ăn mới thơm. Nhà em thường ăn loại bịch 5kg bán ở winmart ăn thấy bình thường.
		
Click to expand...

Như tôi ăn gạo dẻo nhà trồng, không mua nên không sợ hàng fake, có đổ thiếu tí nước nó cũng không đến nổi nào.",https://voz.vn/t/danh-gia-noi-com-dien-cao-tan-zojirushi-np-zu18-td-1-8l-noi-dia-nhat.1188149/page-3,
1188149,430008,zitkolong,"Dec 30, 2025 at 9:24 AM","tungkh said:



			Loại ST25 ngon chắc phải đúng chuẩn sóc trăng ăn mới thơm. Nhà em thường ăn loại bịch 5kg bán ở winmart ăn thấy bình thường.
		
Click to expand...

Winmart cũng hàng đểu có pha trộn, loại ST25 loại 1 phải tới mấy đại lý gạo lớn ấy, họ chỉ cho cách phân biệt, ăn loại 1 mới thấy hơn gạo Nhật. Loại bên trái là đúng chuẩn  nè, bên phải giả, bên Winmart cũng tệ",https://voz.vn/t/danh-gia-noi-com-dien-cao-tan-zojirushi-np-zu18-td-1-8l-noi-dia-nhat.1188149/page-3,
1188149,1873663,hh2304,"Dec 30, 2025 at 9:38 AM","con thím xài là zoji gù, được xem là dòng ""cỏ"" trong mảng nồi cơm áp suất cao tần của Zojirushi nên cơm ko có gì đặc biệt cũng đúng chứ ko sai 
Thím phải mua mấy con Zoji khủng long 9kg, 11kg, Mamut,... thì cơm may ra mới có khác biệt rõ ràng, do áp suất tụi này lớn hơn, vi xử lý được lập trình chế độ nấu khác hoàn toàn so với cái Zoji gù của thím nhiều",https://voz.vn/t/danh-gia-noi-com-dien-cao-tan-zojirushi-np-zu18-td-1-8l-noi-dia-nhat.1188149/page-3,
1188149,2174461,luuthuyvotinh,"Dec 30, 2025 at 9:54 AM","hh2304 said:



			con thím xài là zoji gù, được xem là dòng ""cỏ"" trong mảng nồi cơm áp suất cao tần của Zojirushi nên cơm ko có gì đặc biệt cũng đúng chứ ko sai 
Thím phải mua mấy con Zoji khủng long 9kg, 11kg, Mamut,... thì cơm may ra mới có khác biệt rõ ràng, do áp suất tụi này lớn hơn, vi xử lý được lập trình chế độ nấu khác hoàn toàn so với cái Zoji gù của thím nhiều 

Click to expand...

Nghe sai sai nhỉ dòng cỏ thì nó cũng phải hơn nồi thường chứ, vậy nó sinh ra cái cao tần rồi cao tần áp suất làm gì, dòng cỏ này bán mục đích gì nhỉ. Nồi cơm 6 củ mà cứ như nồi thường thì e thấy ko phục cách làm của bọn này",https://voz.vn/t/danh-gia-noi-com-dien-cao-tan-zojirushi-np-zu18-td-1-8l-noi-dia-nhat.1188149/page-3,
1188149,1873663,hh2304,"Dec 30, 2025 at 10:00 AM","luuthuyvotinh said:



			Nghe sai sai nhỉ dòng cỏ thì nó cũng phải hơn nồi thường chứ, vậy nó sinh ra cái cao tần rồi cao tần áp suất làm gì, dòng cỏ này bán mục đích gì nhỉ. Nồi cơm 6 củ mà cứ như nồi thường thì e thấy ko phục cách làm của bọn này
		
Click to expand...

đánh giá công tâm thì con gù của thím phân khúc bên Nhật chỉ là dòng tầm trung (tức là nó chỉ hơn được cao tần không có áp suất bình thường thôi), còn dòng cao hơn thì có mấy con khủng long như mình có nói ở trên, hãng phân cấp ra zị cho dễ tiếp cận khách hàng thôi, giống như ví dụ thím thấy chiếc wave rsx với chiếc fuled lý thuyết xe zin thì dung tích xilanh là khác nhau (fuled 125cc còn rsx thì chỉ có 110cc) nhưng sự chênh lệch là không đáng kể và 2 xe chạy nó cũng tựa tựa nhau chứ không có con nào bốc hơn con nào quá rõ rệt, kiểu vậy",https://voz.vn/t/danh-gia-noi-com-dien-cao-tan-zojirushi-np-zu18-td-1-8l-noi-dia-nhat.1188149/page-3,
1188149,2174461,luuthuyvotinh,"Dec 30, 2025 at 10:03 AM","hh2304 said:



			đánh giá công tâm thì con gù của thím phân khúc bên Nhật chỉ là dòng tầm trung (tức là nó chỉ hơn được cao tần không có áp suất bình thường thôi), còn dòng cao hơn thì có mấy con khủng long như mình có nói ở trên, hãng phân cấp ra zị cho dễ tiếp cận khách hàng thôi, giống như ví dụ thím thấy chiếc wave rsx với chiếc fuled lý thuyết xe zin thì dung tích xilanh là khác nhau (fuled 125cc còn rsx thì chỉ có 110cc) nhưng sự chênh lệch là không đáng kể và 2 xe chạy nó cũng tựa tựa nhau chứ không có con nào bốc hơn con nào quá rõ rệt, kiểu vậy
		
Click to expand...

Vấn đề là cơm nó nấu ra mà so với nồi thường rẻ tiền thì ko hơn là mấy ấy thím, cảm nhận rõ sự khác biệt thì chắc phải sành ăn lắm mới cảm nhận được. Mà ko biết e đổ thừa nước hay sao giờ nấu xong mở ra có khá nhiều nước ở nắp vung rơi ngược lại trong nồi hay là lỗi gì nhỉ. Đã test chán chê các chế độ thì chế độ nấu gạo trắng già 76p cơm ngon nhất với loại gạo của em.",https://voz.vn/t/danh-gia-noi-com-dien-cao-tan-zojirushi-np-zu18-td-1-8l-noi-dia-nhat.1188149/page-3,
1188149,1695213,tungkh,"Dec 30, 2025 at 11:58 AM","luuthuyvotinh said:



			Vấn đề là cơm nó nấu ra mà so với nồi thường rẻ tiền thì ko hơn là mấy ấy thím, cảm nhận rõ sự khác biệt thì chắc phải sành ăn lắm mới cảm nhận được. Mà ko biết e đổ thừa nước hay sao giờ nấu xong mở ra có khá nhiều nước ở nắp vung rơi ngược lại trong nồi hay là lỗi gì nhỉ. Đã test chán chê các chế độ thì chế độ nấu gạo trắng già 76p cơm ngon nhất với loại gạo của em.
		
Click to expand...

Nồi áp suất nào nấu cũng tích nước hết á thím. Bọn kỹ sư thiết kế tinh tế khi mở nắp nước tràn theo rãnh thì chỉ bị vài giọt rơi xuống thôi.",https://voz.vn/t/danh-gia-noi-com-dien-cao-tan-zojirushi-np-zu18-td-1-8l-noi-dia-nhat.1188149/page-3,
1188149,1876006,squallnudan,"Dec 30, 2025 at 12:10 PM","Bố vợ dùng quả nồi cookcu của hàn mình xem giá mấy năm trc tầm 11 12tr mà nấu cơm ngon vl luôn,  lúc mới tắt nồi thì cơm hơi dính xong có màng kiểu màng gạo ở trên,  để 3p thì bắt đầu khô rồi tơi dần. 
Cơm dẻo như xôi mà ko hề dính nát gì luôn.",https://voz.vn/t/danh-gia-noi-com-dien-cao-tan-zojirushi-np-zu18-td-1-8l-noi-dia-nhat.1188149/page-3,
1188149,1951492,hieu_khuat,"Jan 5, 2026 at 2:40 PM","Nhờ các bác tư vấn nồi nấu cơm cho 4 người lớn. Ngân sách dưới 5tr ưu tiên hàng mới ạ. 

via theNEXTvoz for iPhone",https://voz.vn/t/danh-gia-noi-com-dien-cao-tan-zojirushi-np-zu18-td-1-8l-noi-dia-nhat.1188149/page-3,
1188149,2177601,ducbui68,"Jan 5, 2026 at 4:27 PM","Harry James Potter said:



			Có thể là do gạo nữa. Mình đang ở Nhật cũng dùng cái nồi này luôn nấu cơm thấy khá là ngon. Chủ quan thì thấy ngon hơn ở nhà.
Ở nhà mình cũng đã ăn ST25 nhưng thấy cũng không ngon bằng gạo Đài Thơm (xưa là Bắc Thơm) pha tí nếp.
Nếu thím thấy không ổn thì thôi dùng cái loại nấu gia nhiệt bình thường cũng được.
		
Click to expand...

Loại ST25 mình thường cho nước hơn mức khuyên nghị 1 chút khi nấu chế độ áp suất cao tần. Thấy ngon hơn",https://voz.vn/t/danh-gia-noi-com-dien-cao-tan-zojirushi-np-zu18-td-1-8l-noi-dia-nhat.1188149/page-3,
1188149,2176960,khaivp,"Jan 5, 2026 at 4:46 PM","LaJoconde said:



			Xin mã nồi gan Toshiba với bác ơi.
		
Click to expand...

Nhà mình đang dùng nồi cơm điện tử Toshiba 1.8L này, hàng của Thái Lan luôn:
https://shopee.vn/N%E1%BB%93i-c%C6%A1m-%C4%91i%E1%BB%87n-Toshiba-1.8-l%C3%ADt-RC-18N-i.706762797.23843970651?extraParams=%7B%22display_model_id%22%3A231654524113%2C%22model_selection_logic%22%3A3%7D&sp_atk=03924f67-3429-47fe-85bc-420ee752b8dd&xptdk=03924f67-3429-47fe-85bc-420ee752b8dd
Nồi này nấu rất ngon, xứng đáng quốc dân luôn bác ah

 



			
				Last edited: Jan 10, 2026",https://voz.vn/t/danh-gia-noi-com-dien-cao-tan-zojirushi-np-zu18-td-1-8l-noi-dia-nhat.1188149/page-3,
1188149,209,Modife,"Jan 6, 2026 at 9:41 PM","zitkolong said:



			ah chắc thím mua hàng bãi, mình mua mới, mua 4-5 năm rồi
View attachment 3399346

Click to expand...

Nói chung là đắt tiền, đã thử nấu hết cách trong mấy năm qua mà nó chả ngon bằng cái nồi mấy trăm ngàn nhà ba mẹ mình đang dùng. Gạo thì ST25 ông cua. Rõ là cơm vừa mới chín là thơm phức luôn nhưng lúc ăn thì thất cmn vọng luôn. Cũng may là hồi bạn nó tặng chứ không cũng tiếc đứt ruột  .Đợt nồi cơm nhà ba mẹ hư nên mang lên cho ba mẹ dùng mà dùng được 1 tuần ông bà chê trả lại đi mua cái nồi như cũ",https://voz.vn/t/danh-gia-noi-com-dien-cao-tan-zojirushi-np-zu18-td-1-8l-noi-dia-nhat.1188149/page-3,
1188149,430008,zitkolong,"Jan 7, 2026 at 9:23 AM","Modife said:



			Nói chung là đắt tiền, đã thử nấu hết cách trong mấy năm qua mà nó chả ngon bằng cái nồi mấy trăm ngàn nhà ba mẹ mình đang dùng. Gạo thì ST25 ông cua. Rõ là cơm vừa mới chín là thơm phức luôn nhưng lúc ăn thì thất cmn vọng luôn. Cũng may là hồi bạn nó tặng chứ không cũng tiếc đứt ruột  .Đợt nồi cơm nhà ba mẹ hư nên mang lên cho ba mẹ dùng mà dùng được 1 tuần ông bà chê trả lại đi mua cái nồi như cũ 
View attachment 3418372

Click to expand...

chuẩn cái này cmnl 


 gạo VN nấu nồi gang dày ngon hơn",https://voz.vn/t/danh-gia-noi-com-dien-cao-tan-zojirushi-np-zu18-td-1-8l-noi-dia-nhat.1188149/page-3,
1188149,1921639,orochim,"Jan 12, 2026 at 2:57 PM",Mình còn dư 1 nồi  Zojirushi brand new mã như hình có ai cần không ạ ?,https://voz.vn/t/danh-gia-noi-com-dien-cao-tan-zojirushi-np-zu18-td-1-8l-noi-dia-nhat.1188149/page-3,
1188149,982369,badboy_a4,"Jan 15, 2026 at 11:23 AM",Hiện tại mẫu nồi cao tần nào tầm 4tr đáng dùng mọi người. Bỏ qua hàng 2nd Nhật Bãi nha,https://voz.vn/t/danh-gia-noi-com-dien-cao-tan-zojirushi-np-zu18-td-1-8l-noi-dia-nhat.1188149/page-4,
1188149,43636,ducanh6988,"Jan 22, 2026 at 9:10 AM","Mình mua cái Cookuu loại Cao tần + Áp suất kép (là max công nghệ của nó rồi), thấy cơm ngon rõ so với nồi cũ (có thể do nồi cũ của mình hơi cùi), và cũng ngon hơn mấy con điện tử như Toshiba, Hitachi và 1 số nồi khác do nhà anh em xài (cái này mình đi ăn chực rồi cảm nhận chứ ko phải nấu cùng lúc 2 hoặc nhiều nồi so sánh trực tiếp).",https://voz.vn/t/danh-gia-noi-com-dien-cao-tan-zojirushi-np-zu18-td-1-8l-noi-dia-nhat.1188149/page-4,
1188149,43636,ducanh6988,"Jan 22, 2026 at 9:10 AM","badboy_a4 said:



			Hiện tại mẫu nồi cao tần nào tầm 4tr đáng dùng mọi người. Bỏ qua hàng 2nd Nhật Bãi nha




Click to expand...

Thấy có ông bán nồi Voi mới ~4tr kìa.",https://voz.vn/t/danh-gia-noi-com-dien-cao-tan-zojirushi-np-zu18-td-1-8l-noi-dia-nhat.1188149/page-4,
1188149,1921639,orochim,"Jan 22, 2026 at 9:34 AM","badboy_a4 said:



			Hiện tại mẫu nồi cao tần nào tầm 4tr đáng dùng mọi người. Bỏ qua hàng 2nd Nhật Bãi nha




Click to expand...

new đúng giá fen cần luôn nè SG - Cần bán 1 nồi cơm điện Zojirushi - NS-TSC10 (https://voz.vn/t/can-ban-1-noi-com-%C4%91ien-zojirushi-ns-tsc10.1198549/#post-40519556)",https://voz.vn/t/danh-gia-noi-com-dien-cao-tan-zojirushi-np-zu18-td-1-8l-noi-dia-nhat.1188149/page-4,
1188149,2168066,TVDHVN,"Jan 22, 2026 at 3:30 PM","Công nhận bọn Cookuu làm nồi đỉnh, cách đây 5 năm mua cái nồi 4 củ mà giờ ăn vẫn ngon đứt mấy loại nồi mới bây giờ, chỉ thay mỗi cái gioăng",https://voz.vn/t/danh-gia-noi-com-dien-cao-tan-zojirushi-np-zu18-td-1-8l-noi-dia-nhat.1188149/page-4,
1188149,1885119,abc25339_2,"Jan 22, 2026 at 3:36 PM","TVDHVN said:



			Công nhận bọn Cookuu làm nồi đỉnh, cách đây 5 năm mua cái nồi 4 củ mà giờ ăn vẫn ngon đứt mấy loại nồi mới bây giờ, chỉ thay mỗi cái gioăng
		
Click to expand...

công nhận là lởm mỗi cái gioăng :v",https://voz.vn/t/danh-gia-noi-com-dien-cao-tan-zojirushi-np-zu18-td-1-8l-noi-dia-nhat.1188149/page-4,
1188149,2181981,trunggo,"Jan 23, 2026 at 2:36 PM","badboy_a4 said:



			Hiện tại mẫu nồi cao tần nào tầm 4tr đáng dùng mọi người. Bỏ qua hàng 2nd Nhật Bãi nha




Click to expand...

Hơn 4tr thím săn sale mẫu nồi cơm điện tử áp suất cao tần này,
cá nhân mình thấy nó best p/p tầm giá:
https://vn. shp.ee/BN3Er4z

 



			
				Last edited: Mar 20, 2026",https://voz.vn/t/danh-gia-noi-com-dien-cao-tan-zojirushi-np-zu18-td-1-8l-noi-dia-nhat.1188149/page-4,
1188149,1921639,orochim,"Jan 23, 2026 at 4:44 PM","trunggo said:



			ib
		
Click to expand...

Có link bài bán luôn nè, ib chi cho lâu SG - Cần bán 1 nồi cơm điện Zojirushi - NS-TSC10 (https://voz.vn/t/can-ban-1-noi-com-%C4%91ien-zojirushi-ns-tsc10.1198549/post-40466626)


Sent from ulatroi via VOZVNApp",https://voz.vn/t/danh-gia-noi-com-dien-cao-tan-zojirushi-np-zu18-td-1-8l-noi-dia-nhat.1188149/page-4,
1188149,430008,zitkolong,"Jan 24, 2026 at 10:27 AM","buiquan26 said:



			Lại phải sắm cái bếp củi cho đủ bộ 

Click to expand...

Nhà tbt nguyễn phú trọng nấu bếp củi đấy, nấu củi thơm nhưng nhà phải giàu có hệ thống lọc khí và vệ sinh như bếp điện thì được )

via theNEXTvoz for iPhone",https://voz.vn/t/danh-gia-noi-com-dien-cao-tan-zojirushi-np-zu18-td-1-8l-noi-dia-nhat.1188149/page-4,
1188149,396836,skmin,"Jan 25, 2026 at 11:36 AM",Năm ngoái cũng háo hức múc con nồi này về do xem quảng cáo quá nhiều. về thất vọng vl ăn chả hơn nồi dưới 1 củ mấy. bị vợ với mẹ chê h thấy mình ngu vl,https://voz.vn/t/danh-gia-noi-com-dien-cao-tan-zojirushi-np-zu18-td-1-8l-noi-dia-nhat.1188149/page-4,
1188149,70866,Anaksulnamun,"Feb 8, 2026 at 9:38 PM","luuthuyvotinh said:



Edit 1: Khả năng do gạo ST25 rồi các thím ạ, e mới nấu lại gạo quê đổ ít nước hơn chọn chế độ 79 phút thì cơm dẻo đều ăn khác bọt đấy. Để em test thêm vài ngày các chế độ khác xem sao. Nhưng nhìn chung chắc phải ăn nhấm nháp chứ ù ù các cạc ăn để mà ăn thì khó phân biệt được cơm ngon hơn phết.
		
Click to expand...

Tớ đã dùng nồi áp suất điện nấu ra được cái khẩu cảm của nồi Tiger rùi này và đã cầm 3 cái nồi con voi, để nói cho nghe 
1. Gạo ST25 đúng theo ông Cua là phải 1 gạo : 1 nước hay 1 gạo : 0.9 nước (cân chính xác chứ ko hòm hòm nhé) ... thì nó mới đúng style loại gạo ngon nhất thế giới
2. Gạo trắng ko có ngâm, gạo lứt mới nên ngâm ...
3. Nếu nấu gạo muốn ngon thì nên cho thêm 1-2 muỗng dầu ăn (10-20ml) và 1 tí xíu muối nhá
Thử xem
Và...
4. Khi ta nấu test 3 nồi cùng 1 lúc thì chỉ khi nào vừa nấu xong thì sẽ có sự khác biệt rất rõ giữa cách loại nồi (nhưng với ta nó sẽ là 91-95/100 điểm), nhưng bạn để nó ... hâm 30 phút thì nó chả khác biệt cái quái gì đâu",https://voz.vn/t/danh-gia-noi-com-dien-cao-tan-zojirushi-np-zu18-td-1-8l-noi-dia-nhat.1188149/page-4,
1188149,1093154,shin14,"Mar 5, 2026 at 6:32 AM",chốt Nhật hay hàn hơn hả mn,https://voz.vn/t/danh-gia-noi-com-dien-cao-tan-zojirushi-np-zu18-td-1-8l-noi-dia-nhat.1188149/page-4,
1188149,1675191,La_Casa,"Mar 5, 2026 at 7:43 AM","các cụ trên nhà đang xài nồi cookoo cơm ngon vl, lúc nào cũng dẻo như sôi dù cắm lại. giờ có 1m nên chưa có nhu cầu nhưng chắc cũng sắm cái cho vợ",https://voz.vn/t/danh-gia-noi-com-dien-cao-tan-zojirushi-np-zu18-td-1-8l-noi-dia-nhat.1188149/page-4,
1187872,1758213,vinhlt25,"Dec 24, 2025 at 11:32 AM","Lưu ý: Review cơ bản thông tin đáng chú ý, vì em cũng không phải dân pro OC nên ae có thể đóng góp thêm để test kỹ hơn
=> Đồ chơi mới chip laptop kẹp trên mainboard PC cụ thể ở đây là mẫu Ryzen 9 7845HX







1. Thông số cơ bản

R9 7845HX chính là nguyên con 7900X bỏ IHS và die tốt hơn đắp lên LAPTOP nên điện thấp hơn mà vẫn giữ xung cao cũng như mát hơn 7900X khá nhiều
Khe cắm mở rộng: 1 khe PCI4.0x16 full bằng thông và 2 khe M2 PCI4.0 (1 Mặt trước và 1 mặt sau)
Khe RAM: 2 x DDR5 (max 2x32GB) hỗ trợ bus tối đa 6200Mhz
Dàn Phase 8 tụ 60A có ốp tản
Chân ARGB 5V để sync LED (đã test sync hoạt động tốt)
FE thì có HDMI2.0 + DP1.4A + Type-C đều xuất hình được
Wifi6E + BT5.3 tạm ổn - ae có thể thay card wifi
2. BIOS

BIOS AMI tiêu chuẩn khá xịn xò đầy đủ cho ae tọc vạch
AMD PBO, DRAM Profile, DRAM Voltage, .... hỗ trợ OC không khác gì CPU Desktop
Secure Boot, TPM, .... cũng đầy đủ










3. Hiệu năng và OC
 RAM

Mình sử dụng cặp Teamgroup Xtreem 6400Mhz C32 có EXPO Profile tuy nhiên thì khi bật luôn EXPO Profile thì sẽ treo vì không hỗ trợ bus 6k4
Bus cao thì sẽ phải setting bằng tay từng thông số (kỹ sư hãng có support mình chi tiết tại cũng không rõ lắm :vv) và set về 6000Mhz C30 1:1 ngon lành
Nhận bus ngon nghẻ rồi thì bus siêu nhanh chưa tới 5s vào win ( Chắc tại BIOS cũng đơn giản )
Bonus: Bạn mình có test trên cặp NEO 6000 C30 thì bật EXPO Profile cái ăn ngay không cần set tay







 PBO CPU
Mình test trên con tản DEEPCOOL AG500 dòng tản rẻ tiền nhỉnh hơn con CR1000 chút

Vì đây là con 7900X bỏ IHS và mấy anh pháp sư úp miếng nhôm siêu to thay cho IHS, chưa kể CPU laptop nên die ngon hơn nên điện thấp hơn mà xung vẫn cao và nhiệt thấp.
PBO cơ bản CO -15 bench R24
=> Xung ổn định ~ 5.1Ghz
=> Điện 133W
=> Nhiệt 81-82
=> VRM 60 độ (Sờ trực tiếp chỉ ấm ấm)
Điểm bench đạt 1495 khá sát 7900X tuy nhiên thì 7900X bung gần 200W điện và nóng hơn nhiều




 Gaming
Mình có test qua 2 game CS2 và BF6 2 game ăn CPU trên RTX 3080






CS 2 cho FPS trên 400 ở res tiêu chuẩn 1280x960 low setting chưa thể so với 7800X3D vì cache 7845hx chỉ có 64MB L3
BF6 cho FPS tầm 120 FHD Overkill Setting (Chạy max luôn con CPU nên chắc card xịn hơn FPS sẽ cao hơn)
4. Độ bền thì sao ?

Contact trực tiếp hãng thì hãng báo main đều được chạy test workload nặng trước khi xuất sưởng nên yên tâm chất lượng
Bạn mình có treo workload nặng hơn 3 ngày cũng chưa từng sập hay lỗi gì
Thực tế thấy main làm khá chỉn chu, và thời gian sẽ trả lời câu hỏi độ bền thực sự
5. Tổng kết
- Với giá chỉ hơn 7tr bảo hành chính hãng 12 tháng chưa bằng giá 1c 7900X cũ thì đây thực sự là lựa chọn Ngon-Bổ-Rẻ cho ae trong kiếp nạn bão giá linh kiện

 


Attachments








Screenshot 2025-12-23 183715.webp

					108.9 KB
					
					· Views: 26",https://voz.vn/t/r9-7845hx-mang-len-pc-tren-main-topc-yuniki-fl1-hx-itx-d5.1187872/,
1187872,1758213,vinhlt25,"Dec 24, 2025 at 11:35 AM","Vài ảnh test game vs stress nhẹ












 Test độ bền treo 24/7",https://voz.vn/t/r9-7845hx-mang-len-pc-tren-main-topc-yuniki-fl1-hx-itx-d5.1187872/,
1187872,1780978,thanhoang,"Dec 24, 2025 at 12:09 PM",Có con hàng nào nhẹ tiền hơn ko bác ?,https://voz.vn/t/r9-7845hx-mang-len-pc-tren-main-topc-yuniki-fl1-hx-itx-d5.1187872/,
1187872,1555589,The KingSlayer,"Dec 24, 2025 at 12:24 PM","Ngoại trừ cái quốc tịch ra thì đám main này ổn áp phết làm dàn itx ổn, 1 số main có cả x3d luôn",https://voz.vn/t/r9-7845hx-mang-len-pc-tren-main-topc-yuniki-fl1-hx-itx-d5.1187872/,
1187872,1758213,vinhlt25,"Dec 24, 2025 at 12:30 PM","thanhoang said:



			Có con hàng nào nhẹ tiền hơn ko bác ?
		
Click to expand...

có bản r5 7645hx tầm hơn 5tr nma vẫn chạy ram 5 nên hơi lệch kèo ạ",https://voz.vn/t/r9-7845hx-mang-len-pc-tren-main-topc-yuniki-fl1-hx-itx-d5.1187872/,
1187872,1702568,trongtuanthan,"Dec 24, 2025 at 2:09 PM","vinhlt25 said:



			có bản r5 7645hx tầm hơn 5tr nma vẫn chạy ram 5 nên hơi lệch kèo ạ
		
Click to expand...

 r5 7645hx thì ngang con nào bên desk nhỉ , hơn 7500f không?",https://voz.vn/t/r9-7845hx-mang-len-pc-tren-main-topc-yuniki-fl1-hx-itx-d5.1187872/,
1187872,1555589,The KingSlayer,"Dec 24, 2025 at 2:19 PM","trongtuanthan said:



			r5 7645hx thì ngang con nào bên desk nhỉ , hơn 7500f không?
		
Click to expand...

Gần như 2 đứa nó là 1
7745hx thì thọt cache",https://voz.vn/t/r9-7845hx-mang-len-pc-tren-main-topc-yuniki-fl1-hx-itx-d5.1187872/,
1187872,1702568,trongtuanthan,"Dec 24, 2025 at 2:25 PM","The KingSlayer said:



			Gần như 2 đứa nó là 1
7745hx thì thọt cache
		
Click to expand...

cache l3 vẫn 32 ngang nhau mà, bỏ combo dưới đổi qua combo r9 trên ngon ko nhỉ , Nhiệt bọn này chắc thấp hơn bọn desk",https://voz.vn/t/r9-7845hx-mang-len-pc-tren-main-topc-yuniki-fl1-hx-itx-d5.1187872/,
1187872,1758213,vinhlt25,"Dec 24, 2025 at 2:31 PM","trongtuanthan said:



			r5 7645hx thì ngang con nào bên desk nhỉ , hơn 7500f không?
		
Click to expand...

nó là con 7600 tại vẫn có igpu xung na ná",https://voz.vn/t/r9-7845hx-mang-len-pc-tren-main-topc-yuniki-fl1-hx-itx-d5.1187872/,
1187872,1555589,The KingSlayer,"Dec 24, 2025 at 2:40 PM","trongtuanthan said:



			cache l3 vẫn 32 ngang nhau mà, bỏ combo dưới đổi qua combo r9 trên ngon ko nhỉ , Nhiệt bọn này chắc thấp hơn bọn desk
		
Click to expand...

8C16T phải 6b cache chứ",https://voz.vn/t/r9-7845hx-mang-len-pc-tren-main-topc-yuniki-fl1-hx-itx-d5.1187872/,
1187872,1702568,trongtuanthan,"Dec 24, 2025 at 2:47 PM","The KingSlayer said:



			8C16T phải 6b cache chứ
		
Click to expand...

Đâu đang nói con 7645hx 6c12t ấy , mà con 7845hx này 12c24t l3 64mb ngon vl thế nhỉ , giá 6tr thơm phức",https://voz.vn/t/r9-7845hx-mang-len-pc-tren-main-topc-yuniki-fl1-hx-itx-d5.1187872/,
1187872,1555589,The KingSlayer,"Dec 24, 2025 at 2:50 PM","trongtuanthan said:



			Đâu đang nói con 7645hx 6c12t ấy , mà con 7845hx này 12c24t l3 64mb ngon vl thế nhỉ , giá 6tr thơm phức
		
Click to expand...

thì ông thớt nói nó là con 7900x đó
Đám HX nhét main itx ngon mà
đang xài con 7940HS đã mạnh vãi ra rồi",https://voz.vn/t/r9-7845hx-mang-len-pc-tren-main-topc-yuniki-fl1-hx-itx-d5.1187872/,
1187872,1702568,trongtuanthan,"Dec 24, 2025 at 2:54 PM","The KingSlayer said:



			thì ông thớt nói nó là con 7900x đó
Đám HX nhét main itx ngon mà
đang xài con 7940HS đã mạnh vãi ra rồi
		
Click to expand...

Tâm tư thế nhỉ , ko biết có ai chuột bạch chưa , bán cả main vs chip dưới sign là đủ đổi ngang qua combo 7845hx rồi. Bên trung có combo 7745hx nữa mà ko thấy nhập về",https://voz.vn/t/r9-7845hx-mang-len-pc-tren-main-topc-yuniki-fl1-hx-itx-d5.1187872/,
1187872,1555589,The KingSlayer,"Dec 24, 2025 at 2:56 PM","trongtuanthan said:



			Tâm tư thế nhỉ , ko biết có ai chuột bạch chưa , bán cả main vs chip dưới sign là đủ đổi ngang qua combo 7845hx rồi. Bên trung có combo 7745hx nữa mà ko thấy nhập về
		
Click to expand...

nhu cầu gì chứ",https://voz.vn/t/r9-7845hx-mang-len-pc-tren-main-topc-yuniki-fl1-hx-itx-d5.1187872/,
1187872,1702568,trongtuanthan,"Dec 24, 2025 at 2:57 PM","The KingSlayer said:



			nhu cầu gì chứ
		
Click to expand...

Chơi game vs làm video á bác",https://voz.vn/t/r9-7845hx-mang-len-pc-tren-main-topc-yuniki-fl1-hx-itx-d5.1187872/,
1187872,1555589,The KingSlayer,"Dec 24, 2025 at 2:59 PM","trongtuanthan said:



			Chơi game vs làm video á bác
		
Click to expand...

thế quất con main trong bài đi ngon mà
ngon hơn maxsun là cái chắc",https://voz.vn/t/r9-7845hx-mang-len-pc-tren-main-topc-yuniki-fl1-hx-itx-d5.1187872/,
1187872,1702568,trongtuanthan,"Dec 24, 2025 at 3:07 PM","The KingSlayer said:



			thế quất con main trong bài đi ngon mà
ngon hơn maxsun là cái chắc
		
Click to expand...

À con main này cổng cắm fan mấy cái nhỉ sợ ko đủ cắm qạt",https://voz.vn/t/r9-7845hx-mang-len-pc-tren-main-topc-yuniki-fl1-hx-itx-d5.1187872/,
1187872,1555589,The KingSlayer,"Dec 24, 2025 at 3:17 PM","trongtuanthan said:



			À con main này cổng cắm fan mấy cái nhỉ sợ ko đủ cắm qạt
		
Click to expand...

2 chân fan",https://voz.vn/t/r9-7845hx-mang-len-pc-tren-main-topc-yuniki-fl1-hx-itx-d5.1187872/,
1187872,1717896,Dreamwalker,"Dec 24, 2025 at 3:29 PM","The KingSlayer said:



			đang xài con 7940HS đã mạnh vãi ra rồi
		
Click to expand...

Con 7940HS là R9 mà có nhõn 8 nhân.",https://voz.vn/t/r9-7845hx-mang-len-pc-tren-main-topc-yuniki-fl1-hx-itx-d5.1187872/,
1187872,1702568,trongtuanthan,"Dec 24, 2025 at 3:30 PM","Dreamwalker said:



			Con 7940HS là R9 mà có nhõn 8 nhân.  

Click to expand...

16nhân mà, à nhầm 7940hx mới 16",https://voz.vn/t/r9-7845hx-mang-len-pc-tren-main-topc-yuniki-fl1-hx-itx-d5.1187872/,
1187872,1717896,Dreamwalker,"Dec 24, 2025 at 3:30 PM","trongtuanthan said:



			16nhân mà
		
Click to expand...

16 thread.",https://voz.vn/t/r9-7845hx-mang-len-pc-tren-main-topc-yuniki-fl1-hx-itx-d5.1187872/page-2,
1187872,1555589,The KingSlayer,"Dec 24, 2025 at 3:34 PM","Dreamwalker said:



			Con 7940HS là R9 mà có nhõn 8 nhân.  

Click to expand...

Nó để tiết kiệm điện mà, với có GPU 780M mạnh",https://voz.vn/t/r9-7845hx-mang-len-pc-tren-main-topc-yuniki-fl1-hx-itx-d5.1187872/page-2,
1187872,1702568,trongtuanthan,"Dec 24, 2025 at 4:14 PM",con main này card wifi xài đc ko nhỉ hay phải thay,https://voz.vn/t/r9-7845hx-mang-len-pc-tren-main-topc-yuniki-fl1-hx-itx-d5.1187872/page-2,
1187872,804688,bazoka_is_me,"Dec 24, 2025 at 4:22 PM","trongtuanthan said:



			con main này card wifi xài đc ko nhỉ hay phải thay
		
Click to expand...

Trong bài có ghi mà fen




Wifi6E + BT5.3 tạm ổn - ae có thể thay card wifi


Click to expand...",https://voz.vn/t/r9-7845hx-mang-len-pc-tren-main-topc-yuniki-fl1-hx-itx-d5.1187872/page-2,
1187872,1385152,ShikiRyougi,"Dec 24, 2025 at 4:35 PM",Con này mà có usb c front panel nữa thì quá đẹp.,https://voz.vn/t/r9-7845hx-mang-len-pc-tren-main-topc-yuniki-fl1-hx-itx-d5.1187872/page-2,
1187872,1490644,BlueOnEyes,"Dec 24, 2025 at 4:38 PM",sao giá web lại 10 củ nhỉ,https://voz.vn/t/r9-7845hx-mang-len-pc-tren-main-topc-yuniki-fl1-hx-itx-d5.1187872/page-2,
1187872,1717896,Dreamwalker,"Dec 24, 2025 at 4:46 PM","BlueOnEyes said:



			sao giá web lại 10 củ nhỉ
		
Click to expand...

Ý bác là con này à? Nó là 8945HX mà.









						Mainboard TOPC FL1 HX ITX D5 kèm R9 8945HX - White
					






					vinhpici.vn",https://voz.vn/t/r9-7845hx-mang-len-pc-tren-main-topc-yuniki-fl1-hx-itx-d5.1187872/page-2,
1187872,1758213,vinhlt25,"Dec 24, 2025 at 5:03 PM",cho anh em còn hoài nghi chất lượng có thể qua tận shop e test thử nhé không ưng không lấy tiền.,https://voz.vn/t/r9-7845hx-mang-len-pc-tren-main-topc-yuniki-fl1-hx-itx-d5.1187872/page-2,
1187872,1702568,trongtuanthan,"Dec 24, 2025 at 5:23 PM","Bên trung bọn nó phàn nàn là main này kén ram do bị cấn tụ chỗ này , chỉ có main ở chuồng hoặc vỏ mỏng mới cắm vừa",https://voz.vn/t/r9-7845hx-mang-len-pc-tren-main-topc-yuniki-fl1-hx-itx-d5.1187872/page-2,
1187872,1702568,trongtuanthan,"Dec 24, 2025 at 6:04 PM","ShikiRyougi said:



			Con này mà có usb c front panel nữa thì quá đẹp.
		
Click to expand...

Mua cái chuyển là xog bác",https://voz.vn/t/r9-7845hx-mang-len-pc-tren-main-topc-yuniki-fl1-hx-itx-d5.1187872/page-2,
1187872,1758213,vinhlt25,"Dec 24, 2025 at 6:06 PM","trongtuanthan said:



View attachment 3398329
Bên trung bọn nó phàn nàn là main này kén ram do bị cấn tụ chỗ này , chỉ có main ở chuồng hoặc vỏ mỏng mới cắm vừa
		
Click to expand...

Cái này e test trên ram to có tản đều okela chưa thấy sao",https://voz.vn/t/r9-7845hx-mang-len-pc-tren-main-topc-yuniki-fl1-hx-itx-d5.1187872/page-2,
1187872,2049101,Allyera,"Dec 24, 2025 at 6:15 PM","Ơ, mobo cho CPU laptop nhưng dùng dc ram udimm à",https://voz.vn/t/r9-7845hx-mang-len-pc-tren-main-topc-yuniki-fl1-hx-itx-d5.1187872/page-2,
1187872,1758213,vinhlt25,"Dec 24, 2025 at 6:16 PM","trongtuanthan said:



View attachment 3398329
Bên trung bọn nó phàn nàn là main này kén ram do bị cấn tụ chỗ này , chỉ có main ở chuồng hoặc vỏ mỏng mới cắm vừa
		
Click to expand...

Ram siêu bự vẫn fit :VVV",https://voz.vn/t/r9-7845hx-mang-len-pc-tren-main-topc-yuniki-fl1-hx-itx-d5.1187872/page-2,
1187872,1796433,tanhungyen,"Dec 24, 2025 at 6:35 PM","đang xài con 7945HX của bọn này. Nhìn chung là ổn, ghét mỗi cái logo bios anime",https://voz.vn/t/r9-7845hx-mang-len-pc-tren-main-topc-yuniki-fl1-hx-itx-d5.1187872/page-2,
1187872,1702568,trongtuanthan,"Dec 24, 2025 at 6:40 PM","tanhungyen said:



			đang xài con 7945HX của bọn này. Nhìn chung là ổn, ghét mỗi cái logo bios anime
		
Click to expand...

ổn ko bác đang tâm tư quá, bios có vấn đề gì không? Con này xài thermal hay keo tản nhiệt ổn hơn nhỉ

 



			
				Last edited: Dec 24, 2025",https://voz.vn/t/r9-7845hx-mang-len-pc-tren-main-topc-yuniki-fl1-hx-itx-d5.1187872/page-2,
1187872,1796433,tanhungyen,"Dec 24, 2025 at 7:01 PM","Mình không vọc vạch gì mấy nhưng nhìn chung cũng đủ các món cơ bản như bác chủ thớt đã nói đó. 
Mình mua về xài luôn cũng không thay lại keo nhưng trước mình có hỏi 1 bác thì thấy bảo thay 7950 tụt được thêm mấy độ đó.",https://voz.vn/t/r9-7845hx-mang-len-pc-tren-main-topc-yuniki-fl1-hx-itx-d5.1187872/page-2,
1187872,1385152,ShikiRyougi,"Dec 24, 2025 at 8:05 PM","trongtuanthan said:



			Mua cái chuyển là xog bác
		
Click to expand...

Chuyển lại mất usb 3 nên cũng hơi dở bác ạ. Giờ case nó thường có cả 2 port này nên không có 1 trong 2 nó cũng hơi dở",https://voz.vn/t/r9-7845hx-mang-len-pc-tren-main-topc-yuniki-fl1-hx-itx-d5.1187872/page-2,
1187872,1187095,hakatu,"Dec 25, 2025 at 6:24 PM","Main nào giống vầy mà có chip mobile x3d vậy các bác, không biết kiếm ở đâu?",https://voz.vn/t/r9-7845hx-mang-len-pc-tren-main-topc-yuniki-fl1-hx-itx-d5.1187872/page-2,
1187872,99879,thaigiang,"Dec 25, 2025 at 6:26 PM","ShikiRyougi said:



			Chuyển lại mất usb 3 nên cũng hơi dở bác ạ. Giờ case nó thường có cả 2 port này nên không có 1 trong 2 nó cũng hơi dở
		
Click to expand...

Cổng usb trc 2.0 là đuj rồi, lại còn ít lỗi",https://voz.vn/t/r9-7845hx-mang-len-pc-tren-main-topc-yuniki-fl1-hx-itx-d5.1187872/page-2,
1187872,1758213,vinhlt25,"Dec 25, 2025 at 6:35 PM","hakatu said:



			Main nào giống vầy mà có chip mobile x3d vậy các bác, không biết kiếm ở đâu?
		
Click to expand...

bản x3d lap nó khá hiếm nên chưa sản xuất đại trà ạ",https://voz.vn/t/r9-7845hx-mang-len-pc-tren-main-topc-yuniki-fl1-hx-itx-d5.1187872/page-2,
1187872,1872039,Happy guy,"Dec 25, 2025 at 8:59 PM","vinhlt25 said:



			Lưu ý: Review cơ bản thông tin đáng chú ý, vì em cũng không phải dân pro OC nên ae có thể đóng góp thêm để test kỹ hơn
=> Đồ chơi mới chip laptop kẹp trên mainboard PC cụ thể ở đây là mẫu Ryzen 9 7845HX
View attachment 3397586View attachment 3397607
1. Thông số cơ bản

R9 7845HX chính là nguyên con 7900X bỏ IHS và die tốt hơn đắp lên LAPTOP nên điện thấp hơn mà vẫn giữ xung cao cũng như mát hơn 7900X khá nhiều
Khe cắm mở rộng: 1 khe PCI4.0x16 full bằng thông và 2 khe M2 PCI4.0 (1 Mặt trước và 1 mặt sau)
Khe RAM: 2 x DDR5 (max 2x32GB) hỗ trợ bus tối đa 6200Mhz
Dàn Phase 8 tụ 60A có ốp tản
Chân ARGB 5V để sync LED (đã test sync hoạt động tốt)
FE thì có HDMI2.0 + DP1.4A + Type-C đều xuất hình được
Wifi6E + BT5.3 tạm ổn - ae có thể thay card wifi
2. BIOS

BIOS AMI tiêu chuẩn khá xịn xò đầy đủ cho ae tọc vạch
AMD PBO, DRAM Profile, DRAM Voltage, .... hỗ trợ OC không khác gì CPU Desktop
Secure Boot, TPM, .... cũng đầy đủ
View attachment 3397614View attachment 3397613View attachment 3397622
3. Hiệu năng và OC
 RAM

Mình sử dụng cặp Teamgroup Xtreem 6400Mhz C32 có EXPO Profile tuy nhiên thì khi bật luôn EXPO Profile thì sẽ treo vì không hỗ trợ bus 6k4
Bus cao thì sẽ phải setting bằng tay từng thông số (kỹ sư hãng có support mình chi tiết tại cũng không rõ lắm :vv) và set về 6000Mhz C30 1:1 ngon lành
Nhận bus ngon nghẻ rồi thì bus siêu nhanh chưa tới 5s vào win ( Chắc tại BIOS cũng đơn giản )
Bonus: Bạn mình có test trên cặp NEO 6000 C30 thì bật EXPO Profile cái ăn ngay không cần set tay
View attachment 3397635View attachment 3397634
 PBO CPU
Mình test trên con tản DEEPCOOL AG500 dòng tản rẻ tiền nhỉnh hơn con CR1000 chút

Vì đây là con 7900X bỏ IHS và mấy anh pháp sư úp miếng nhôm siêu to thay cho IHS, chưa kể CPU laptop nên die ngon hơn nên điện thấp hơn mà xung vẫn cao và nhiệt thấp.
PBO cơ bản CO -15 bench R24
=> Xung ổn định ~ 5.1Ghz
=> Điện 133W
=> Nhiệt 81-82
=> VRM 60 độ (Sờ trực tiếp chỉ ấm ấm)
Điểm bench đạt 1495 khá sát 7900X tuy nhiên thì 7900X bung gần 200W điện và nóng hơn nhiều
View attachment 3397657
 Gaming
Mình có test qua 2 game CS2 và BF6 2 game ăn CPU trên RTX 3080

View attachment 3397661

CS 2 cho FPS trên 400 ở res tiêu chuẩn 1280x960 low setting chưa thể so với 7800X3D vì cache 7845hx chỉ có 64MB L3
BF6 cho FPS tầm 120 FHD Overkill Setting (Chạy max luôn con CPU nên chắc card xịn hơn FPS sẽ cao hơn)
4. Độ bền thì sao ?

Contact trực tiếp hãng thì hãng báo main đều được chạy test workload nặng trước khi xuất sưởng nên yên tâm chất lượng
Bạn mình có treo workload nặng hơn 3 ngày cũng chưa từng sập hay lỗi gì
Thực tế thấy main làm khá chỉn chu, và thời gian sẽ trả lời câu hỏi độ bền thực sự
5. Tổng kết
- Với giá chỉ hơn 7tr bảo hành chính hãng 12 tháng chưa bằng giá 1c 7900X cũ thì đây thực sự là lựa chọn Ngon-Bổ-Rẻ cho ae trong kiếp nạn bão giá linh kiện
		
Click to expand...

có con nào đời 9 mà 6 cores như 9600X ko?",https://voz.vn/t/r9-7845hx-mang-len-pc-tren-main-topc-yuniki-fl1-hx-itx-d5.1187872/page-3,
1187872,1758213,vinhlt25,"Dec 25, 2025 at 9:26 PM","Happy guy said:



			có con nào đời 9 mà 6 cores như 9600X ko?
		
Click to expand...

đám 9k mới chỉ có con 9955HX là bản chính thức có mấy con R7 nữa nhưng mà toàn ES QS bản official AMD chưa bán ngoài a ạ",https://voz.vn/t/r9-7845hx-mang-len-pc-tren-main-topc-yuniki-fl1-hx-itx-d5.1187872/page-3,
1187872,1107773,lap_nick_clone_thoi,"Dec 25, 2025 at 10:02 PM","vinhlt25 said:



			đám 9k mới chỉ có con 9955HX là bản chính thức có mấy con R7 nữa nhưng mà toàn ES QS bản official AMD chưa bán ngoài a ạ
		
Click to expand...

tản nào gọn nhẹ mà cân đẹp đc đám 8945hx trên k nhỉ?",https://voz.vn/t/r9-7845hx-mang-len-pc-tren-main-topc-yuniki-fl1-hx-itx-d5.1187872/page-3,
1187872,1758213,vinhlt25,"Dec 25, 2025 at 10:21 PM","lap_nick_clone_thoi said:



			tản nào gọn nhẹ mà cân đẹp đc đám 8945hx trên k nhỉ?
		
Click to expand...

có ông a e đang sài con assassin ở mức tdp 120W ngon lành",https://voz.vn/t/r9-7845hx-mang-len-pc-tren-main-topc-yuniki-fl1-hx-itx-d5.1187872/page-3,
1187872,1107773,lap_nick_clone_thoi,"Dec 25, 2025 at 10:29 PM","vinhlt25 said:



			có ông a e đang sài con assassin ở mức tdp 120W ngon lành
		
Click to expand...

à ý mình là đám topdown ấy",https://voz.vn/t/r9-7845hx-mang-len-pc-tren-main-topc-yuniki-fl1-hx-itx-d5.1187872/page-3,
1187872,1717896,Dreamwalker,"Dec 25, 2025 at 10:35 PM","lap_nick_clone_thoi said:



			à ý mình là đám topdown ấy
		
Click to expand...

Lũ AXP Full Cu của Thermalright thừa cân luôn.",https://voz.vn/t/r9-7845hx-mang-len-pc-tren-main-topc-yuniki-fl1-hx-itx-d5.1187872/page-3,
1187872,1673698,condandonglao,"Dec 25, 2025 at 10:41 PM",Combo bác đang review đó ngang với 7900x trên desk ạ. Mua là có main với chip thôi đúng k ạ,https://voz.vn/t/r9-7845hx-mang-len-pc-tren-main-topc-yuniki-fl1-hx-itx-d5.1187872/page-3,
1187872,1758213,vinhlt25,"Dec 25, 2025 at 10:45 PM","condandonglao said:



			Combo bác đang review đó ngang với 7900x trên desk ạ. Mua là có main với chip thôi đúng k ạ
		
Click to expand...

nó là con 7900x luôn a :V nma die ngon hơn sẽ đem qua notebook nên thường điện thấp hơn mà đã đạt được xung cao",https://voz.vn/t/r9-7845hx-mang-len-pc-tren-main-topc-yuniki-fl1-hx-itx-d5.1187872/page-3,
1187872,2001198,1iqVozUser,"Dec 25, 2025 at 11:35 PM",ngon-bổ-giá phải chăng... khi ram chưa tăng giá,https://voz.vn/t/r9-7845hx-mang-len-pc-tren-main-topc-yuniki-fl1-hx-itx-d5.1187872/page-3,
1187872,1107773,lap_nick_clone_thoi,"Dec 25, 2025 at 11:55 PM","Dreamwalker said:



			Lũ AXP Full Cu của Thermalright thừa cân luôn.
		
Click to expand...

con này thì sao, thấy sàn lỏ đang sale giá cũng ngang mấy gian thương vn",https://voz.vn/t/r9-7845hx-mang-len-pc-tren-main-topc-yuniki-fl1-hx-itx-d5.1187872/page-3,
1187872,1717896,Dreamwalker,"Dec 26, 2025 at 12:07 AM","lap_nick_clone_thoi said:



			con này thì sao, thấy sàn lỏ đang sale giá cũng ngang mấy gian thương vn 



View attachment 3400549

Click to expand...

Nhớ là con 7900X nó còn không cho con tản này như mấy con chip R5, R7.",https://voz.vn/t/r9-7845hx-mang-len-pc-tren-main-topc-yuniki-fl1-hx-itx-d5.1187872/page-3,
1187872,1872039,Happy guy,"Dec 26, 2025 at 12:31 AM","vinhlt25 said:



			đám 9k mới chỉ có con 9955HX là bản chính thức có mấy con R7 nữa nhưng mà toàn ES QS bản official AMD chưa bán ngoài a ạ
		
Click to expand...

thấy con cá bán 9955HX ES giá ~12tr cũng khá ổn áp",https://voz.vn/t/r9-7845hx-mang-len-pc-tren-main-topc-yuniki-fl1-hx-itx-d5.1187872/page-3,
1187872,1385152,ShikiRyougi,"Dec 26, 2025 at 7:16 AM","lap_nick_clone_thoi said:



			con này thì sao, thấy sàn lỏ đang sale giá cũng ngang mấy gian thương vn 



View attachment 3400549

Click to expand...

Con prism tản được khoảng 80W phù hợp cho bọn 6 core hoặc 8 core có CO thôi chứ nhả ra đến 150W như test kia thì không ổn lắm. Chọn mấy con 67mm như axp 67, is 67 xt hay an600 ấy",https://voz.vn/t/r9-7845hx-mang-len-pc-tren-main-topc-yuniki-fl1-hx-itx-d5.1187872/page-3,
1187872,1758213,vinhlt25,"Dec 26, 2025 at 9:29 AM","Happy guy said:



			thấy con cá bán 9955HX ES giá ~12tr cũng khá ổn áp
		
Click to expand...

này là bản official chứ ko phải ES a ạ",https://voz.vn/t/r9-7845hx-mang-len-pc-tren-main-topc-yuniki-fl1-hx-itx-d5.1187872/page-3,
1187872,1702568,trongtuanthan,"Dec 26, 2025 at 9:31 AM","vinhlt25 said:



			có ông a e đang sài con assassin ở mức tdp 120W ngon lành
		
Click to expand...

cho em hỏi mua về xài tản kiểu gì nhỉ , tra keo xog ốp thẳng lên miếng tản cpu đó luôn à bác",https://voz.vn/t/r9-7845hx-mang-len-pc-tren-main-topc-yuniki-fl1-hx-itx-d5.1187872/page-3,
1187872,1758213,vinhlt25,"Dec 26, 2025 at 9:34 AM","trongtuanthan said:



			cho em hỏi mua về xài tản kiểu gì nhỉ , tra keo xog ốp thẳng lên miếng tản cpu đó luôn à bác
		
Click to expand...

chuẩn nha nó sẽ ntn, hãng ốp 1 IHS to đùng lên trên",https://voz.vn/t/r9-7845hx-mang-len-pc-tren-main-topc-yuniki-fl1-hx-itx-d5.1187872/page-3,
1187872,1107773,lap_nick_clone_thoi,"Dec 26, 2025 at 9:41 AM","ShikiRyougi said:



			Con prism tản được khoảng 80W phù hợp cho bọn 6 core hoặc 8 core có CO thôi chứ nhả ra đến 150W như test kia thì không ổn lắm. Chọn mấy con 67mm như axp 67, is 67 xt hay an600 ấy
		
Click to expand...

nếu con axp67 ok thì chắc con này cũng ok, thấy mấy video trên bilibili khá same same
mà con này thấy sàn lỏ sale 3xx hay 4xx gì đấy",https://voz.vn/t/r9-7845hx-mang-len-pc-tren-main-topc-yuniki-fl1-hx-itx-d5.1187872/page-3,
1187872,97359,basehunter_92,"Dec 26, 2025 at 10:22 AM","con này 16/32 thì là 7950X chứ bác thớt, 7900 có 12/24 mà",https://voz.vn/t/r9-7845hx-mang-len-pc-tren-main-topc-yuniki-fl1-hx-itx-d5.1187872/page-3,
1187872,1758213,vinhlt25,"Dec 26, 2025 at 10:23 AM","basehunter_92 said:



			con này 16/32 thì là 7950X chứ bác thớt, 7900 có 12/24 mà
		
Click to expand...

7845hx là 12 24 là 7900x nha a con 7940hx mới là 7950x",https://voz.vn/t/r9-7845hx-mang-len-pc-tren-main-topc-yuniki-fl1-hx-itx-d5.1187872/page-3,
1187872,97359,basehunter_92,"Dec 26, 2025 at 10:27 AM","vinhlt25 said:



			7845hx là 12 24 là 7900x nha a con 7940hx mới là 7950x
		
Click to expand...


sao dị thế thím nhỉ, mình thấy ảnh cuối của thím ghi 16/32",https://voz.vn/t/r9-7845hx-mang-len-pc-tren-main-topc-yuniki-fl1-hx-itx-d5.1187872/page-3,
1187872,1758213,vinhlt25,"Dec 26, 2025 at 10:30 AM","basehunter_92 said:



			sao dị thế thím nhỉ, mình thấy ảnh cuối của thím ghi 16/32 

Click to expand...

này là ảnh bạn mình test là con 7940hx ạ",https://voz.vn/t/r9-7845hx-mang-len-pc-tren-main-topc-yuniki-fl1-hx-itx-d5.1187872/page-4,
1187872,804688,bazoka_is_me,"Dec 26, 2025 at 3:47 PM","Công nhận combo này rất ngon cho ai có sẵn ram 5, còn chưa có thì tiền ram đội lên hơi rát",https://voz.vn/t/r9-7845hx-mang-len-pc-tren-main-topc-yuniki-fl1-hx-itx-d5.1187872/page-4,
1187872,1872039,Happy guy,"Dec 26, 2025 at 3:53 PM","bazoka_is_me said:



			Công nhận combo này rất ngon cho ai có sẵn ram 5, còn chưa có thì tiền ram đội lên hơi rát 

Click to expand...

ngon hơn so với combo desktop ko nhỉ?
Giả sử 7900X giá 7tr + B60M HDV/M2 2,5tr cũng bằng rồi",https://voz.vn/t/r9-7845hx-mang-len-pc-tren-main-topc-yuniki-fl1-hx-itx-d5.1187872/page-4,
1187872,804688,bazoka_is_me,"Dec 26, 2025 at 3:54 PM","Happy guy said:



			ngon hơn so với combo desktop ko nhỉ?
Giả sử 7900X giá 7tr + B60M HDV/M2 2,5tr cũng bằng rồi
		
Click to expand...

Combo trong bài là cả cpu+main có hơn 7tr thôi",https://voz.vn/t/r9-7845hx-mang-len-pc-tren-main-topc-yuniki-fl1-hx-itx-d5.1187872/page-4,
1187872,1872039,Happy guy,"Dec 26, 2025 at 3:58 PM","bazoka_is_me said:



			Combo trong bài là cả cpu+main có hơn 7tr thôi
		
Click to expand...

shopee hơn 8tr chưa áp mã, cũng tạm",https://voz.vn/t/r9-7845hx-mang-len-pc-tren-main-topc-yuniki-fl1-hx-itx-d5.1187872/page-4,
1187872,804688,bazoka_is_me,"Dec 26, 2025 at 4:00 PM","Happy guy said:



			shopee hơn 8tr chưa áp mã, cũng tạm
		
Click to expand...

Giá trên web là 7tr5, đưa lên shopee chắc chắn phải tăng giá để bù phí sàn, nhưng áp được mấy mã to 20 21% như hôm qua có khi dưới 7tr chỉ còn 6.x",https://voz.vn/t/r9-7845hx-mang-len-pc-tren-main-topc-yuniki-fl1-hx-itx-d5.1187872/page-4,
1187872,99879,thaigiang,"Dec 26, 2025 at 4:17 PM",con này được cái ko có chipset xài IO die amd đã buff tận răng nên ko cần quan tầm bios này nọ,https://voz.vn/t/r9-7845hx-mang-len-pc-tren-main-topc-yuniki-fl1-hx-itx-d5.1187872/page-4,
1187872,2049101,Allyera,"Dec 26, 2025 at 4:31 PM","Ko biết nếu sau muốn đổi CPU 7945hx thành CPU đời 9000, 10000 thì nó có chạy ko nhỉ?",https://voz.vn/t/r9-7845hx-mang-len-pc-tren-main-topc-yuniki-fl1-hx-itx-d5.1187872/page-4,
1187872,1717896,Dreamwalker,"Dec 26, 2025 at 4:33 PM","Allyera said:



			Ko biết nếu sau muốn đổi CPU 7945hx thành CPU đời 9000, 10000 thì nó có chạy ko nhỉ?
		
Click to expand...

Bác định đổi kiểu gì, hàn tay à?",https://voz.vn/t/r9-7845hx-mang-len-pc-tren-main-topc-yuniki-fl1-hx-itx-d5.1187872/page-4,
1187872,1702568,trongtuanthan,"Dec 26, 2025 at 4:41 PM","bazoka_is_me said:



			Giá trên web là 7tr5, đưa lên shopee chắc chắn phải tăng giá để bù phí sàn, nhưng áp được mấy mã to 20 21% như hôm qua có khi dưới 7tr chỉ còn 6.x
		
Click to expand...

hôm qua áp mã 23% thì còn 6tr4 cũng đáng để thử",https://voz.vn/t/r9-7845hx-mang-len-pc-tren-main-topc-yuniki-fl1-hx-itx-d5.1187872/page-4,
1187872,1758213,vinhlt25,"Dec 26, 2025 at 5:01 PM","Happy guy said:



			ngon hơn so với combo desktop ko nhỉ?
Giả sử 7900X giá 7tr + B60M HDV/M2 2,5tr cũng bằng rồi
		
Click to expand...

Mình phải tính là đó là 7900X cũ mới có giá đó cũ thì cũng bh6th 12th new ko có đâu, chưa kể tiền con 7900X ko hề nhẹ điện đâu tận 200W + IHS nên tản phải nạc (thêm tiền tản), trên lý thuyết là b650m hdv chạy đc nma ko ai đem con đó ra chạy CPU 200W cả, vẫn phải cỡ b650m aorus mortar tuf. Ít cũng phải chênh combo kia 3-4tr (Bằng 1 thanh ram d5), độ bền thì mình có nói chuyện thẳng với hãng rồi cứ sài bth đừng OC quá, ko vọc vạch nhiều CO -10 15 rồi cứ thế mà sài còn mùa quýt mới hỏng.",https://voz.vn/t/r9-7845hx-mang-len-pc-tren-main-topc-yuniki-fl1-hx-itx-d5.1187872/page-4,
1187872,1758213,vinhlt25,"Dec 26, 2025 at 5:02 PM","Allyera said:



			Ko biết nếu sau muốn đổi CPU 7945hx thành CPU đời 9000, 10000 thì nó có chạy ko nhỉ?
		
Click to expand...

con 9955HX thì hãng vẫn đang sử dụng main này nên lý thuyết là có thể",https://voz.vn/t/r9-7845hx-mang-len-pc-tren-main-topc-yuniki-fl1-hx-itx-d5.1187872/page-4,
1187872,2049101,Allyera,"Dec 26, 2025 at 5:06 PM","Dreamwalker said:



			Bác định đổi kiểu gì, hàn tay à?
		
Click to expand...

CPU hàn vô mobo à?",https://voz.vn/t/r9-7845hx-mang-len-pc-tren-main-topc-yuniki-fl1-hx-itx-d5.1187872/page-4,
1187872,1717896,Dreamwalker,"Dec 26, 2025 at 5:18 PM","Allyera said:



			CPU hàn vô mobo à?
		
Click to expand...

Thế CPU mobile bác gắn kiểu gì?",https://voz.vn/t/r9-7845hx-mang-len-pc-tren-main-topc-yuniki-fl1-hx-itx-d5.1187872/page-4,
1187872,2087646,Fang Eric,"Dec 26, 2025 at 5:45 PM","ké thớt hàng mobile vác lên desktop, cho e hỏi bác xài 6600m chưa. Cũng là dạng gpu laptop vác lên mobile nhưng full hiệu năng",https://voz.vn/t/r9-7845hx-mang-len-pc-tren-main-topc-yuniki-fl1-hx-itx-d5.1187872/page-4,
1187872,1702568,trongtuanthan,"Dec 26, 2025 at 5:59 PM","Fang Eric said:



			ké thớt hàng mobile vác lên desktop, cho e hỏi bác xài 6600m chưa. Cũng là dạng gpu laptop vác lên mobile nhưng full hiệu năng
		
Click to expand...

Cái qtrong nhất là giá bác ko nói",https://voz.vn/t/r9-7845hx-mang-len-pc-tren-main-topc-yuniki-fl1-hx-itx-d5.1187872/page-4,
1187872,1872039,Happy guy,"Dec 26, 2025 at 6:02 PM","Dreamwalker said:



			Thế CPU mobile bác gắn kiểu gì?
		
Click to expand...

đời cũ intel B365 Z370 có đế convert",https://voz.vn/t/r9-7845hx-mang-len-pc-tren-main-topc-yuniki-fl1-hx-itx-d5.1187872/page-4,
1187872,2087646,Fang Eric,"Dec 26, 2025 at 6:16 PM","trongtuanthan said:



			Cái qtrong nhất là giá bác ko nói
		
Click to expand...

2tr7 - 2tr8 thôi bác",https://voz.vn/t/r9-7845hx-mang-len-pc-tren-main-topc-yuniki-fl1-hx-itx-d5.1187872/page-4,
1187872,1717896,Dreamwalker,"Dec 26, 2025 at 6:18 PM","Fang Eric said:



			2tr7 - 2tr8 thôi bác 

Click to expand...

3050 3 củ rưỡi thì mua.",https://voz.vn/t/r9-7845hx-mang-len-pc-tren-main-topc-yuniki-fl1-hx-itx-d5.1187872/page-4,
1187872,2087646,Fang Eric,"Dec 26, 2025 at 6:22 PM","Dreamwalker said:



			3050 3 củ rưỡi thì mua.
		
Click to expand...

có luôn, ada 2000 mobile 3tr tròn, hàng new 100% đàng hoàng. 8gb vram, hiệu năng nhỉnh hơn 3050, oke chưa",https://voz.vn/t/r9-7845hx-mang-len-pc-tren-main-topc-yuniki-fl1-hx-itx-d5.1187872/page-4,
1187872,1717896,Dreamwalker,"Dec 26, 2025 at 6:28 PM","Fang Eric said:



			có luôn, ada 2000 mobile 3tr tròn, hàng new 100% đàng hoàng. 8gb vram, hiệu năng nhỉnh hơn 3050, oke chưa 

Click to expand...

Ngom hơn 6600M đấy.",https://voz.vn/t/r9-7845hx-mang-len-pc-tren-main-topc-yuniki-fl1-hx-itx-d5.1187872/page-5,
1187872,2087646,Fang Eric,"Dec 26, 2025 at 6:32 PM","Dreamwalker said:



			Ngom hơn 6600M đấy.
		
Click to expand...

ko giòn lắm, xài driver mod mới chạy dc, driver nvidia mod kém uy tín hơn tụi R.I.D",https://voz.vn/t/r9-7845hx-mang-len-pc-tren-main-topc-yuniki-fl1-hx-itx-d5.1187872/page-5,
1187872,1717896,Dreamwalker,"Dec 26, 2025 at 6:34 PM","Fang Eric said:



			ko giòn lắm, xài driver mod mới chạy dc, driver nvidia mod kém uy tín hơn tụi R.I.D
		
Click to expand...

Thì lúc nãy bác có nói vụ driver đâu.

Raster thì 3050/Ada hơn, driver thì chắc 6600M hơn, tùy bác cân đối thôi.",https://voz.vn/t/r9-7845hx-mang-len-pc-tren-main-topc-yuniki-fl1-hx-itx-d5.1187872/page-5,
1187872,2087646,Fang Eric,"Dec 26, 2025 at 6:37 PM","Dreamwalker said:



			Thì lúc nãy bác có nói vụ driver đâu.

Raster thì 3050/Ada hơn, driver thì chắc 6600M hơn, tùy bác cân đối thôi.
		
Click to expand...

mình hỏi thử xem có bác nào ở voz dùng thử chưa ấy mà. search key nát cái voz mà ko ra cái mention nào về 6600m. Hiệu năng hầu như ko chênh nhưng giá đang khá mềm hơn 6600",https://voz.vn/t/r9-7845hx-mang-len-pc-tren-main-topc-yuniki-fl1-hx-itx-d5.1187872/page-5,
1187872,1819176,Gvnstarz,"Dec 26, 2025 at 6:52 PM","Hàng ngon  , nếu lúc ram chưa tăng thì quá ngon",https://voz.vn/t/r9-7845hx-mang-len-pc-tren-main-topc-yuniki-fl1-hx-itx-d5.1187872/page-5,
1187872,1872039,Happy guy,"Dec 26, 2025 at 9:24 PM","vinhlt25 said:



			Mình phải tính là đó là 7900X cũ mới có giá đó cũ thì cũng bh6th 12th new ko có đâu, chưa kể tiền con 7900X ko hề nhẹ điện đâu tận 200W + IHS nên tản phải nạc (thêm tiền tản), trên lý thuyết là b650m hdv chạy đc nma ko ai đem con đó ra chạy CPU 200W cả, vẫn phải cỡ b650m aorus mortar tuf. Ít cũng phải chênh combo kia 3-4tr (Bằng 1 thanh ram d5), độ bền thì mình có nói chuyện thẳng với hãng rồi cứ sài bth đừng OC quá, ko vọc vạch nhiều CO -10 15 rồi cứ thế mà sài còn mùa quýt mới hỏng.
		
Click to expand...

nhưng mua combo desktop rời thì hư cái nào thay cái đó. Còn cái này hư 1 món bỏ luôn cả cụm.",https://voz.vn/t/r9-7845hx-mang-len-pc-tren-main-topc-yuniki-fl1-hx-itx-d5.1187872/page-5,
1187872,963211,luzshop,"Dec 26, 2025 at 9:53 PM","Happy guy said:



			đời cũ intel B365 Z370 có đế convert
		
Click to expand...

Mấy con 13900hx, 13700hx kèm main itx, matx cũng bán nhiều. Tính ra mua mấy con này có lợi hơn vì xài ddr4 giờ lắp ddr5 thì lại phải gấp đôi giá",https://voz.vn/t/r9-7845hx-mang-len-pc-tren-main-topc-yuniki-fl1-hx-itx-d5.1187872/page-5,
1187872,16602,sigel,"Dec 26, 2025 at 9:55 PM","Fang Eric said:



			mình hỏi thử xem có bác nào ở voz dùng thử chưa ấy mà. search key nát cái voz mà ko ra cái mention nào về 6600m. Hiệu năng hầu như ko chênh nhưng giá đang khá mềm hơn 6600
		
Click to expand...

bác hỏi 6600M rời hay là 6600M loại gắn liền trên laptop.
laptop thì mình có xài, nhưng chả biết so với cái gì được",https://voz.vn/t/r9-7845hx-mang-len-pc-tren-main-topc-yuniki-fl1-hx-itx-d5.1187872/page-5,
1187872,2087646,Fang Eric,"Dec 26, 2025 at 11:34 PM","sigel said:



			bác hỏi 6600M rời hay là 6600M loại gắn liền trên laptop.
laptop thì mình có xài, nhưng chả biết so với cái gì được 




Click to expand...

6600M rời là lấy của laptop ra độ lại cho desktop mà bác",https://voz.vn/t/r9-7845hx-mang-len-pc-tren-main-topc-yuniki-fl1-hx-itx-d5.1187872/page-5,
1187872,260036,kyboysvn,"Dec 27, 2025 at 1:37 PM","Cho e xin full chi phí ko card. Ram 32gb, case và nguồn itx với bác?",https://voz.vn/t/r9-7845hx-mang-len-pc-tren-main-topc-yuniki-fl1-hx-itx-d5.1187872/page-5,
1187872,1385152,ShikiRyougi,"Dec 27, 2025 at 2:48 PM","Fang Eric said:



			6600M rời là lấy của laptop ra độ lại cho desktop mà bác
		
Click to expand...

Con 6600M với 6600 desk giống hệt nhau mà, khác mỗi vụ limit điện thôi. Các fapsu gắn nó lên board vga thường giải quyết được vấn đề đói điện thì sẽ không chênh mấy đâu, chỉ là độ ổn định thế nào thôi 

6600





6600M",https://voz.vn/t/r9-7845hx-mang-len-pc-tren-main-topc-yuniki-fl1-hx-itx-d5.1187872/page-5,
1187872,1758213,vinhlt25,"Dec 27, 2025 at 8:08 PM","Happy guy said:



			nhưng mua combo desktop rời thì hư cái nào thay cái đó. Còn cái này hư 1 món bỏ luôn cả cụm.
		
Click to expand...

Với cả hàng bên e chính hãng new full VAT nên phải so với hãng chứ ko so với xt đc",https://voz.vn/t/r9-7845hx-mang-len-pc-tren-main-topc-yuniki-fl1-hx-itx-d5.1187872/page-5,
1187872,160603,fishnew,"Dec 29, 2025 at 12:35 AM","hàng ngon nhưng lỡ main hư hỏng gì là bỏ luôn cụm ah, Tốn lúa phết. với lại ram ddr5 hiện tại mắc quá",https://voz.vn/t/r9-7845hx-mang-len-pc-tren-main-topc-yuniki-fl1-hx-itx-d5.1187872/page-5,
1187872,250132,subin145,"Dec 30, 2025 at 8:50 AM","fishnew said:



			hàng ngon nhưng lỡ main hư hỏng gì là bỏ luôn cụm ah, Tốn lúa phết. với lại ram ddr5 hiện tại mắc quá
		
Click to expand...

ram ddr4 giờ chỉ có chơi vs intel mà intel giờ cũng lên giá đắt vcl rồi",https://voz.vn/t/r9-7845hx-mang-len-pc-tren-main-topc-yuniki-fl1-hx-itx-d5.1187872/page-5,
1187872,4318,black jack,"Dec 30, 2025 at 9:05 AM",Có con nào lắp được ram laptop không nhỉ?,https://voz.vn/t/r9-7845hx-mang-len-pc-tren-main-topc-yuniki-fl1-hx-itx-d5.1187872/page-5,
1187872,2049101,Allyera,"Dec 30, 2025 at 9:33 AM","black jack said:



			Có con nào lắp được ram laptop không nhỉ?
		
Click to expand...

Mini PC đâỳ",https://voz.vn/t/r9-7845hx-mang-len-pc-tren-main-topc-yuniki-fl1-hx-itx-d5.1187872/page-5,
1187872,1618613,kevin.leptons,"Dec 30, 2025 at 12:30 PM",Mấy anh người bản địa sướng thật. Có nhiều thứ hay ho như thế này để nghịch.,https://voz.vn/t/r9-7845hx-mang-len-pc-tren-main-topc-yuniki-fl1-hx-itx-d5.1187872/page-5,
1187872,1872039,Happy guy,"Dec 30, 2025 at 1:24 PM","black jack said:



			Có con nào lắp được ram laptop không nhỉ?
		
Click to expand...











SG
pc mini HP Pro Mini 400 G9 i5-14500T Dram5 16gbx1 SSD256 đẹp như mới


Dec 1, 2025




HP Pro Mini 400 G9 i5-14500T Dram5 16gbx1 SSD 256 gen 4
-CPU: Intel Core i5-14500T mới nhất
-RAM: 16GB DDR5 1 thanh (còn 1 khe để nâng cấp)
-SSD: 256GB NVMe Gen4 (có thể gắn thêm ssd 2.5 inch, tặng khay + cáp gắn ssd 2.5 inch)
-Đã cài sẵn win 11 bản quyền theo máy + Office
-Wifi 6 + Bluetooth anten zin tốc độ cao
-2 cổng màn hình HDMI, DP, USB 3.2, Type-C, LAN…
------------------------------------
-Hàng nguyên bản, check bảo hành web hãng 2028
-Kích thước nhỏ gọn chỉ, nặng ~1.2kg như cuốn sách, dễ mang theo.
-Đầy đủ cổng kết nối LAN, USB 3.2, Type-C, HDMI, DisplayPort,loa… đáp ứng mọi nhu...




trannam2021990
Replies: 25
Forum: Máy tính để bàn",https://voz.vn/t/r9-7845hx-mang-len-pc-tren-main-topc-yuniki-fl1-hx-itx-d5.1187872/page-5,
1187872,1702568,trongtuanthan,"Dec 30, 2025 at 6:46 PM",Có bác nào mua chưa nhỉ,https://voz.vn/t/r9-7845hx-mang-len-pc-tren-main-topc-yuniki-fl1-hx-itx-d5.1187872/page-5,
1187872,99879,thaigiang,"Dec 31, 2025 at 4:29 PM","vinhlt25 said:



			bản x3d lap nó khá hiếm nên chưa sản xuất đại trà ạ
		
Click to expand...

có kế hoạch nhập con này không thím


			https://videocardz.com/newz/aoostar-launches-ryzen-9-9955hx3d-modt-mini-itx-motherboard-with-full-pcie-5-0-support-costs-749
		

bá đạo",https://voz.vn/t/r9-7845hx-mang-len-pc-tren-main-topc-yuniki-fl1-hx-itx-d5.1187872/page-5,
1187872,1435175,canguvang1098,"Dec 31, 2025 at 4:59 PM","Dreamwalker said:



			Thì lúc nãy bác có nói vụ driver đâu.

Raster thì 3050/Ada hơn, driver thì chắc 6600M hơn, tùy bác cân đối thôi.
		
Click to expand...




Fang Eric said:



			ko giòn lắm, xài driver mod mới chạy dc, driver nvidia mod kém uy tín hơn tụi R.I.D
		
Click to expand...

mua cũ 2nd cpu amd phải lưu ý 1 điều là ở chỗ mấy cái chân cắm cpu nó dễ bị cong vênh đứt gãy do nó gắn kèm cái đề tản nhiệt gì đấy nên nhấc cái đế tản nhiệt ấy lên thì rất là dễ bị conh vênh gãy chân cắm ah các bác,hic?",https://voz.vn/t/r9-7845hx-mang-len-pc-tren-main-topc-yuniki-fl1-hx-itx-d5.1187872/page-6,
1187872,1702568,trongtuanthan,"Dec 31, 2025 at 5:39 PM","thaigiang said:



			có kế hoạch nhập con này không thím


			https://videocardz.com/newz/aoostar-launches-ryzen-9-9955hx3d-modt-mini-itx-motherboard-with-full-pcie-5-0-support-costs-749
		

bá đạo
		
Click to expand...

700 mỹ kim = 20 củ",https://voz.vn/t/r9-7845hx-mang-len-pc-tren-main-topc-yuniki-fl1-hx-itx-d5.1187872/page-6,
1187872,1872039,Happy guy,"Dec 31, 2025 at 5:50 PM","canguvang1098 said:



			mua cũ 2nd cpu amd phải lưu ý 1 điều là ở chỗ mấy cái chân cắm cpu nó dễ bị cong vênh đứt gãy do nó gắn kèm cái đề tản nhiệt gì đấy nên nhấc cái đế tản nhiệt ấy lên thì rất là dễ bị conh vênh gãy chân cắm ah các bác,hic?
		
Click to expand...

AM5 ko có chân",https://voz.vn/t/r9-7845hx-mang-len-pc-tren-main-topc-yuniki-fl1-hx-itx-d5.1187872/page-6,
1187872,1758213,vinhlt25,"Jan 1, 2026 at 8:41 AM",9955HX mới ra mắt bản chỉnh,https://voz.vn/t/r9-7845hx-mang-len-pc-tren-main-topc-yuniki-fl1-hx-itx-d5.1187872/page-6,
1187872,1758213,vinhlt25,"Jan 4, 2026 at 12:43 AM",up đón chào năm mới,https://voz.vn/t/r9-7845hx-mang-len-pc-tren-main-topc-yuniki-fl1-hx-itx-d5.1187872/page-6,
1187872,804688,bazoka_is_me,"Jan 5, 2026 at 1:03 PM","trongtuanthan said:



			Có bác nào mua chưa nhỉ
		
Click to expand...

Chuột bạch thử đi fen",https://voz.vn/t/r9-7845hx-mang-len-pc-tren-main-topc-yuniki-fl1-hx-itx-d5.1187872/page-6,
1187872,1555589,The KingSlayer,"Jan 5, 2026 at 1:26 PM","Fang Eric said:



			có luôn, ada 2000 mobile 3tr tròn, hàng new 100% đàng hoàng. 8gb vram, hiệu năng nhỉnh hơn 3050, oke chưa 

Click to expand...

Xin cái link bro",https://voz.vn/t/r9-7845hx-mang-len-pc-tren-main-topc-yuniki-fl1-hx-itx-d5.1187872/page-6,
1187872,1702568,trongtuanthan,"Jan 5, 2026 at 1:32 PM","bazoka_is_me said:



			Chuột bạch thử đi fen
		
Click to expand...

Suy nghĩ lại rồi bác , hiệu năng với em dư quá quan trọng xài ổn định vs đẹp là đc . Em đang suy nghĩ qua b850i msi hay aorus",https://voz.vn/t/r9-7845hx-mang-len-pc-tren-main-topc-yuniki-fl1-hx-itx-d5.1187872/page-6,
1187872,804688,bazoka_is_me,"Jan 5, 2026 at 1:35 PM","trongtuanthan said:



			Suy nghĩ lại rồi bác , hiệu năng với em dư quá quan trọng xài ổn định vs đẹp là đc . Em đang suy nghĩ qua b850i msi hay aorus
		
Click to expand...

Chờ @vinhlt25 nhập con này về nè


vinhlt25 said:



			có bản r5 7645hx tầm hơn 5tr nma vẫn chạy ram 5 nên hơi lệch kèo ạ
		
Click to expand...",https://voz.vn/t/r9-7845hx-mang-len-pc-tren-main-topc-yuniki-fl1-hx-itx-d5.1187872/page-6,
1187872,1702568,trongtuanthan,"Jan 5, 2026 at 2:55 PM","bazoka_is_me said:



			Chờ @vinhlt25 nhập con này về nè
		
Click to expand...

Con này ngang 7700 mà giá ko ngon",https://voz.vn/t/r9-7845hx-mang-len-pc-tren-main-topc-yuniki-fl1-hx-itx-d5.1187872/page-6,
1187872,1618613,kevin.leptons,"Jan 8, 2026 at 9:40 PM","Có ai chuột bạch thử dùng hàng như thế này chưa. Không biết có giảm xung CPU, chạy 24/7/365 được không nhể.",https://voz.vn/t/r9-7845hx-mang-len-pc-tren-main-topc-yuniki-fl1-hx-itx-d5.1187872/page-6,
1187872,1758213,vinhlt25,"Jan 13, 2026 at 3:50 PM","kevin.leptons said:



			Có ai chuột bạch thử dùng hàng như thế này chưa. Không biết có giảm xung CPU, chạy 24/7/365 được không nhể.
		
Click to expand...




Đây a ạ uptime 33 ngày rồi đây, đang sài 1c làm server đủ thấy chất lượng rồi (tất nhiên nguồn cũng phải okela tại chạy 24/7)",https://voz.vn/t/r9-7845hx-mang-len-pc-tren-main-topc-yuniki-fl1-hx-itx-d5.1187872/page-6,
1187872,1329151,tnxame,"Jan 13, 2026 at 6:12 PM","Cả bộ vs ram D5 32G h bao tiền bác

via theNEXTvoz for iPhone",https://voz.vn/t/r9-7845hx-mang-len-pc-tren-main-topc-yuniki-fl1-hx-itx-d5.1187872/page-6,
1187872,1618613,kevin.leptons,"Jan 13, 2026 at 8:25 PM","vinhlt25 said:



View attachment 3429991Đây a ạ uptime 33 ngày rồi đây, đang sài 1c làm server đủ thấy chất lượng rồi (tất nhiên nguồn cũng phải okela tại chạy 24/7)
		
Click to expand...

Tải CPU trung bình bao nhiêu đây bác.",https://voz.vn/t/r9-7845hx-mang-len-pc-tren-main-topc-yuniki-fl1-hx-itx-d5.1187872/page-6,
1187872,1107773,lap_nick_clone_thoi,"Jan 16, 2026 at 7:33 AM","vinhlt25 said:



View attachment 3429991Đây a ạ uptime 33 ngày rồi đây, đang sài 1c làm server đủ thấy chất lượng rồi (tất nhiên nguồn cũng phải okela tại chạy 24/7)
		
Click to expand...

bọn này nếu ram k có pro5 6000c30 nhưng vẫn là chip nhớ ngon (hynix a/m) thì trong bios có chỗ chỉnh bus vs xiết timing, chỉnh vol cho ram để oc lên 6000c30 ko thread?",https://voz.vn/t/r9-7845hx-mang-len-pc-tren-main-topc-yuniki-fl1-hx-itx-d5.1187872/page-6,
1187872,1741901,ku em 96,"Jan 30, 2026 at 4:53 PM","Con này gắn gpu thì cổng C còn xuất hình dc ko nhỉ, dạng giống laptop có gpu ấy",https://voz.vn/t/r9-7845hx-mang-len-pc-tren-main-topc-yuniki-fl1-hx-itx-d5.1187872/page-6,
1187872,1702568,trongtuanthan,"Jan 31, 2026 at 8:41 AM","lap_nick_clone_thoi said:



			bọn này nếu ram k có pro5 6000c30 nhưng vẫn là chip nhớ ngon (hynix a/m) thì trong bios có chỗ chỉnh bus vs xiết timing, chỉnh vol cho ram để oc lên 6000c30 ko thread?
		
Click to expand...




ku em 96 said:



			Con này gắn gpu thì cổng C còn xuất hình dc ko nhỉ, dạng giống laptop có gpu ấy 

Click to expand...

cả 2 đều đc nhé",https://voz.vn/t/r9-7845hx-mang-len-pc-tren-main-topc-yuniki-fl1-hx-itx-d5.1187872/page-6,
1187872,1741901,ku em 96,"Jan 31, 2026 at 9:03 AM","trongtuanthan said:



			cả 2 đều đc nhé
		
Click to expand...

Xuất hình type C thì lúc chơi game, gpu ngoài vẫn chạy chứ nhỉ bác, ko giống như PC thường, gắn cổng nào thì gpu đó chaku",https://voz.vn/t/r9-7845hx-mang-len-pc-tren-main-topc-yuniki-fl1-hx-itx-d5.1187872/page-6,
1187872,1385152,ShikiRyougi,"Jan 31, 2026 at 9:06 AM","ku em 96 said:



			Xuất hình type C thì lúc chơi game, gpu ngoài vẫn chạy chứ nhỉ bác, ko giống như PC thường, gắn cổng nào thì gpu đó chaku
		
Click to expand...

PC thường giờ cũng thế thôi bác, windows nó cho chỉnh igp xuất hình còn render bằng discrete gpu mà",https://voz.vn/t/r9-7845hx-mang-len-pc-tren-main-topc-yuniki-fl1-hx-itx-d5.1187872/page-6,
1187872,1702568,trongtuanthan,"Jan 31, 2026 at 9:07 AM","ku em 96 said:



			Xuất hình type C thì lúc chơi game, gpu ngoài vẫn chạy chứ nhỉ bác, ko giống như PC thường, gắn cổng nào thì gpu đó chaku
		
Click to expand...

ủa nhầm em tưởng bác mua vga có cổng c, còn cắm vga rời thì cắm hdmi tyce c thôi",https://voz.vn/t/r9-7845hx-mang-len-pc-tren-main-topc-yuniki-fl1-hx-itx-d5.1187872/page-6,
1187872,1741901,ku em 96,"Jan 31, 2026 at 9:14 AM","ShikiRyougi said:



			PC thường giờ cũng thế thôi bác, windows nó cho chỉnh igp xuất hình còn render bằng discrete gpu mà 

Click to expand...

Thế à, lâu ngày tưởng nó vẫn ngu như xưa, thanks bác",https://voz.vn/t/r9-7845hx-mang-len-pc-tren-main-topc-yuniki-fl1-hx-itx-d5.1187872/page-7,
1187872,1872039,Happy guy,"Jan 31, 2026 at 11:11 AM","trongtuanthan said:



			ủa nhầm em tưởng bác mua vga có cổng c, còn cắm vga rời thì cắm hdmi tyce c thôi
		
Click to expand...

tối cổ quá, discrete vga PCIE nào có cổng C nhỉ?",https://voz.vn/t/r9-7845hx-mang-len-pc-tren-main-topc-yuniki-fl1-hx-itx-d5.1187872/page-7,
1187872,1385152,ShikiRyougi,"Jan 31, 2026 at 11:23 AM","Happy guy said:



			tối cổ quá, discrete vga PCIE nào có cổng C nhỉ?
		
Click to expand...

Bên chị su có 7900xt/xtx bản ref bên anh huang không nhầm thì bọn 2080/ti có thì phải",https://voz.vn/t/r9-7845hx-mang-len-pc-tren-main-topc-yuniki-fl1-hx-itx-d5.1187872/page-7,
1187872,1741901,ku em 96,"Jan 31, 2026 at 12:47 PM","Happy guy said:



			tối cổ quá, discrete vga PCIE nào có cổng C nhỉ?
		
Click to expand...

Đời rtx2000 có đó",https://voz.vn/t/r9-7845hx-mang-len-pc-tren-main-topc-yuniki-fl1-hx-itx-d5.1187872/page-7,
1187872,16602,sigel,"Jan 31, 2026 at 2:55 PM","Happy guy said:



			tối cổ quá, discrete vga PCIE nào có cổng C nhỉ?
		
Click to expand...

mua sợi cáp chuyển DP ra C 2 chiều là cắm tẹt, quan tâm gì chuyện đầu cáp.",https://voz.vn/t/r9-7845hx-mang-len-pc-tren-main-topc-yuniki-fl1-hx-itx-d5.1187872/page-7,
1187872,1450191,cu vo - co vu,"Mar 12, 2026 at 11:26 AM","Happy guy said:



			tối cổ quá, discrete vga PCIE nào có cổng C nhỉ?
		
Click to expand...

Bọn RX6000 ref",https://voz.vn/t/r9-7845hx-mang-len-pc-tren-main-topc-yuniki-fl1-hx-itx-d5.1187872/page-7,
1187872,1702568,trongtuanthan,"Mar 12, 2026 at 11:36 AM",ae nào xài vài tháng rồi xin đánh giá nhỉ,https://voz.vn/t/r9-7845hx-mang-len-pc-tren-main-topc-yuniki-fl1-hx-itx-d5.1187872/page-7,
1187872,130622,ngotiendat,"Mar 13, 2026 at 9:09 AM","sigel said:



			mua sợi cáp chuyển DP ra C 2 chiều là cắm tẹt, quan tâm gì chuyện đầu cáp.




Click to expand...

chuyển DP thì làm gì có power 
cắm thêm nguồn thì lại thành 2 sợi dây",https://voz.vn/t/r9-7845hx-mang-len-pc-tren-main-topc-yuniki-fl1-hx-itx-d5.1187872/page-7,
1187872,376308,blackcat000,"Apr 16, 2026 at 9:09 AM","Hôm qua mình mới có thgian cắm cái main 8945hx, cảm nhận đầu tiên là nếu chỉ plug n play thì main khá lành, boot nhanh nhẹ nhàng
Optimize thì mình chỉ mới kịp chạy default co-10 với rambus 6000 1:1 ngon, lúc về co-15 và undervolt ram về 1.35v thì boot win ok nhưng crash khi chạy lmht (ko rõ do ram thiếu voltage hay -co quá tay, hay do để fclk auto nên con chip ko theo nổi memclk uclk - con 9700x chạy auto 2 năm nay thì ko sao)
Mình set ppt 125w, temp limit 88 độ c, với tản is60evo 2 fan noctua 12+9 trong case sktc a10 đóng nắp thì full load được 4.6ghz, khá kỳ vọng hiệu năng render với 1 con cpu 16c32th quá p/p như vậy
Ngoài ra thì gpu đi cùng là 5060lp và khá ngạc nhiên là nó chạy được pcie 5.0, trong khi hãng ghi là chỉ sp 4.0
Ngoài ra thì có boot uefi, còn secure boot ko hiểu sao mình ko bật được, mỗi khi bật nó ko boot vào win mà cứ quay lại bios, tắt secure boot thì mới vô win được (tất cả ổ định dạng gpt)
Tóm tắt lại:
Ưu:

sp pcie 5.0 thay vì 4.0 như hãng thông tin
PBO chỉnh được PTT, max temp, CO
configure ram khá sâu: bus, timing, voltage, uclk memclk fclk
giá so với những gì nhận đc: với hơn 8 đồng trên shopee, các bác có combo cpu zen 4 16c32th ddr5 2 M2 4 sata pcie5
Nhược:

Bios phèn
lí lịch nhân thân ko tốt lắm
Cần tư vấn:

có bác nào rành chỉ giúp mình cách bật secure boot để boot vào win với (sợ vanguard ban vì ko đạt yêu cầu về secure boot)
có phải mình để fclk auto dễ crash ko, nếu limit có ảnh hưởng hiệu năng ko
nhờ các bác tư vấn 1 case nhét được main itx, 7660b, is60evo và 3 cái ổ 2.5 sata ak
Tks các bác

via theNEXTvoz for iPad",https://voz.vn/t/r9-7845hx-mang-len-pc-tren-main-topc-yuniki-fl1-hx-itx-d5.1187872/page-7,
1187872,1791,HQK,"Apr 16, 2026 at 9:26 AM","giá so với những gì nhận đc: với hơn 8 đồng trên shopee, các bác có combo cpu zen 4 16c32th ddr5 2 M2 4 sata pcie5
Sao bác lấy được giá tốt thế. Mình thấy 7940hx 8tr rồi.",https://voz.vn/t/r9-7845hx-mang-len-pc-tren-main-topc-yuniki-fl1-hx-itx-d5.1187872/page-7,
1187872,1872039,Happy guy,"Apr 16, 2026 at 9:28 AM","blackcat000 said:



			Hôm qua mình mới có thgian cắm cái main 8945hx, cảm nhận đầu tiên là nếu chỉ plug n play thì main khá lành, boot nhanh nhẹ nhàng
Optimize thì mình chỉ mới kịp chạy default co-10 với rambus 6000 1:1 ngon, lúc về co-15 và undervolt ram về 1.35v thì boot win ok nhưng crash khi chạy lmht (ko rõ do ram thiếu voltage hay -co quá tay, hay do để fclk auto nên con chip ko theo nổi memclk uclk - con 9700x chạy auto 2 năm nay thì ko sao)
Mình set ppt 125w, temp limit 88 độ c, với tản is60evo 2 fan noctua 12+9 trong case sktc a10 đóng nắp thì full load được 4.6ghz, khá kỳ vọng hiệu năng render với 1 con cpu 16c32th quá p/p như vậy
Ngoài ra thì gpu đi cùng là 5060lp và khá ngạc nhiên là nó chạy được pcie 5.0, trong khi hãng ghi là chỉ sp 4.0
Ngoài ra thì có boot uefi, còn secure boot ko hiểu sao mình ko bật được, mỗi khi bật nó ko boot vào win mà cứ quay lại bios, tắt secure boot thì mới vô win được (tất cả ổ định dạng gpt)
Tóm tắt lại:
Ưu:

sp pcie 5.0 thay vì 4.0 như hãng thông tin
PBO chỉnh được PTT, max temp, CO
configure ram khá sâu: bus, timing, voltage, uclk memclk fclk
giá so với những gì nhận đc: với hơn 8 đồng trên shopee, các bác có combo cpu zen 4 16c32th ddr5 2 M2 4 sata pcie5
Nhược:

Bios phèn
lí lịch nhân thân ko tốt lắm
Cần tư vấn:

có bác nào rành chỉ giúp mình cách bật secure boot để boot vào win với (sợ vanguard ban vì ko đạt yêu cầu về secure boot)
có phải mình để fclk auto dễ crash ko, nếu limit có ảnh hưởng hiệu năng ko
nhờ các bác tư vấn 1 case nhét được main itx, 7660b, is60evo và 3 cái ổ 2.5 sata ak
Tks các bác

via theNEXTvoz for iPad

Click to expand...

ủa thấy giá shopee 10tr mà làm gì ""có hơn 8tr"" như b nói. thấy trên xianyu có thằng thanh lý con 9950HX có 10tr hơn
bật secure boot rồi cài lại Win11 từ đầu xem sao
crash có thể do voltage của ram 1.35V hơi thấp, tăng lên từ từ xem",https://voz.vn/t/r9-7845hx-mang-len-pc-tren-main-topc-yuniki-fl1-hx-itx-d5.1187872/page-7,
1187872,376308,blackcat000,"Apr 16, 2026 at 9:30 AM","HQK said:




giá so với những gì nhận đc: với hơn 8 đồng trên shopee, các bác có combo cpu zen 4 16c32th ddr5 2 M2 4 sata pcie5
Sao bác lấy được giá tốt thế. Mình thấy 7940hx 8tr rồi.
		
Click to expand...

mình săn 4/4 còn 8m7 bạn, mình như mã 22% 23% gì đó, hồi trước tết có cả mã 24% 26% cho một số loại hàng luôn, 4/4 còn được hoàn xu nữa

Chắc chiều cho fclk về 2k2, giớ mới biết fclk chỉ 1:1:1 với ddr4 nổi thôi

Secure boot của mình là nó ko nhận ổ luôn ấy, boot nhảy thẳng vào bios luôn, ko load device gì hết, main của bác có secure boot được ko?

Và 9955hx 10 củ thì thơm đấy, mát hơn 10độ mà mạnh hơn 5%, chắc full load all core sẽ vượt tường 5.0ghz
via theNEXTvoz for iPad

 



			
				Last edited: Apr 16, 2026",https://voz.vn/t/r9-7845hx-mang-len-pc-tren-main-topc-yuniki-fl1-hx-itx-d5.1187872/page-7,
1187872,2087646,Fang Eric,"Apr 16, 2026 at 9:31 AM",bọn này dùng ram laptop gắn được ko nhỉ mấy thím,https://voz.vn/t/r9-7845hx-mang-len-pc-tren-main-topc-yuniki-fl1-hx-itx-d5.1187872/page-7,
1187872,1872039,Happy guy,"Apr 16, 2026 at 9:37 AM","Fang Eric said:



			bọn này dùng ram laptop gắn được ko nhỉ mấy thím
		
Click to expand...

KO",https://voz.vn/t/r9-7845hx-mang-len-pc-tren-main-topc-yuniki-fl1-hx-itx-d5.1187872/page-7,
1187872,1872039,Happy guy,"Apr 16, 2026 at 9:37 AM","blackcat000 said:



			mình săn 4/4 còn 8m7 bạn, mình như mã 22% 23% gì đó, hồi trước tết có cả mã 24% 26% cho một số loại hàng luôn, 4/4 còn được hoàn xu nữa

Chắc chiều cho fclk về 2k2, giớ mới biết fclk chỉ 1:1:1 với ddr4 nổi thôi

Secure boot của mình là nó ko nhận ổ luôn ấy, boot nhảy thẳng vào bios luôn, ko load device gì hết, main của bác có secure boot được ko?

Và 9955hx 10 củ thì thơm đấy, mát hơn 10độ mà mạnh hơn 5%, chắc full load all core sẽ vượt tường 5.0ghz
via theNEXTvoz for iPad

Click to expand...

chỉnh FLCK = 2000 cho RAM 6000 nhé",https://voz.vn/t/r9-7845hx-mang-len-pc-tren-main-topc-yuniki-fl1-hx-itx-d5.1187872/page-7,
1187872,376308,blackcat000,"Apr 16, 2026 at 9:51 AM","Happy guy said:



			chỉnh FLCK = 2000 cho RAM 6000 nhé
		
Click to expand...

con 8945hx này -co max được bao nhiêu vậy bác

via theNEXTvoz for iPad",https://voz.vn/t/r9-7845hx-mang-len-pc-tren-main-topc-yuniki-fl1-hx-itx-d5.1187872/page-7,
1187872,1872039,Happy guy,"Apr 16, 2026 at 10:56 AM","blackcat000 said:



			con 8945hx này -co max được bao nhiêu vậy bác

via theNEXTvoz for iPad

Click to expand...

tùy nhân phẩm chứ đâu có công thức cố định gì, bèo cũng -10",https://voz.vn/t/r9-7845hx-mang-len-pc-tren-main-topc-yuniki-fl1-hx-itx-d5.1187872/page-7,
1187872,1791,HQK,"Apr 16, 2026 at 11:12 AM","Fang Eric said:



			bọn này dùng ram laptop gắn được ko nhỉ mấy thím
		
Click to expand...




Happy guy said:



			KO
		
Click to expand...

Mua cai converter ram laptop to desktop về gắn thử. Mình xúi đại thôi chứ cháy cả dàn đừng chửi mình.",https://voz.vn/t/r9-7845hx-mang-len-pc-tren-main-topc-yuniki-fl1-hx-itx-d5.1187872/page-7,
1187872,2087646,Fang Eric,"Apr 16, 2026 at 11:14 AM","HQK said:



			Mua cai converter ram laptop to desktop về gắn thử. Mình xúi đại thôi chứ cháy cả dàn đừng chửi mình.
		
Click to expand...

chửi trước nha  2 thanh ddr5 16gb thôi ở yên laptop cho lành.",https://voz.vn/t/r9-7845hx-mang-len-pc-tren-main-topc-yuniki-fl1-hx-itx-d5.1187872/page-7,
1187872,376308,blackcat000,"Apr 16, 2026 at 12:44 PM","Happy guy said:



			tùy nhân phẩm chứ đâu có công thức cố định gì, bèo cũng -10
		
Click to expand...

-15 game bình thườnh, bench 30p crash, -10 pass ngon
Bác có driver của con main này với cách tắt igou ko ak

via theNEXTvoz for iPad",https://voz.vn/t/r9-7845hx-mang-len-pc-tren-main-topc-yuniki-fl1-hx-itx-d5.1187872/page-7,
1187872,16602,sigel,"Apr 16, 2026 at 5:55 PM","blackcat000 said:



			Hôm qua mình mới có thgian cắm cái main 8945hx, cảm nhận đầu tiên là nếu chỉ plug n play thì main khá lành, boot nhanh nhẹ nhàng
Optimize thì mình chỉ mới kịp chạy default co-10 với rambus 6000 1:1 ngon, lúc về co-15 và undervolt ram về 1.35v thì boot win ok nhưng crash khi chạy lmht (ko rõ do ram thiếu voltage hay -co quá tay, hay do để fclk auto nên con chip ko theo nổi memclk uclk - con 9700x chạy auto 2 năm nay thì ko sao)
Mình set ppt 125w, temp limit 88 độ c, với tản is60evo 2 fan noctua 12+9 trong case sktc a10 đóng nắp thì full load được 4.6ghz, khá kỳ vọng hiệu năng render với 1 con cpu 16c32th quá p/p như vậy
Ngoài ra thì gpu đi cùng là 5060lp và khá ngạc nhiên là nó chạy được pcie 5.0, trong khi hãng ghi là chỉ sp 4.0
Ngoài ra thì có boot uefi, còn secure boot ko hiểu sao mình ko bật được, mỗi khi bật nó ko boot vào win mà cứ quay lại bios, tắt secure boot thì mới vô win được (tất cả ổ định dạng gpt)
Tóm tắt lại:
Ưu:

sp pcie 5.0 thay vì 4.0 như hãng thông tin
PBO chỉnh được PTT, max temp, CO
configure ram khá sâu: bus, timing, voltage, uclk memclk fclk
giá so với những gì nhận đc: với hơn 8 đồng trên shopee, các bác có combo cpu zen 4 16c32th ddr5 2 M2 4 sata pcie5
Nhược:

Bios phèn
lí lịch nhân thân ko tốt lắm
Cần tư vấn:

có bác nào rành chỉ giúp mình cách bật secure boot để boot vào win với (sợ vanguard ban vì ko đạt yêu cầu về secure boot)
có phải mình để fclk auto dễ crash ko, nếu limit có ảnh hưởng hiệu năng ko
nhờ các bác tư vấn 1 case nhét được main itx, 7660b, is60evo và 3 cái ổ 2.5 sata ak
Tks các bác

via theNEXTvoz for iPad

Click to expand...

nó không vào được win có thể là do cái secureboot key bị hết hạn đấy.








						I found out my Secure Boot certificates expire in 2026, and yours probably do too
					

Microsoft’s 2011 Secure Boot certificates expire in June 2026. Here’s how to check if your PC has the 2023 update valid through 2053.




					pureinfotech.com
				




cái này thì nếu hãng có bios mới thì up, còn không cóa thì hẹ",https://voz.vn/t/r9-7845hx-mang-len-pc-tren-main-topc-yuniki-fl1-hx-itx-d5.1187872/page-8,
1187872,1732542,LeHieu0608,"Apr 22, 2026 at 9:17 AM","Qua mới đú con 7940HX, test với cặp ram Fanxiang 48GB (24x2), tản PCCooler RZ620MX mượn tạm do con tản lowprofile order Taobao chưa về.
Khi lắp con tản này thì bị cấn ram mặc dù cái ảnh quảng cáo của hãng lắp với cặp ram Acer Predator tản y chang con Fanxiang này thì được  Nó cấn xíu thôi nếu lắp ram tản bé hơn hoặc ko tản thì thoải mái, cuối cùng phải để cái tản lệch sang 1 bên khỏi bắt ốc.

Default thì test R23 đa nhân được 32k điểm max 89 độ, bú 140w xung all core duy trì ~4.5ghz, hồi trước e có test R9 7950x với tản aio 360 thì 95 độ 36k điểm bú 240w, con này tản lỏ hơn vẫn mát hơn, ăn ít hơn 100w mà điểm đa nhân chỉ thua 12-15% khá ngon, đơn nhân chỉ thua 5%. Test game loanh quanh 7x độ ăn 80-100w.
Vào bios chỉnh ram 6000c30 1:1 chạy ngon chưa thấy crash, mở pbo co -20 thì bú thêm 10w, nhiệt tăng 4 độ nhưng điểm vẫn thế  Qua muộn quá nên đi ngủ chưa có thời gian vọc thêm.

Tạm thời là thế vài hôm nữa cái vỏ itx + tản về lên dàn mini pc thử xem sao.",https://voz.vn/t/r9-7845hx-mang-len-pc-tren-main-topc-yuniki-fl1-hx-itx-d5.1187872/page-8,
1187872,99879,thaigiang,"Apr 22, 2026 at 9:41 AM","LeHieu0608 said:



			Qua mới đú con 7940HX, test với cặp ram Fanxiang 48GB (24x2), tản PCCooler RZ620MX mượn tạm do con tản lowprofile order Taobao chưa về.
Khi lắp con tản này thì bị cấn ram mặc dù cái ảnh quảng cáo của hãng lắp với cặp ram Acer Predator tản y chang con Fanxiang này thì được  Nó cấn xíu thôi nếu lắp ram tản bé hơn hoặc ko tản thì thoải mái, cuối cùng phải để cái tản lệch sang 1 bên khỏi bắt ốc.

Default thì test R23 đa nhân được 32k điểm max 89 độ, bú 140w xung all core duy trì ~4.5ghz, hồi trước e có test R9 7950x với tản aio 360 thì 95 độ 36k điểm bú 240w, con này tản lỏ hơn vẫn mát hơn, ăn ít hơn 100w mà điểm đa nhân chỉ thua 12-15% khá ngon, đơn nhân chỉ thua 5%. Test game loanh quanh 7x độ ăn 80-100w.
Vào bios chỉnh ram 6000c30 1:1 chạy ngon chưa thấy crash, mở pbo co -20 thì bú thêm 10w, nhiệt tăng 4 độ nhưng điểm vẫn thế  Qua muộn quá nên đi ngủ chưa có thời gian vọc thêm.

Tạm thời là thế vài hôm nữa cái vỏ itx + tản về lên dàn mini pc thử xem sao.
View attachment 3577032

Click to expand...

thanh lý con tản này thì hú tôi tiếng nhé",https://voz.vn/t/r9-7845hx-mang-len-pc-tren-main-topc-yuniki-fl1-hx-itx-d5.1187872/page-8,
1187872,1732542,LeHieu0608,"Apr 22, 2026 at 10:29 AM","thaigiang said:



			thanh lý con tản này thì hú tôi tiếng nhé
		
Click to expand...

600k bác ạ",https://voz.vn/t/r9-7845hx-mang-len-pc-tren-main-topc-yuniki-fl1-hx-itx-d5.1187872/page-8,
1187872,99879,thaigiang,"Apr 22, 2026 at 11:06 AM","LeHieu0608 said:



			600k bác ạ
		
Click to expand...

Nguyên hộp đai phụ kiện chứ ?　tôi đang hỏi con PCCooler RZ620MX ấy",https://voz.vn/t/r9-7845hx-mang-len-pc-tren-main-topc-yuniki-fl1-hx-itx-d5.1187872/page-8,
1187872,1732542,LeHieu0608,"Apr 22, 2026 at 11:22 AM","thaigiang said:



			Nguyên hộp đai phụ kiện chứ ?　tôi đang hỏi con PCCooler RZ620MX ấy
		
Click to expand...

Fullbox ko thiếu cái gì, e vẫn đang treo trên shopee đó, áp mã chưa đến 600k",https://voz.vn/t/r9-7845hx-mang-len-pc-tren-main-topc-yuniki-fl1-hx-itx-d5.1187872/page-8,
1187872,99879,thaigiang,"Apr 22, 2026 at 11:30 AM","LeHieu0608 said:



			Fullbox ko thiếu cái gì, e vẫn đang treo trên shopee đó, áp mã chưa đến 600k 

Click to expand...

CHECK　INBOXXXXX",https://voz.vn/t/r9-7845hx-mang-len-pc-tren-main-topc-yuniki-fl1-hx-itx-d5.1187872/page-8,
1187872,804688,bazoka_is_me,"Apr 22, 2026 at 11:31 AM","thaigiang said:



			CHECK　INBOXXXXX
		
Click to expand...

Tưởng thái giám ở nhật cơ mà",https://voz.vn/t/r9-7845hx-mang-len-pc-tren-main-topc-yuniki-fl1-hx-itx-d5.1187872/page-8,
1187872,1872039,Happy guy,"Apr 22, 2026 at 11:49 AM","bazoka_is_me said:



			Tưởng thái giám ở nhật cơ mà 

Click to expand...

dân chơi lắm tiền như công tử Bạc Liêu, sẵn sàng bay về VN để mua hàng giá rẻ xong bay lại qua Nhật",https://voz.vn/t/r9-7845hx-mang-len-pc-tren-main-topc-yuniki-fl1-hx-itx-d5.1187872/page-8,
1187872,1732542,LeHieu0608,"Apr 23, 2026 at 12:12 AM","LeHieu0608 said:



			Qua mới đú con 7940HX, test với cặp ram Fanxiang 48GB (24x2), tản PCCooler RZ620MX mượn tạm do con tản lowprofile order Taobao chưa về.
Khi lắp con tản này thì bị cấn ram mặc dù cái ảnh quảng cáo của hãng lắp với cặp ram Acer Predator tản y chang con Fanxiang này thì được  Nó cấn xíu thôi nếu lắp ram tản bé hơn hoặc ko tản thì thoải mái, cuối cùng phải để cái tản lệch sang 1 bên khỏi bắt ốc.

Default thì test R23 đa nhân được 32k điểm max 89 độ, bú 140w xung all core duy trì ~4.5ghz, hồi trước e có test R9 7950x với tản aio 360 thì 95 độ 36k điểm bú 240w, con này tản lỏ hơn vẫn mát hơn, ăn ít hơn 100w mà điểm đa nhân chỉ thua 12-15% khá ngon, đơn nhân chỉ thua 5%. Test game loanh quanh 7x độ ăn 80-100w.
Vào bios chỉnh ram 6000c30 1:1 chạy ngon chưa thấy crash, mở pbo co -20 thì bú thêm 10w, nhiệt tăng 4 độ nhưng điểm vẫn thế  Qua muộn quá nên đi ngủ chưa có thời gian vọc thêm.

Tạm thời là thế vài hôm nữa cái vỏ itx + tản về lên dàn mini pc thử xem sao.
View attachment 3577032

Click to expand...

Update:
Nay vào bios mò thêm thì hoá ra default đang để ppt 180w, hạ xuống ppt 120w, oc +200mhz, co -20 (-30 vào test sập ), thì R23 đa nhân tăng gần 2k điểm, nhiệt giảm 11 độ, khá ngon.
Ngoài ra thử hạ ram xuống 6000c28 1.4v cũng ngon luôn tối giờ chưa thấy vấn đề gì, boot rất nhanh, có điều latency ở mức khá thôi chứ ko thấp được như bọn Tàu làm, dù sao ram Tàu nên ko đòi hỏi cao được",https://voz.vn/t/r9-7845hx-mang-len-pc-tren-main-topc-yuniki-fl1-hx-itx-d5.1187872/page-8,
1187872,1107773,lap_nick_clone_thoi,"Apr 23, 2026 at 8:12 AM","LeHieu0608 said:



			Update:
Nay vào bios mò thêm thì hoá ra default đang để ppt 180w, hạ xuống ppt 120w, oc +200mhz, co -20 (-30 vào test sập ), thì R23 đa nhân tăng gần 2k điểm, nhiệt giảm 11 độ, khá ngon.
Ngoài ra thử hạ ram xuống 6000c28 1.4v cũng ngon luôn tối giờ chưa thấy vấn đề gì, boot rất nhanh, có điều latency ở mức khá thôi chứ ko thấp được như bọn Tàu làm, dù sao ram Tàu nên ko đòi hỏi cao được 
View attachment 3578584
View attachment 3578586
View attachment 3578587

Click to expand...

tôi cũng mua con 7940hx do nó là con duy nhất mà pcb màu đen trên sốp 



tản 2 tháp cũng của bọn pccooler rt720p tc
ram thì 6k c30 1.35 hoặc 6k 28 1.40 daily. các thông số chỉnh ram thì vẫn chưa nhiều option đc như main bình thường",https://voz.vn/t/r9-7845hx-mang-len-pc-tren-main-topc-yuniki-fl1-hx-itx-d5.1187872/page-8,
1187872,1732542,LeHieu0608,"Apr 23, 2026 at 8:56 AM","Kiếp nạn tản ram cao và dày quá, mua con này về lắp cũng cấn ram",https://voz.vn/t/r9-7845hx-mang-len-pc-tren-main-topc-yuniki-fl1-hx-itx-d5.1187872/page-8,
1187872,2155334,linhmoi88,"Apr 23, 2026 at 3:04 PM","Tính lên em này như giá DDR 5 nản quá  . Thôi tiếp với con rx 5500 , up lên AM4 thôi",https://voz.vn/t/r9-7845hx-mang-len-pc-tren-main-topc-yuniki-fl1-hx-itx-d5.1187872/page-8,
1187872,299036,masterchief,"Apr 24, 2026 at 3:04 PM","đọc review con này xong nhìn lại con bd790i của mình thấy khổ dâm vãi )))))))
có bác nào dùng bd790i không",https://voz.vn/t/r9-7845hx-mang-len-pc-tren-main-topc-yuniki-fl1-hx-itx-d5.1187872/page-8,
1187872,1732542,LeHieu0608,"Apr 26, 2026 at 12:45 PM","LeHieu0608 said:



			Kiếp nạn tản ram cao và dày quá, mua con này về lắp cũng cấn ram 
View attachment 3578760

Click to expand...





Chế lại cái gông như này mới lắp đc, may con này nó đắp cái miếng nhôm to tướng nên chế thoải mái, cpu thường là cook rồi  



masterchief said:



			đọc review con này xong nhìn lại con bd790i của mình thấy khổ dâm vãi )))))))
có bác nào dùng bd790i không
		
Click to expand...

Sao khổ dâm vậy bác?",https://voz.vn/t/r9-7845hx-mang-len-pc-tren-main-topc-yuniki-fl1-hx-itx-d5.1187872/page-8,
1187872,299036,masterchief,"Apr 26, 2026 at 2:57 PM","LeHieu0608 said:



View attachment 3583804
Chế lại cái gông như này mới lắp đc, may con này nó đắp cái miếng nhôm to tướng nên chế thoải mái, cpu thường là cook rồi 


Sao khổ dâm vậy bác?
		
Click to expand...

con 7945hx nó nóng mà bác miniforums nó k làm lỗ bắt tản theo sk thông thường (am4/5) hoặc intel.
Bọn này còn để die lộ thiên thế là gần như k còn cách nào để chể nổi tản vào nó ))
chưa kể con này của mình lô đầu bị lỗi mất điện là mất bios ))). 
Mình cắm cái riser 4.0 với con 4080s cứ khởi động lại là mất hình phải tháo ra chỉnh biso pcie về 4.0 mới được )))))))) 
Mục tiêu làm con mini cầm đi chơi cho tiện mà mỗi lần rút ra cắm vào cả nửa tiếng
cay quá thế là phải về nr200",https://voz.vn/t/r9-7845hx-mang-len-pc-tren-main-topc-yuniki-fl1-hx-itx-d5.1187872/page-8,
1187872,1872039,Happy guy,"Apr 26, 2026 at 5:09 PM","masterchief said:



			con 7945hx nó nóng mà bác miniforums nó k làm lỗ bắt tản theo sk thông thường (am4/5) hoặc intel.
Bọn này còn để die lộ thiên thế là gần như k còn cách nào để chể nổi tản vào nó ))
chưa kể con này của mình lô đầu bị lỗi mất điện là mất bios ))). 
Mình cắm cái riser 4.0 với con 4080s cứ khởi động lại là mất hình phải tháo ra chỉnh biso pcie về 4.0 mới được )))))))) 
Mục tiêu làm con mini cầm đi chơi cho tiện mà mỗi lần rút ra cắm vào cả nửa tiếng
cay quá thế là phải về nr200
		
Click to expand...

kinh quá b, có trả hàng lại đc ko?",https://voz.vn/t/r9-7845hx-mang-len-pc-tren-main-topc-yuniki-fl1-hx-itx-d5.1187872/page-8,
1187872,1732542,LeHieu0608,"Apr 26, 2026 at 5:38 PM","masterchief said:



			con 7945hx nó nóng mà bác miniforums nó k làm lỗ bắt tản theo sk thông thường (am4/5) hoặc intel.
Bọn này còn để die lộ thiên thế là gần như k còn cách nào để chể nổi tản vào nó ))
chưa kể con này của mình lô đầu bị lỗi mất điện là mất bios ))).
Mình cắm cái riser 4.0 với con 4080s cứ khởi động lại là mất hình phải tháo ra chỉnh biso pcie về 4.0 mới được ))))))))
Mục tiêu làm con mini cầm đi chơi cho tiện mà mỗi lần rút ra cắm vào cả nửa tiếng
cay quá thế là phải về nr200
		
Click to expand...

Tản áp trực tiếp vào die chip thì phải mát hơn chứ nhỉ, con R9 7940HX qua miếng nhôm dày cộm kia mà dùng tản low profile rẻ tiền cũng chỉ max 90 độ mà  (tản e cấn ram còn phải để lệch sang 1 bên, tháo 1 thanh ram ra test thì nếu áp tản vào chính giữa sẽ mát hơn ~2-4 độ so với để lệch như vậy).
Xem trên bilibili thấy có phiên bản là miếng đồng tản tốt hơn, e còn tính tháo luôn cái miếng nhôm, thay cái đế tản để hạ xuống thấp hơn áp trực tiếp tản vào die chip, mà đồ cũng đắt tiền sợ lớ ngớ mẻ chip nên thôi 

Con này e thấy bios lành, chỉnh chọt đủ thứ mà boot nhanh lắm, con Asuck ROG B650E-F cũ boot lâu vl giờ sang con này nhanh như gió",https://voz.vn/t/r9-7845hx-mang-len-pc-tren-main-topc-yuniki-fl1-hx-itx-d5.1187872/page-8,
1187872,299036,masterchief,"Apr 28, 2026 at 5:06 PM","LeHieu0608 said:



			Tản áp trực tiếp vào die chip thì phải mát hơn chứ nhỉ, con R9 7940HX qua miếng nhôm dày cộm kia mà dùng tản low profile rẻ tiền cũng chỉ max 90 độ mà  (tản e cấn ram còn phải để lệch sang 1 bên, tháo 1 thanh ram ra test thì nếu áp tản vào chính giữa sẽ mát hơn ~2-4 độ so với để lệch như vậy).
Xem trên bilibili thấy có phiên bản là miếng đồng tản tốt hơn, e còn tính tháo luôn cái miếng nhôm, thay cái đế tản để hạ xuống thấp hơn áp trực tiếp tản vào die chip, mà đồ cũng đắt tiền sợ lớ ngớ mẻ chip nên thôi 

Con này e thấy bios lành, chỉnh chọt đủ thứ mà boot nhanh lắm, con Asuck ROG B650E-F cũ boot lâu vl giờ sang con này nhanh như gió  

Click to expand...

về nguyên lý là mát hơn nhưng cái tản đi kèm nó mỏng tèo à",https://voz.vn/t/r9-7845hx-mang-len-pc-tren-main-topc-yuniki-fl1-hx-itx-d5.1187872/page-8,
1187872,299036,masterchief,"Apr 28, 2026 at 5:11 PM","Happy guy said:



			kinh quá b, có trả hàng lại đc ko?
		
Click to expand...

đặt mua qua mấy cửa bác à nên RMA hơi khó 
nên thôi sống chung với lũ ))) cắm tivi chơi sim 
còn đi đâu lại lôi con tuf ghẻ đi chơi )))))",https://voz.vn/t/r9-7845hx-mang-len-pc-tren-main-topc-yuniki-fl1-hx-itx-d5.1187872/page-8,
1187872,299036,masterchief,"Apr 28, 2026 at 5:11 PM","LeHieu0608 said:



			Tản áp trực tiếp vào die chip thì phải mát hơn chứ nhỉ, con R9 7940HX qua miếng nhôm dày cộm kia mà dùng tản low profile rẻ tiền cũng chỉ max 90 độ mà  (tản e cấn ram còn phải để lệch sang 1 bên, tháo 1 thanh ram ra test thì nếu áp tản vào chính giữa sẽ mát hơn ~2-4 độ so với để lệch như vậy).
Xem trên bilibili thấy có phiên bản là miếng đồng tản tốt hơn, e còn tính tháo luôn cái miếng nhôm, thay cái đế tản để hạ xuống thấp hơn áp trực tiếp tản vào die chip, mà đồ cũng đắt tiền sợ lớ ngớ mẻ chip nên thôi 

Con này e thấy bios lành, chỉnh chọt đủ thứ mà boot nhanh lắm, con Asuck ROG B650E-F cũ boot lâu vl giờ sang con này nhanh như gió  

Click to expand...

bác mua ram trên taobao luôn à",https://voz.vn/t/r9-7845hx-mang-len-pc-tren-main-topc-yuniki-fl1-hx-itx-d5.1187872/page-9,
1187872,1732542,LeHieu0608,"Apr 28, 2026 at 5:17 PM","masterchief said:



			bác mua ram trên taobao luôn à
		
Click to expand...

Ram e mua shopee, bán đôi 32gb 6000c32 cũ đc 10m7 mua đôi Fanxiang 48gb 7200c34 11m1, nghĩ thông số cao thế chắc chip hynix rồi về mở lên xem thấy hynix thật  Chỉnh xuống 6000c28 chạy phà phà.",https://voz.vn/t/r9-7845hx-mang-len-pc-tren-main-topc-yuniki-fl1-hx-itx-d5.1187872/page-9,
